2026-08-05 00:28:50 - crawler - INFO - Запуск 10 воркеров. В очереди: 1
2026-08-05 00:28:50 - crawler - INFO - fetch_url_with_meta вызван для https://example.com
2026-08-05 00:28:50 - robots_parser - WARNING - Robots.txt для example.com не загружен (статус 404)
2026-08-05 00:28:50 - crawler - INFO - Start: https://example.com (User-Agent: AsyncCrawler/1.0)
2026-08-05 00:28:51 - crawler - INFO - Успешно загружена: https://example.com (размер: 559 байт, время: 0.36 с)
2026-08-05 00:28:51 - crawler - INFO - Сессия закрыта
2026-08-05 00:39:16 - crawler - INFO - Запуск 10 воркеров. В очереди: 1
2026-08-05 00:39:16 - crawler - INFO - fetch_url_with_meta вызван для https://example.com
2026-08-05 00:39:16 - robots_parser - WARNING - Robots.txt для example.com не загружен (статус 404)
2026-08-05 00:39:16 - crawler - INFO - Start: https://example.com (User-Agent: AsyncCrawler/1.0)
2026-08-05 00:39:16 - crawler - INFO - Успешно загружена: https://example.com (размер: 559 байт, время: 0.05 с)
2026-08-05 00:39:16 - crawler - INFO - Сессия закрыта
2026-08-05 01:09:38 - crawler - INFO - Краулер инициализирова, max_concurrent=5, Таймауты: total=20, connect=3, read=3, Пул: limit=100, per_host=30
2026-08-05 01:09:38 - crawler - INFO - Краулер инициализирова, max_concurrent=5, Таймауты: total=30, connect=3, read=3, Пул: limit=100, per_host=30
2026-08-05 01:09:38 - asyncio - ERROR - Unclosed client session
client_session: <aiohttp.client.ClientSession object at 0x7da9981abcb0>
2026-08-05 01:09:38 - crawler - INFO - Запуск 5 воркеров. В очереди: 11
2026-08-05 01:09:38 - crawler - INFO - fetch_url_with_meta вызван для https://httpbin.org/status/200
2026-08-05 01:09:38 - crawler - INFO - fetch_url_with_meta вызван для https://httpbin.org/status/404
2026-08-05 01:09:38 - crawler - INFO - fetch_url_with_meta вызван для https://httpbin.org/status/500
2026-08-05 01:09:38 - crawler - INFO - fetch_url_with_meta вызван для https://httpbin.org/status/503
2026-08-05 01:09:38 - crawler - INFO - fetch_url_with_meta вызван для https://httpbin.org/status/429
2026-08-05 01:09:39 - robots_parser - INFO - Robots.txt для httpbin.org загружен, crawl_delay=1.0
2026-08-05 01:09:39 - crawler - INFO - Start: https://httpbin.org/status/429 (User-Agent: MyCrawler/2.0)
2026-08-05 01:09:39 - robots_parser - INFO - Robots.txt для httpbin.org загружен, crawl_delay=1.0
2026-08-05 01:09:39 - robots_parser - INFO - Robots.txt для httpbin.org загружен, crawl_delay=1.0
2026-08-05 01:09:39 - retry_strategy - WARNING - Попытка 1 не удалась (429 TOO MANY REQUESTS). Повтор через 2.00 сек.
2026-08-05 01:09:39 - robots_parser - INFO - Robots.txt для httpbin.org загружен, crawl_delay=1.0
2026-08-05 01:09:40 - robots_parser - INFO - Robots.txt для httpbin.org загружен, crawl_delay=1.0
2026-08-05 01:09:40 - crawler - INFO - Start: https://httpbin.org/status/404 (User-Agent: MyCrawler/2.0)
2026-08-05 01:09:40 - crawler - ERROR - Постоянная ошибка PermanentError для https://httpbin.org/status/404 (время: 0.19 с, попыток: 1, задержка до следующей: 2.00с)
2026-08-05 01:09:40 - crawler - ERROR - Ошибка при обработке https://httpbin.org/status/404: PermanentError - 404 NOT FOUND
2026-08-05 01:09:40 - crawler - INFO - fetch_url_with_meta вызван для https://httpbin.org/get
2026-08-05 01:09:41 - crawler - INFO - Start: https://httpbin.org/status/200 (User-Agent: MyCrawler/2.0)
2026-08-05 01:09:41 - crawler - INFO - Успешно загружена: https://httpbin.org/status/200 (размер: 0 байт, время: 0.19 с)
2026-08-05 01:09:41 - crawler - INFO - fetch_url_with_meta вызван для https://httpbin.org/delay/1
2026-08-05 01:09:41 - retry_strategy - WARNING - Попытка 2 не удалась (429 TOO MANY REQUESTS). Повтор через 4.00 сек.
2026-08-05 01:09:42 - crawler - INFO - Start: https://httpbin.org/status/500 (User-Agent: MyCrawler/2.0)
2026-08-05 01:09:42 - retry_strategy - WARNING - Попытка 1 не удалась (500 INTERNAL SERVER ERROR). Повтор через 2.00 сек.
2026-08-05 01:09:43 - crawler - INFO - Start: https://httpbin.org/get (User-Agent: MyCrawler/2.0)
2026-08-05 01:09:43 - crawler - INFO - Start: https://httpbin.org/status/503 (User-Agent: MyCrawler/2.0)
2026-08-05 01:09:43 - crawler - INFO - Успешно загружена: https://httpbin.org/get (размер: 304 байт, время: 0.18 с)
2026-08-05 01:09:43 - crawler - INFO - fetch_url_with_meta вызван для https://httpbin.org/delay/2
2026-08-05 01:09:43 - retry_strategy - WARNING - Попытка 1 не удалась (503 SERVICE UNAVAILABLE). Повтор через 2.00 сек.
2026-08-05 01:09:44 - crawler - INFO - Start: https://httpbin.org/delay/1 (User-Agent: MyCrawler/2.0)
2026-08-05 01:09:44 - retry_strategy - WARNING - Попытка 2 не удалась (500 INTERNAL SERVER ERROR). Повтор через 4.00 сек.
2026-08-05 01:09:45 - crawler - INFO - Start: https://httpbin.org/delay/2 (User-Agent: MyCrawler/2.0)
2026-08-05 01:09:45 - crawler - INFO - Успешно загружена: https://httpbin.org/delay/1 (размер: 354 байт, время: 1.19 с)
2026-08-05 01:09:45 - crawler - INFO - fetch_url_with_meta вызван для https://httpbin.org/html
2026-08-05 01:09:45 - retry_strategy - WARNING - Попытка 2 не удалась (503 SERVICE UNAVAILABLE). Повтор через 4.00 сек.
2026-08-05 01:09:46 - retry_strategy - ERROR - Превышено максимальное число попыток (3) для RateLimitError: 429 TOO MANY REQUESTS
2026-08-05 01:09:46 - crawler - ERROR - Временная ошибка RateLimitError для https://httpbin.org/status/429 (время: 6.66 с, попыток: 4, задержка до следующей: 0.00с)
2026-08-05 01:09:46 - crawler - ERROR - Ошибка при обработке https://httpbin.org/status/429: RateLimitError - 429 TOO MANY REQUESTS
2026-08-05 01:09:46 - crawler - INFO - fetch_url_with_meta вызван для https://httpbin.org/forms/post
2026-08-05 01:09:46 - crawler - INFO - Start: https://httpbin.org/html (User-Agent: MyCrawler/2.0)
2026-08-05 01:09:46 - crawler - INFO - Успешно загружена: https://httpbin.org/html (размер: 3739 байт, время: 0.18 с)
2026-08-05 01:09:46 - crawler - INFO - fetch_url_with_meta вызван для https://httpbin.org/bytes/1024
2026-08-05 01:09:47 - crawler - INFO - Start: https://httpbin.org/forms/post (User-Agent: MyCrawler/2.0)
2026-08-05 01:09:47 - crawler - INFO - Успешно загружена: https://httpbin.org/forms/post (размер: 1397 байт, время: 0.19 с)
2026-08-05 01:09:47 - crawler - INFO - Успешно загружена: https://httpbin.org/delay/2 (размер: 354 байт, время: 2.41 с)
2026-08-05 01:09:48 - crawler - INFO - Start: https://httpbin.org/bytes/1024 (User-Agent: MyCrawler/2.0)
2026-08-05 01:09:48 - crawler - ERROR - Неизвестная ошибка для https://httpbin.org/bytes/1024: UnicodeDecodeError - 'utf-8' codec can't decode byte 0x88 in position 0: invalid start byte (время: 0.17 с, попыток: 1, задержка до следующей: 2.00с)
2026-08-05 01:09:48 - crawler - ERROR - Ошибка при обработке https://httpbin.org/bytes/1024: UnicodeDecodeError - 'utf-8' codec can't decode byte 0x88 in position 0: invalid start byte
2026-08-05 01:09:49 - retry_strategy - ERROR - Превышено максимальное число попыток (3) для TransientError: 500 INTERNAL SERVER ERROR
2026-08-05 01:09:49 - crawler - ERROR - Временная ошибка TransientError для https://httpbin.org/status/500 (время: 6.67 с, попыток: 3, задержка до следующей: 0.00с)
2026-08-05 01:09:49 - crawler - ERROR - Ошибка при обработке https://httpbin.org/status/500: TransientError - 500 INTERNAL SERVER ERROR
2026-08-05 01:09:51 - retry_strategy - ERROR - Превышено максимальное число попыток (3) для TransientError: 503 SERVICE UNAVAILABLE
2026-08-05 01:09:51 - crawler - ERROR - Временная ошибка TransientError для https://httpbin.org/status/503 (время: 8.11 с, попыток: 5, задержка до следующей: 0.00с)
2026-08-05 01:09:51 - crawler - ERROR - Ошибка при обработке https://httpbin.org/status/503: TransientError - 503 SERVICE UNAVAILABLE
2026-08-05 01:09:51 - crawler - INFO - Сессия закрыта
2026-08-05 01:12:11 - crawler - INFO - Краулер инициализирова, max_concurrent=5, Таймауты: total=20, connect=3, read=3, Пул: limit=100, per_host=30
2026-08-05 01:12:11 - crawler - INFO - Краулер инициализирова, max_concurrent=5, Таймауты: total=30, connect=3, read=3, Пул: limit=100, per_host=30
2026-08-05 01:12:11 - asyncio - ERROR - Unclosed client session
client_session: <aiohttp.client.ClientSession object at 0x792be419ba10>
2026-08-05 01:12:11 - crawler - INFO - Запуск 5 воркеров. В очереди: 11
2026-08-05 01:12:11 - crawler - INFO - fetch_url_with_meta вызван для https://httpbin.org/status/200
2026-08-05 01:12:11 - crawler - INFO - fetch_url_with_meta вызван для https://httpbin.org/status/404
2026-08-05 01:12:11 - crawler - INFO - fetch_url_with_meta вызван для https://httpbin.org/status/500
2026-08-05 01:12:11 - crawler - INFO - fetch_url_with_meta вызван для https://httpbin.org/status/503
2026-08-05 01:12:11 - crawler - INFO - fetch_url_with_meta вызван для https://httpbin.org/status/429
2026-08-05 01:12:12 - robots_parser - INFO - Robots.txt для httpbin.org загружен, crawl_delay=1.0
2026-08-05 01:12:12 - crawler - INFO - Start: https://httpbin.org/status/503 (User-Agent: MyCrawler/2.0)
2026-08-05 01:12:12 - retry_strategy - WARNING - Попытка 1 не удалась (503 SERVICE UNAVAILABLE). Повтор через 2.00 сек.
2026-08-05 01:12:13 - robots_parser - INFO - Robots.txt для httpbin.org загружен, crawl_delay=1.0
2026-08-05 01:12:13 - crawler - INFO - Start: https://httpbin.org/status/429 (User-Agent: MyCrawler/2.0)
2026-08-05 01:12:13 - retry_strategy - WARNING - Попытка 1 не удалась (429 TOO MANY REQUESTS). Повтор через 2.00 сек.
2026-08-05 01:12:13 - robots_parser - INFO - Robots.txt для httpbin.org загружен, crawl_delay=1.0
2026-08-05 01:12:14 - robots_parser - INFO - Robots.txt для httpbin.org загружен, crawl_delay=1.0
2026-08-05 01:12:14 - robots_parser - INFO - Robots.txt для httpbin.org загружен, crawl_delay=1.0
2026-08-05 01:12:14 - retry_strategy - WARNING - Попытка 2 не удалась (503 SERVICE UNAVAILABLE). Повтор через 4.00 сек.
2026-08-05 01:12:14 - crawler - INFO - Start: https://httpbin.org/status/500 (User-Agent: MyCrawler/2.0)
2026-08-05 01:12:14 - retry_strategy - WARNING - Попытка 1 не удалась (500 INTERNAL SERVER ERROR). Повтор через 2.00 сек.
2026-08-05 01:12:15 - crawler - INFO - Start: https://httpbin.org/status/404 (User-Agent: MyCrawler/2.0)
2026-08-05 01:12:15 - crawler - INFO - Start: https://httpbin.org/status/200 (User-Agent: MyCrawler/2.0)
2026-08-05 01:12:15 - crawler - ERROR - Постоянная ошибка PermanentError для https://httpbin.org/status/404 (время: 0.24 с, попыток: 2, задержка до следующей: 2.00с)
2026-08-05 01:12:15 - crawler - ERROR - Ошибка при обработке https://httpbin.org/status/404: PermanentError - 404 NOT FOUND
2026-08-05 01:12:16 - crawler - INFO - fetch_url_with_meta вызван для https://httpbin.org/get
2026-08-05 01:12:16 - crawler - INFO - Start: https://httpbin.org/get (User-Agent: MyCrawler/2.0)
2026-08-05 01:12:16 - crawler - INFO - Успешно загружена: https://httpbin.org/status/200 (размер: 0 байт, время: 1.04 с)
2026-08-05 01:12:16 - crawler - INFO - fetch_url_with_meta вызван для https://httpbin.org/delay/1
2026-08-05 01:12:16 - retry_strategy - WARNING - Попытка 2 не удалась (429 TOO MANY REQUESTS). Повтор через 4.00 сек.
2026-08-05 01:12:16 - crawler - INFO - Успешно загружена: https://httpbin.org/get (размер: 304 байт, время: 0.19 с)
2026-08-05 01:12:16 - crawler - INFO - fetch_url_with_meta вызван для https://httpbin.org/delay/2
2026-08-05 01:12:17 - retry_strategy - WARNING - Попытка 2 не удалась (500 INTERNAL SERVER ERROR). Повтор через 4.00 сек.
2026-08-05 01:12:17 - crawler - INFO - Start: https://httpbin.org/delay/1 (User-Agent: MyCrawler/2.0)
2026-08-05 01:12:18 - crawler - INFO - Start: https://httpbin.org/delay/2 (User-Agent: MyCrawler/2.0)
2026-08-05 01:12:18 - crawler - INFO - Успешно загружена: https://httpbin.org/delay/1 (размер: 354 байт, время: 1.17 с)
2026-08-05 01:12:18 - crawler - INFO - fetch_url_with_meta вызван для https://httpbin.org/html
2026-08-05 01:12:19 - retry_strategy - ERROR - Превышено максимальное число попыток (3) для TransientError: 503 SERVICE UNAVAILABLE
2026-08-05 01:12:19 - crawler - ERROR - Временная ошибка TransientError для https://httpbin.org/status/503 (время: 6.75 с, попыток: 2, задержка до следующей: 0.00с)
2026-08-05 01:12:19 - crawler - ERROR - Ошибка при обработке https://httpbin.org/status/503: TransientError - 503 SERVICE UNAVAILABLE
2026-08-05 01:12:19 - crawler - INFO - fetch_url_with_meta вызван для https://httpbin.org/forms/post
2026-08-05 01:12:19 - crawler - INFO - Start: https://httpbin.org/html (User-Agent: MyCrawler/2.0)
2026-08-05 01:12:19 - crawler - INFO - Успешно загружена: https://httpbin.org/html (размер: 3739 байт, время: 0.22 с)
2026-08-05 01:12:19 - crawler - INFO - fetch_url_with_meta вызван для https://httpbin.org/bytes/1024
2026-08-05 01:12:20 - crawler - INFO - Start: https://httpbin.org/forms/post (User-Agent: MyCrawler/2.0)
2026-08-05 01:12:20 - crawler - INFO - Успешно загружена: https://httpbin.org/delay/2 (размер: 354 байт, время: 2.18 с)
2026-08-05 01:12:20 - crawler - INFO - Успешно загружена: https://httpbin.org/forms/post (размер: 1397 байт, время: 0.18 с)
2026-08-05 01:12:21 - retry_strategy - ERROR - Превышено максимальное число попыток (3) для RateLimitError: 429 TOO MANY REQUESTS
2026-08-05 01:12:21 - crawler - ERROR - Временная ошибка RateLimitError для https://httpbin.org/status/429 (время: 7.43 с, попыток: 3, задержка до следующей: 0.00с)
2026-08-05 01:12:21 - crawler - ERROR - Ошибка при обработке https://httpbin.org/status/429: RateLimitError - 429 TOO MANY REQUESTS
2026-08-05 01:12:21 - crawler - INFO - Start: https://httpbin.org/bytes/1024 (User-Agent: MyCrawler/2.0)
2026-08-05 01:12:21 - crawler - ERROR - Неизвестная ошибка для https://httpbin.org/bytes/1024: UnicodeDecodeError - 'utf-8' codec can't decode byte 0xf3 in position 0: invalid continuation byte (время: 0.18 с, попыток: 1, задержка до следующей: 2.00с)
2026-08-05 01:12:21 - crawler - ERROR - Ошибка при обработке https://httpbin.org/bytes/1024: UnicodeDecodeError - 'utf-8' codec can't decode byte 0xf3 in position 0: invalid continuation byte
2026-08-05 01:12:23 - retry_strategy - ERROR - Превышено максимальное число попыток (3) для TransientError: 500 INTERNAL SERVER ERROR
2026-08-05 01:12:23 - crawler - ERROR - Временная ошибка TransientError для https://httpbin.org/status/500 (время: 8.40 с, попыток: 1, задержка до следующей: 0.00с)
2026-08-05 01:12:23 - crawler - ERROR - Ошибка при обработке https://httpbin.org/status/500: TransientError - 500 INTERNAL SERVER ERROR
2026-08-05 01:12:23 - crawler - INFO - Сессия закрыта
2026-08-05 01:15:39 - crawler - INFO - Краулер инициализирова, max_concurrent=5, Таймауты: total=20, connect=3, read=3, Пул: limit=100, per_host=30
2026-08-05 01:15:39 - crawler - INFO - Краулер инициализирова, max_concurrent=5, Таймауты: total=30, connect=3, read=3, Пул: limit=100, per_host=30
2026-08-05 01:15:39 - asyncio - ERROR - Unclosed client session
client_session: <aiohttp.client.ClientSession object at 0x71df1df27cb0>
2026-08-05 01:15:39 - crawler - INFO - Запуск 5 воркеров. В очереди: 11
2026-08-05 01:15:39 - crawler - INFO - fetch_url_with_meta вызван для https://httpbin.org/status/200
2026-08-05 01:15:39 - crawler - INFO - fetch_url_with_meta вызван для https://httpbin.org/status/404
2026-08-05 01:15:39 - crawler - INFO - fetch_url_with_meta вызван для https://httpbin.org/status/500
2026-08-05 01:15:39 - crawler - INFO - fetch_url_with_meta вызван для https://httpbin.org/status/503
2026-08-05 01:15:39 - crawler - INFO - fetch_url_with_meta вызван для https://httpbin.org/status/429
2026-08-05 01:15:40 - robots_parser - INFO - Robots.txt для httpbin.org загружен, crawl_delay=1.0
2026-08-05 01:15:40 - crawler - INFO - Start: https://httpbin.org/status/429 (User-Agent: MyCrawler/2.0)
2026-08-05 01:15:40 - robots_parser - INFO - Robots.txt для httpbin.org загружен, crawl_delay=1.0
2026-08-05 01:15:40 - robots_parser - INFO - Robots.txt для httpbin.org загружен, crawl_delay=1.0
2026-08-05 01:15:40 - retry_strategy - WARNING - Попытка 1 не удалась (429 TOO MANY REQUESTS). Повтор через 2.00 сек.
2026-08-05 01:15:40 - robots_parser - INFO - Robots.txt для httpbin.org загружен, crawl_delay=1.0
2026-08-05 01:15:40 - robots_parser - INFO - Robots.txt для httpbin.org загружен, crawl_delay=1.0
2026-08-05 01:15:41 - crawler - INFO - Start: https://httpbin.org/status/500 (User-Agent: MyCrawler/2.0)
2026-08-05 01:15:41 - retry_strategy - WARNING - Попытка 1 не удалась (500 INTERNAL SERVER ERROR). Повтор через 2.00 сек.
2026-08-05 01:15:42 - crawler - INFO - Start: https://httpbin.org/status/404 (User-Agent: MyCrawler/2.0)
2026-08-05 01:15:42 - crawler - INFO - Start: https://httpbin.org/status/503 (User-Agent: MyCrawler/2.0)
2026-08-05 01:15:42 - retry_strategy - WARNING - Попытка 1 не удалась (503 SERVICE UNAVAILABLE). Повтор через 2.00 сек.
2026-08-05 01:15:42 - retry_strategy - WARNING - Попытка 2 не удалась (429 TOO MANY REQUESTS). Повтор через 4.00 сек.
2026-08-05 01:15:42 - crawler - ERROR - Постоянная ошибка PermanentError для https://httpbin.org/status/404 (время: 0.43 с, попыток: 2, задержка до следующей: 2.00с)
2026-08-05 01:15:42 - crawler - ERROR - Ошибка при обработке https://httpbin.org/status/404: PermanentError - 404 NOT FOUND
2026-08-05 01:15:42 - crawler - INFO - fetch_url_with_meta вызван для https://httpbin.org/get
2026-08-05 01:15:43 - crawler - INFO - Start: https://httpbin.org/status/200 (User-Agent: MyCrawler/2.0)
2026-08-05 01:15:43 - crawler - INFO - Успешно загружена: https://httpbin.org/status/200 (размер: 0 байт, время: 0.21 с)
2026-08-05 01:15:43 - crawler - INFO - fetch_url_with_meta вызван для https://httpbin.org/delay/1
2026-08-05 01:15:44 - retry_strategy - WARNING - Попытка 2 не удалась (500 INTERNAL SERVER ERROR). Повтор через 4.00 сек.
2026-08-05 01:15:44 - crawler - INFO - Start: https://httpbin.org/get (User-Agent: MyCrawler/2.0)
2026-08-05 01:15:44 - crawler - INFO - Успешно загружена: https://httpbin.org/get (размер: 304 байт, время: 0.19 с)
2026-08-05 01:15:44 - crawler - INFO - fetch_url_with_meta вызван для https://httpbin.org/delay/2
2026-08-05 01:15:45 - retry_strategy - WARNING - Попытка 2 не удалась (503 SERVICE UNAVAILABLE). Повтор через 4.00 сек.
2026-08-05 01:15:45 - crawler - INFO - Start: https://httpbin.org/delay/2 (User-Agent: MyCrawler/2.0)
2026-08-05 01:15:45 - crawler - INFO - Start: https://httpbin.org/delay/1 (User-Agent: MyCrawler/2.0)
2026-08-05 01:15:46 - crawler - INFO - Успешно загружена: https://httpbin.org/delay/1 (размер: 354 байт, время: 1.28 с)
2026-08-05 01:15:46 - crawler - INFO - fetch_url_with_meta вызван для https://httpbin.org/html
2026-08-05 01:15:46 - crawler - INFO - Start: https://httpbin.org/html (User-Agent: MyCrawler/2.0)
2026-08-05 01:15:46 - crawler - INFO - Успешно загружена: https://httpbin.org/html (размер: 3739 байт, время: 0.17 с)
2026-08-05 01:15:46 - crawler - INFO - fetch_url_with_meta вызван для https://httpbin.org/forms/post
2026-08-05 01:15:47 - retry_strategy - ERROR - Превышено максимальное число попыток (3) для RateLimitError: 429 TOO MANY REQUESTS
2026-08-05 01:15:47 - crawler - ERROR - Временная ошибка RateLimitError для https://httpbin.org/status/429 (время: 6.72 с, попыток: 3, задержка до следующей: 0.00с)
2026-08-05 01:15:47 - crawler - ERROR - Ошибка при обработке https://httpbin.org/status/429: RateLimitError - 429 TOO MANY REQUESTS
2026-08-05 01:15:47 - crawler - INFO - fetch_url_with_meta вызван для https://httpbin.org/bytes/1024
2026-08-05 01:15:47 - crawler - INFO - Start: https://httpbin.org/forms/post (User-Agent: MyCrawler/2.0)
2026-08-05 01:15:47 - crawler - INFO - Успешно загружена: https://httpbin.org/delay/2 (размер: 354 байт, время: 2.33 с)
2026-08-05 01:15:47 - crawler - INFO - Успешно загружена: https://httpbin.org/forms/post (размер: 1397 байт, время: 0.22 с)
2026-08-05 01:15:48 - crawler - INFO - Start: https://httpbin.org/bytes/1024 (User-Agent: MyCrawler/2.0)
2026-08-05 01:15:48 - crawler - ERROR - Неизвестная ошибка для https://httpbin.org/bytes/1024: UnicodeDecodeError - 'utf-8' codec can't decode byte 0xfa in position 6: invalid start byte (время: 0.25 с, попыток: 2, задержка до следующей: 2.00с)
2026-08-05 01:15:48 - crawler - ERROR - Ошибка при обработке https://httpbin.org/bytes/1024: UnicodeDecodeError - 'utf-8' codec can't decode byte 0xfa in position 6: invalid start byte
2026-08-05 01:15:48 - retry_strategy - ERROR - Превышено максимальное число попыток (3) для TransientError: 500 INTERNAL SERVER ERROR
2026-08-05 01:15:48 - crawler - ERROR - Временная ошибка TransientError для https://httpbin.org/status/500 (время: 7.55 с, попыток: 2, задержка до следующей: 0.00с)
2026-08-05 01:15:48 - crawler - ERROR - Ошибка при обработке https://httpbin.org/status/500: TransientError - 500 INTERNAL SERVER ERROR
2026-08-05 01:15:49 - retry_strategy - ERROR - Превышено максимальное число попыток (3) для TransientError: 503 SERVICE UNAVAILABLE
2026-08-05 01:15:49 - crawler - ERROR - Временная ошибка TransientError для https://httpbin.org/status/503 (время: 7.47 с, попыток: 4, задержка до следующей: 0.00с)
2026-08-05 01:15:49 - crawler - ERROR - Ошибка при обработке https://httpbin.org/status/503: TransientError - 503 SERVICE UNAVAILABLE
2026-08-05 01:15:49 - crawler - INFO - Сессия закрыта
2026-08-05 01:20:55 - crawler - INFO - Краулер инициализирова, max_concurrent=5, Таймауты: total=20, connect=3, read=3, Пул: limit=100, per_host=30
2026-08-05 01:20:55 - crawler - INFO - Краулер инициализирова, max_concurrent=5, Таймауты: total=30, connect=3, read=3, Пул: limit=100, per_host=30
2026-08-05 01:20:55 - asyncio - ERROR - Unclosed client session
client_session: <aiohttp.client.ClientSession object at 0x78c9c8457cb0>
2026-08-05 01:20:55 - crawler - INFO - Запуск 5 воркеров. В очереди: 200
2026-08-05 01:20:55 - crawler - INFO - fetch_url_with_meta вызван для https://httpbin.org/status/200?seq=0
2026-08-05 01:20:55 - crawler - INFO - fetch_url_with_meta вызван для https://httpbin.org/status/404?seq=1
2026-08-05 01:20:55 - crawler - INFO - fetch_url_with_meta вызван для https://httpbin.org/status/500?seq=2
2026-08-05 01:20:55 - crawler - INFO - fetch_url_with_meta вызван для https://httpbin.org/status/503?seq=3
2026-08-05 01:20:55 - crawler - INFO - fetch_url_with_meta вызван для https://httpbin.org/status/429?seq=4
2026-08-05 01:20:56 - robots_parser - INFO - Robots.txt для httpbin.org загружен, crawl_delay=1.0
2026-08-05 01:20:56 - crawler - INFO - Start: https://httpbin.org/status/429?seq=4 (User-Agent: MyCrawler/2.0)
2026-08-05 01:20:56 - robots_parser - INFO - Robots.txt для httpbin.org загружен, crawl_delay=1.0
2026-08-05 01:20:56 - robots_parser - INFO - Robots.txt для httpbin.org загружен, crawl_delay=1.0
2026-08-05 01:20:56 - robots_parser - INFO - Robots.txt для httpbin.org загружен, crawl_delay=1.0
2026-08-05 01:20:56 - retry_strategy - WARNING - Попытка 1 не удалась (429 TOO MANY REQUESTS). Повтор через 2.00 сек.
2026-08-05 01:20:57 - crawler - INFO - Start: https://httpbin.org/status/200?seq=0 (User-Agent: MyCrawler/2.0)
2026-08-05 01:20:57 - robots_parser - INFO - Robots.txt для httpbin.org загружен, crawl_delay=1.0
2026-08-05 01:20:58 - crawler - INFO - Успешно загружена: https://httpbin.org/status/200?seq=0 (размер: 0 байт, время: 0.53 с)
2026-08-05 01:20:58 - crawler - INFO - fetch_url_with_meta вызван для https://httpbin.org/get?seq=5
2026-08-05 01:20:58 - crawler - INFO - Start: https://httpbin.org/status/500?seq=2 (User-Agent: MyCrawler/2.0)
2026-08-05 01:20:58 - crawler - INFO - Start: https://httpbin.org/status/404?seq=1 (User-Agent: MyCrawler/2.0)
2026-08-05 01:20:58 - crawler - ERROR - Постоянная ошибка PermanentError для https://httpbin.org/status/404?seq=1 (время: 0.21 с, попыток: 2, задержка до следующей: 2.00с)
2026-08-05 01:20:58 - crawler - ERROR - Ошибка при обработке https://httpbin.org/status/404?seq=1: PermanentError - 404 NOT FOUND
2026-08-05 01:20:58 - crawler - INFO - fetch_url_with_meta вызван для https://httpbin.org/delay/1?seq=6
2026-08-05 01:20:58 - retry_strategy - WARNING - Попытка 2 не удалась (429 TOO MANY REQUESTS). Повтор через 4.00 сек.
2026-08-05 01:20:59 - retry_strategy - WARNING - Попытка 1 не удалась (500 INTERNAL SERVER ERROR). Повтор через 2.00 сек.
2026-08-05 01:20:59 - crawler - INFO - Start: https://httpbin.org/status/503?seq=3 (User-Agent: MyCrawler/2.0)
2026-08-05 01:20:59 - retry_strategy - WARNING - Попытка 1 не удалась (503 SERVICE UNAVAILABLE). Повтор через 2.00 сек.
2026-08-05 01:21:00 - crawler - INFO - Start: https://httpbin.org/get?seq=5 (User-Agent: MyCrawler/2.0)
2026-08-05 01:21:00 - crawler - INFO - Успешно загружена: https://httpbin.org/get?seq=5 (размер: 328 байт, время: 0.16 с)
2026-08-05 01:21:00 - crawler - INFO - fetch_url_with_meta вызван для https://httpbin.org/delay/2?seq=7
2026-08-05 01:21:01 - retry_strategy - WARNING - Попытка 2 не удалась (500 INTERNAL SERVER ERROR). Повтор через 4.00 сек.
2026-08-05 01:21:01 - crawler - INFO - Start: https://httpbin.org/delay/1?seq=6 (User-Agent: MyCrawler/2.0)
2026-08-05 01:21:02 - retry_strategy - WARNING - Попытка 2 не удалась (503 SERVICE UNAVAILABLE). Повтор через 4.00 сек.
2026-08-05 01:21:02 - crawler - INFO - Start: https://httpbin.org/delay/2?seq=7 (User-Agent: MyCrawler/2.0)
2026-08-05 01:21:02 - crawler - INFO - Успешно загружена: https://httpbin.org/delay/1?seq=6 (размер: 378 байт, время: 1.17 с)
2026-08-05 01:21:02 - crawler - INFO - fetch_url_with_meta вызван для https://httpbin.org/html?seq=8
2026-08-05 01:21:03 - retry_strategy - ERROR - Превышено максимальное число попыток (3) для RateLimitError: 429 TOO MANY REQUESTS
2026-08-05 01:21:03 - crawler - ERROR - Временная ошибка RateLimitError для https://httpbin.org/status/429?seq=4 (время: 6.72 с, попыток: 3, задержка до следующей: 0.00с)
2026-08-05 01:21:03 - crawler - ERROR - Ошибка при обработке https://httpbin.org/status/429?seq=4: RateLimitError - 429 TOO MANY REQUESTS
2026-08-05 01:21:03 - crawler - INFO - fetch_url_with_meta вызван для https://httpbin.org/forms/post?seq=9
2026-08-05 01:21:03 - crawler - INFO - Start: https://httpbin.org/html?seq=8 (User-Agent: MyCrawler/2.0)
2026-08-05 01:21:04 - crawler - INFO - Start: https://httpbin.org/forms/post?seq=9 (User-Agent: MyCrawler/2.0)
2026-08-05 01:21:04 - crawler - INFO - Успешно загружена: https://httpbin.org/delay/2?seq=7 (размер: 378 байт, время: 2.21 с)
2026-08-05 01:21:04 - crawler - INFO - fetch_url_with_meta вызван для https://httpbin.org/bytes/1024?seq=10
2026-08-05 01:21:04 - crawler - INFO - Успешно загружена: https://httpbin.org/forms/post?seq=9 (размер: 1397 байт, время: 0.21 с)
2026-08-05 01:21:04 - crawler - INFO - fetch_url_with_meta вызван для https://httpbin.org/status/200?seq=11
2026-08-05 01:21:05 - crawler - INFO - Успешно загружена: https://httpbin.org/html?seq=8 (размер: 3739 байт, время: 1.56 с)
2026-08-05 01:21:05 - crawler - INFO - fetch_url_with_meta вызван для https://httpbin.org/status/404?seq=12
2026-08-05 01:21:05 - crawler - INFO - Start: https://httpbin.org/status/200?seq=11 (User-Agent: MyCrawler/2.0)
2026-08-05 01:21:05 - crawler - INFO - Start: https://httpbin.org/bytes/1024?seq=10 (User-Agent: MyCrawler/2.0)
2026-08-05 01:21:05 - retry_strategy - ERROR - Превышено максимальное число попыток (3) для TransientError: 500 INTERNAL SERVER ERROR
2026-08-05 01:21:05 - crawler - ERROR - Временная ошибка TransientError для https://httpbin.org/status/500?seq=2 (время: 7.03 с, попыток: 1, задержка до следующей: 0.00с)
2026-08-05 01:21:05 - crawler - ERROR - Ошибка при обработке https://httpbin.org/status/500?seq=2: TransientError - 500 INTERNAL SERVER ERROR
2026-08-05 01:21:05 - crawler - INFO - fetch_url_with_meta вызван для https://httpbin.org/status/500?seq=13
2026-08-05 01:21:05 - crawler - INFO - Успешно загружена: https://httpbin.org/status/200?seq=11 (размер: 0 байт, время: 0.18 с)
2026-08-05 01:21:05 - crawler - INFO - fetch_url_with_meta вызван для https://httpbin.org/status/503?seq=14
2026-08-05 01:21:05 - crawler - ERROR - Неизвестная ошибка для https://httpbin.org/bytes/1024?seq=10: UnicodeDecodeError - 'utf-8' codec can't decode byte 0xb5 in position 2: invalid start byte (время: 0.28 с, попыток: 1, задержка до следующей: 2.00с)
2026-08-05 01:21:05 - crawler - ERROR - Ошибка при обработке https://httpbin.org/bytes/1024?seq=10: UnicodeDecodeError - 'utf-8' codec can't decode byte 0xb5 in position 2: invalid start byte
2026-08-05 01:21:05 - crawler - INFO - fetch_url_with_meta вызван для https://httpbin.org/status/429?seq=15
2026-08-05 01:21:06 - retry_strategy - ERROR - Превышено максимальное число попыток (3) для TransientError: 503 SERVICE UNAVAILABLE
2026-08-05 01:21:06 - crawler - ERROR - Временная ошибка TransientError для https://httpbin.org/status/503?seq=3 (время: 6.92 с, попыток: 3, задержка до следующей: 0.00с)
2026-08-05 01:21:06 - crawler - ERROR - Ошибка при обработке https://httpbin.org/status/503?seq=3: TransientError - 503 SERVICE UNAVAILABLE
2026-08-05 01:21:06 - crawler - INFO - fetch_url_with_meta вызван для https://httpbin.org/get?seq=16
2026-08-05 01:21:06 - crawler - INFO - Start: https://httpbin.org/status/404?seq=12 (User-Agent: MyCrawler/2.0)
2026-08-05 01:21:06 - crawler - ERROR - Постоянная ошибка PermanentError для https://httpbin.org/status/404?seq=12 (время: 0.36 с, попыток: 1, задержка до следующей: 2.00с)
2026-08-05 01:21:06 - crawler - ERROR - Ошибка при обработке https://httpbin.org/status/404?seq=12: PermanentError - 404 NOT FOUND
2026-08-05 01:21:06 - crawler - INFO - fetch_url_with_meta вызван для https://httpbin.org/delay/1?seq=17
2026-08-05 01:21:07 - crawler - INFO - Start: https://httpbin.org/status/500?seq=13 (User-Agent: MyCrawler/2.0)
2026-08-05 01:21:07 - retry_strategy - WARNING - Попытка 1 не удалась (500 INTERNAL SERVER ERROR). Повтор через 2.00 сек.
2026-08-05 01:21:10 - retry_strategy - WARNING - Попытка 2 не удалась (500 INTERNAL SERVER ERROR). Повтор через 4.00 сек.
2026-08-05 01:21:12 - crawler - INFO - Start: https://httpbin.org/status/503?seq=14 (User-Agent: MyCrawler/2.0)
2026-08-05 01:21:14 - retry_strategy - ERROR - Превышено максимальное число попыток (3) для TransientError: 500 INTERNAL SERVER ERROR
2026-08-05 01:21:14 - crawler - ERROR - Временная ошибка TransientError для https://httpbin.org/status/500?seq=13 (время: 6.97 с, попыток: 3, задержка до следующей: 0.00с)
2026-08-05 01:21:14 - circuit_breaker - WARNING - Circuit breaker перешёл в OPEN для домена (ошибок: 5)
2026-08-05 01:21:14 - crawler - ERROR - Ошибка при обработке https://httpbin.org/status/500?seq=13: TransientError - 500 INTERNAL SERVER ERROR
2026-08-05 01:21:14 - crawler - INFO - fetch_url_with_meta вызван для https://httpbin.org/delay/2?seq=18
2026-08-05 01:21:14 - crawler - WARNING - Домен httpbin.org временно заблокирован Circuit Breaker
2026-08-05 01:21:14 - crawler - ERROR - Ошибка при обработке https://httpbin.org/delay/2?seq=18: CircuitBreakerOpenError - Домен httpbin.org заблокирован
2026-08-05 01:21:14 - crawler - INFO - fetch_url_with_meta вызван для https://httpbin.org/html?seq=19
2026-08-05 01:21:14 - crawler - WARNING - Домен httpbin.org временно заблокирован Circuit Breaker
2026-08-05 01:21:14 - crawler - ERROR - Ошибка при обработке https://httpbin.org/html?seq=19: CircuitBreakerOpenError - Домен httpbin.org заблокирован
2026-08-05 01:21:14 - crawler - INFO - fetch_url_with_meta вызван для https://httpbin.org/forms/post?seq=20
2026-08-05 01:21:14 - crawler - WARNING - Домен httpbin.org временно заблокирован Circuit Breaker
2026-08-05 01:21:14 - crawler - ERROR - Ошибка при обработке https://httpbin.org/forms/post?seq=20: CircuitBreakerOpenError - Домен httpbin.org заблокирован
2026-08-05 01:21:14 - crawler - INFO - fetch_url_with_meta вызван для https://httpbin.org/bytes/1024?seq=21
2026-08-05 01:21:14 - crawler - WARNING - Домен httpbin.org временно заблокирован Circuit Breaker
2026-08-05 01:21:14 - crawler - ERROR - Ошибка при обработке https://httpbin.org/bytes/1024?seq=21: CircuitBreakerOpenError - Домен httpbin.org заблокирован
2026-08-05 01:21:14 - crawler - INFO - fetch_url_with_meta вызван для https://httpbin.org/status/200?seq=22
2026-08-05 01:21:14 - crawler - WARNING - Домен httpbin.org временно заблокирован Circuit Breaker
2026-08-05 01:21:14 - crawler - ERROR - Ошибка при обработке https://httpbin.org/status/200?seq=22: CircuitBreakerOpenError - Домен httpbin.org заблокирован
2026-08-05 01:21:14 - crawler - INFO - fetch_url_with_meta вызван для https://httpbin.org/status/404?seq=23
2026-08-05 01:21:14 - crawler - WARNING - Домен httpbin.org временно заблокирован Circuit Breaker
2026-08-05 01:21:14 - crawler - ERROR - Ошибка при обработке https://httpbin.org/status/404?seq=23: CircuitBreakerOpenError - Домен httpbin.org заблокирован
2026-08-05 01:21:14 - crawler - INFO - fetch_url_with_meta вызван для https://httpbin.org/status/500?seq=24
2026-08-05 01:21:14 - crawler - WARNING - Домен httpbin.org временно заблокирован Circuit Breaker
2026-08-05 01:21:14 - crawler - ERROR - Ошибка при обработке https://httpbin.org/status/500?seq=24: CircuitBreakerOpenError - Домен httpbin.org заблокирован
2026-08-05 01:21:14 - crawler - INFO - fetch_url_with_meta вызван для https://httpbin.org/status/503?seq=25
2026-08-05 01:21:14 - crawler - WARNING - Домен httpbin.org временно заблокирован Circuit Breaker
2026-08-05 01:21:14 - crawler - ERROR - Ошибка при обработке https://httpbin.org/status/503?seq=25: CircuitBreakerOpenError - Домен httpbin.org заблокирован
2026-08-05 01:21:14 - crawler - INFO - fetch_url_with_meta вызван для https://httpbin.org/status/429?seq=26
2026-08-05 01:21:14 - crawler - WARNING - Домен httpbin.org временно заблокирован Circuit Breaker
2026-08-05 01:21:14 - crawler - ERROR - Ошибка при обработке https://httpbin.org/status/429?seq=26: CircuitBreakerOpenError - Домен httpbin.org заблокирован
2026-08-05 01:21:14 - crawler - INFO - fetch_url_with_meta вызван для https://httpbin.org/get?seq=27
2026-08-05 01:21:14 - crawler - WARNING - Домен httpbin.org временно заблокирован Circuit Breaker
2026-08-05 01:21:14 - crawler - ERROR - Ошибка при обработке https://httpbin.org/get?seq=27: CircuitBreakerOpenError - Домен httpbin.org заблокирован
2026-08-05 01:21:14 - crawler - INFO - fetch_url_with_meta вызван для https://httpbin.org/delay/1?seq=28
2026-08-05 01:21:14 - crawler - WARNING - Домен httpbin.org временно заблокирован Circuit Breaker
2026-08-05 01:21:14 - crawler - ERROR - Ошибка при обработке https://httpbin.org/delay/1?seq=28: CircuitBreakerOpenError - Домен httpbin.org заблокирован
2026-08-05 01:21:14 - crawler - INFO - fetch_url_with_meta вызван для https://httpbin.org/delay/2?seq=29
2026-08-05 01:21:14 - crawler - WARNING - Домен httpbin.org временно заблокирован Circuit Breaker
2026-08-05 01:21:14 - crawler - ERROR - Ошибка при обработке https://httpbin.org/delay/2?seq=29: CircuitBreakerOpenError - Домен httpbin.org заблокирован
2026-08-05 01:21:14 - crawler - INFO - fetch_url_with_meta вызван для https://httpbin.org/html?seq=30
2026-08-05 01:21:14 - crawler - WARNING - Домен httpbin.org временно заблокирован Circuit Breaker
2026-08-05 01:21:14 - crawler - ERROR - Ошибка при обработке https://httpbin.org/html?seq=30: CircuitBreakerOpenError - Домен httpbin.org заблокирован
2026-08-05 01:21:14 - crawler - INFO - fetch_url_with_meta вызван для https://httpbin.org/forms/post?seq=31
2026-08-05 01:21:14 - crawler - WARNING - Домен httpbin.org временно заблокирован Circuit Breaker
2026-08-05 01:21:14 - crawler - ERROR - Ошибка при обработке https://httpbin.org/forms/post?seq=31: CircuitBreakerOpenError - Домен httpbin.org заблокирован
2026-08-05 01:21:14 - crawler - INFO - fetch_url_with_meta вызван для https://httpbin.org/bytes/1024?seq=32
2026-08-05 01:21:14 - crawler - WARNING - Домен httpbin.org временно заблокирован Circuit Breaker
2026-08-05 01:21:14 - crawler - ERROR - Ошибка при обработке https://httpbin.org/bytes/1024?seq=32: CircuitBreakerOpenError - Домен httpbin.org заблокирован
2026-08-05 01:21:14 - crawler - INFO - fetch_url_with_meta вызван для https://httpbin.org/status/200?seq=33
2026-08-05 01:21:14 - crawler - WARNING - Домен httpbin.org временно заблокирован Circuit Breaker
2026-08-05 01:21:14 - crawler - ERROR - Ошибка при обработке https://httpbin.org/status/200?seq=33: CircuitBreakerOpenError - Домен httpbin.org заблокирован
2026-08-05 01:21:14 - crawler - INFO - fetch_url_with_meta вызван для https://httpbin.org/status/404?seq=34
2026-08-05 01:21:14 - crawler - WARNING - Домен httpbin.org временно заблокирован Circuit Breaker
2026-08-05 01:21:14 - crawler - ERROR - Ошибка при обработке https://httpbin.org/status/404?seq=34: CircuitBreakerOpenError - Домен httpbin.org заблокирован
2026-08-05 01:21:14 - crawler - INFO - fetch_url_with_meta вызван для https://httpbin.org/status/500?seq=35
2026-08-05 01:21:14 - crawler - WARNING - Домен httpbin.org временно заблокирован Circuit Breaker
2026-08-05 01:21:14 - crawler - ERROR - Ошибка при обработке https://httpbin.org/status/500?seq=35: CircuitBreakerOpenError - Домен httpbin.org заблокирован
2026-08-05 01:21:14 - crawler - INFO - fetch_url_with_meta вызван для https://httpbin.org/status/503?seq=36
2026-08-05 01:21:14 - crawler - WARNING - Домен httpbin.org временно заблокирован Circuit Breaker
2026-08-05 01:21:14 - crawler - ERROR - Ошибка при обработке https://httpbin.org/status/503?seq=36: CircuitBreakerOpenError - Домен httpbin.org заблокирован
2026-08-05 01:21:14 - crawler - INFO - fetch_url_with_meta вызван для https://httpbin.org/status/429?seq=37
2026-08-05 01:21:14 - crawler - WARNING - Домен httpbin.org временно заблокирован Circuit Breaker
2026-08-05 01:21:14 - crawler - ERROR - Ошибка при обработке https://httpbin.org/status/429?seq=37: CircuitBreakerOpenError - Домен httpbin.org заблокирован
2026-08-05 01:21:14 - crawler - INFO - fetch_url_with_meta вызван для https://httpbin.org/get?seq=38
2026-08-05 01:21:14 - crawler - WARNING - Домен httpbin.org временно заблокирован Circuit Breaker
2026-08-05 01:21:14 - crawler - ERROR - Ошибка при обработке https://httpbin.org/get?seq=38: CircuitBreakerOpenError - Домен httpbin.org заблокирован
2026-08-05 01:21:14 - crawler - INFO - fetch_url_with_meta вызван для https://httpbin.org/delay/1?seq=39
2026-08-05 01:21:14 - crawler - WARNING - Домен httpbin.org временно заблокирован Circuit Breaker
2026-08-05 01:21:14 - crawler - ERROR - Ошибка при обработке https://httpbin.org/delay/1?seq=39: CircuitBreakerOpenError - Домен httpbin.org заблокирован
2026-08-05 01:21:14 - crawler - INFO - fetch_url_with_meta вызван для https://httpbin.org/delay/2?seq=40
2026-08-05 01:21:14 - crawler - WARNING - Домен httpbin.org временно заблокирован Circuit Breaker
2026-08-05 01:21:14 - crawler - ERROR - Ошибка при обработке https://httpbin.org/delay/2?seq=40: CircuitBreakerOpenError - Домен httpbin.org заблокирован
2026-08-05 01:21:14 - crawler - INFO - fetch_url_with_meta вызван для https://httpbin.org/html?seq=41
2026-08-05 01:21:14 - crawler - WARNING - Домен httpbin.org временно заблокирован Circuit Breaker
2026-08-05 01:21:14 - crawler - ERROR - Ошибка при обработке https://httpbin.org/html?seq=41: CircuitBreakerOpenError - Домен httpbin.org заблокирован
2026-08-05 01:21:14 - crawler - INFO - fetch_url_with_meta вызван для https://httpbin.org/forms/post?seq=42
2026-08-05 01:21:14 - crawler - WARNING - Домен httpbin.org временно заблокирован Circuit Breaker
2026-08-05 01:21:14 - crawler - ERROR - Ошибка при обработке https://httpbin.org/forms/post?seq=42: CircuitBreakerOpenError - Домен httpbin.org заблокирован
2026-08-05 01:21:14 - crawler - INFO - fetch_url_with_meta вызван для https://httpbin.org/bytes/1024?seq=43
2026-08-05 01:21:14 - crawler - WARNING - Домен httpbin.org временно заблокирован Circuit Breaker
2026-08-05 01:21:14 - crawler - ERROR - Ошибка при обработке https://httpbin.org/bytes/1024?seq=43: CircuitBreakerOpenError - Домен httpbin.org заблокирован
2026-08-05 01:21:14 - crawler - INFO - fetch_url_with_meta вызван для https://httpbin.org/status/200?seq=44
2026-08-05 01:21:14 - crawler - WARNING - Домен httpbin.org временно заблокирован Circuit Breaker
2026-08-05 01:21:14 - crawler - ERROR - Ошибка при обработке https://httpbin.org/status/200?seq=44: CircuitBreakerOpenError - Домен httpbin.org заблокирован
2026-08-05 01:21:14 - crawler - INFO - fetch_url_with_meta вызван для https://httpbin.org/status/404?seq=45
2026-08-05 01:21:14 - crawler - WARNING - Домен httpbin.org временно заблокирован Circuit Breaker
2026-08-05 01:21:14 - crawler - ERROR - Ошибка при обработке https://httpbin.org/status/404?seq=45: CircuitBreakerOpenError - Домен httpbin.org заблокирован
2026-08-05 01:21:14 - crawler - INFO - fetch_url_with_meta вызван для https://httpbin.org/status/500?seq=46
2026-08-05 01:21:14 - crawler - WARNING - Домен httpbin.org временно заблокирован Circuit Breaker
2026-08-05 01:21:14 - crawler - ERROR - Ошибка при обработке https://httpbin.org/status/500?seq=46: CircuitBreakerOpenError - Домен httpbin.org заблокирован
2026-08-05 01:21:14 - crawler - INFO - fetch_url_with_meta вызван для https://httpbin.org/status/503?seq=47
2026-08-05 01:21:14 - crawler - WARNING - Домен httpbin.org временно заблокирован Circuit Breaker
2026-08-05 01:21:14 - crawler - ERROR - Ошибка при обработке https://httpbin.org/status/503?seq=47: CircuitBreakerOpenError - Домен httpbin.org заблокирован
2026-08-05 01:21:14 - crawler - INFO - fetch_url_with_meta вызван для https://httpbin.org/status/429?seq=48
2026-08-05 01:21:14 - crawler - WARNING - Домен httpbin.org временно заблокирован Circuit Breaker
2026-08-05 01:21:14 - crawler - ERROR - Ошибка при обработке https://httpbin.org/status/429?seq=48: CircuitBreakerOpenError - Домен httpbin.org заблокирован
2026-08-05 01:21:14 - crawler - INFO - fetch_url_with_meta вызван для https://httpbin.org/get?seq=49
2026-08-05 01:21:14 - crawler - WARNING - Домен httpbin.org временно заблокирован Circuit Breaker
2026-08-05 01:21:14 - crawler - ERROR - Ошибка при обработке https://httpbin.org/get?seq=49: CircuitBreakerOpenError - Домен httpbin.org заблокирован
2026-08-05 01:21:14 - crawler - INFO - fetch_url_with_meta вызван для https://httpbin.org/delay/1?seq=50
2026-08-05 01:21:14 - crawler - WARNING - Домен httpbin.org временно заблокирован Circuit Breaker
2026-08-05 01:21:14 - crawler - ERROR - Ошибка при обработке https://httpbin.org/delay/1?seq=50: CircuitBreakerOpenError - Домен httpbin.org заблокирован
2026-08-05 01:21:14 - crawler - INFO - fetch_url_with_meta вызван для https://httpbin.org/delay/2?seq=51
2026-08-05 01:21:14 - crawler - WARNING - Домен httpbin.org временно заблокирован Circuit Breaker
2026-08-05 01:21:14 - crawler - ERROR - Ошибка при обработке https://httpbin.org/delay/2?seq=51: CircuitBreakerOpenError - Домен httpbin.org заблокирован
2026-08-05 01:21:14 - crawler - INFO - fetch_url_with_meta вызван для https://httpbin.org/html?seq=52
2026-08-05 01:21:14 - crawler - WARNING - Домен httpbin.org временно заблокирован Circuit Breaker
2026-08-05 01:21:14 - crawler - ERROR - Ошибка при обработке https://httpbin.org/html?seq=52: CircuitBreakerOpenError - Домен httpbin.org заблокирован
2026-08-05 01:21:14 - crawler - INFO - fetch_url_with_meta вызван для https://httpbin.org/forms/post?seq=53
2026-08-05 01:21:14 - crawler - WARNING - Домен httpbin.org временно заблокирован Circuit Breaker
2026-08-05 01:21:14 - crawler - ERROR - Ошибка при обработке https://httpbin.org/forms/post?seq=53: CircuitBreakerOpenError - Домен httpbin.org заблокирован
2026-08-05 01:21:14 - crawler - INFO - fetch_url_with_meta вызван для https://httpbin.org/bytes/1024?seq=54
2026-08-05 01:21:14 - crawler - WARNING - Домен httpbin.org временно заблокирован Circuit Breaker
2026-08-05 01:21:14 - crawler - ERROR - Ошибка при обработке https://httpbin.org/bytes/1024?seq=54: CircuitBreakerOpenError - Домен httpbin.org заблокирован
2026-08-05 01:21:14 - crawler - INFO - fetch_url_with_meta вызван для https://httpbin.org/status/200?seq=55
2026-08-05 01:21:14 - crawler - WARNING - Домен httpbin.org временно заблокирован Circuit Breaker
2026-08-05 01:21:14 - crawler - ERROR - Ошибка при обработке https://httpbin.org/status/200?seq=55: CircuitBreakerOpenError - Домен httpbin.org заблокирован
2026-08-05 01:21:14 - crawler - INFO - fetch_url_with_meta вызван для https://httpbin.org/status/404?seq=56
2026-08-05 01:21:14 - crawler - WARNING - Домен httpbin.org временно заблокирован Circuit Breaker
2026-08-05 01:21:14 - crawler - ERROR - Ошибка при обработке https://httpbin.org/status/404?seq=56: CircuitBreakerOpenError - Домен httpbin.org заблокирован
2026-08-05 01:21:14 - crawler - INFO - fetch_url_with_meta вызван для https://httpbin.org/status/500?seq=57
2026-08-05 01:21:14 - crawler - WARNING - Домен httpbin.org временно заблокирован Circuit Breaker
2026-08-05 01:21:14 - crawler - ERROR - Ошибка при обработке https://httpbin.org/status/500?seq=57: CircuitBreakerOpenError - Домен httpbin.org заблокирован
2026-08-05 01:21:14 - crawler - INFO - fetch_url_with_meta вызван для https://httpbin.org/status/503?seq=58
2026-08-05 01:21:14 - crawler - WARNING - Домен httpbin.org временно заблокирован Circuit Breaker
2026-08-05 01:21:14 - crawler - ERROR - Ошибка при обработке https://httpbin.org/status/503?seq=58: CircuitBreakerOpenError - Домен httpbin.org заблокирован
2026-08-05 01:21:14 - crawler - INFO - fetch_url_with_meta вызван для https://httpbin.org/status/429?seq=59
2026-08-05 01:21:14 - crawler - WARNING - Домен httpbin.org временно заблокирован Circuit Breaker
2026-08-05 01:21:14 - crawler - ERROR - Ошибка при обработке https://httpbin.org/status/429?seq=59: CircuitBreakerOpenError - Домен httpbin.org заблокирован
2026-08-05 01:21:14 - crawler - INFO - fetch_url_with_meta вызван для https://httpbin.org/get?seq=60
2026-08-05 01:21:14 - crawler - WARNING - Домен httpbin.org временно заблокирован Circuit Breaker
2026-08-05 01:21:14 - crawler - ERROR - Ошибка при обработке https://httpbin.org/get?seq=60: CircuitBreakerOpenError - Домен httpbin.org заблокирован
2026-08-05 01:21:14 - crawler - INFO - fetch_url_with_meta вызван для https://httpbin.org/delay/1?seq=61
2026-08-05 01:21:14 - crawler - WARNING - Домен httpbin.org временно заблокирован Circuit Breaker
2026-08-05 01:21:14 - crawler - ERROR - Ошибка при обработке https://httpbin.org/delay/1?seq=61: CircuitBreakerOpenError - Домен httpbin.org заблокирован
2026-08-05 01:21:14 - crawler - INFO - fetch_url_with_meta вызван для https://httpbin.org/delay/2?seq=62
2026-08-05 01:21:14 - crawler - WARNING - Домен httpbin.org временно заблокирован Circuit Breaker
2026-08-05 01:21:14 - crawler - ERROR - Ошибка при обработке https://httpbin.org/delay/2?seq=62: CircuitBreakerOpenError - Домен httpbin.org заблокирован
2026-08-05 01:21:14 - crawler - INFO - fetch_url_with_meta вызван для https://httpbin.org/html?seq=63
2026-08-05 01:21:14 - crawler - WARNING - Домен httpbin.org временно заблокирован Circuit Breaker
2026-08-05 01:21:14 - crawler - ERROR - Ошибка при обработке https://httpbin.org/html?seq=63: CircuitBreakerOpenError - Домен httpbin.org заблокирован
2026-08-05 01:21:15 - crawler - INFO - fetch_url_with_meta вызван для https://httpbin.org/forms/post?seq=64
2026-08-05 01:21:15 - crawler - WARNING - Домен httpbin.org временно заблокирован Circuit Breaker
2026-08-05 01:21:15 - crawler - ERROR - Ошибка при обработке https://httpbin.org/forms/post?seq=64: CircuitBreakerOpenError - Домен httpbin.org заблокирован
2026-08-05 01:21:15 - crawler - INFO - fetch_url_with_meta вызван для https://httpbin.org/bytes/1024?seq=65
2026-08-05 01:21:15 - crawler - WARNING - Домен httpbin.org временно заблокирован Circuit Breaker
2026-08-05 01:21:15 - crawler - ERROR - Ошибка при обработке https://httpbin.org/bytes/1024?seq=65: CircuitBreakerOpenError - Домен httpbin.org заблокирован
2026-08-05 01:21:15 - crawler - INFO - fetch_url_with_meta вызван для https://httpbin.org/status/200?seq=66
2026-08-05 01:21:15 - crawler - WARNING - Домен httpbin.org временно заблокирован Circuit Breaker
2026-08-05 01:21:15 - crawler - ERROR - Ошибка при обработке https://httpbin.org/status/200?seq=66: CircuitBreakerOpenError - Домен httpbin.org заблокирован
2026-08-05 01:21:15 - crawler - INFO - fetch_url_with_meta вызван для https://httpbin.org/status/404?seq=67
2026-08-05 01:21:15 - crawler - WARNING - Домен httpbin.org временно заблокирован Circuit Breaker
2026-08-05 01:21:15 - crawler - ERROR - Ошибка при обработке https://httpbin.org/status/404?seq=67: CircuitBreakerOpenError - Домен httpbin.org заблокирован
2026-08-05 01:21:15 - crawler - INFO - fetch_url_with_meta вызван для https://httpbin.org/status/500?seq=68
2026-08-05 01:21:15 - crawler - WARNING - Домен httpbin.org временно заблокирован Circuit Breaker
2026-08-05 01:21:15 - crawler - ERROR - Ошибка при обработке https://httpbin.org/status/500?seq=68: CircuitBreakerOpenError - Домен httpbin.org заблокирован
2026-08-05 01:21:15 - crawler - INFO - fetch_url_with_meta вызван для https://httpbin.org/status/503?seq=69
2026-08-05 01:21:15 - crawler - WARNING - Домен httpbin.org временно заблокирован Circuit Breaker
2026-08-05 01:21:15 - crawler - ERROR - Ошибка при обработке https://httpbin.org/status/503?seq=69: CircuitBreakerOpenError - Домен httpbin.org заблокирован
2026-08-05 01:21:15 - crawler - INFO - fetch_url_with_meta вызван для https://httpbin.org/status/429?seq=70
2026-08-05 01:21:15 - crawler - WARNING - Домен httpbin.org временно заблокирован Circuit Breaker
2026-08-05 01:21:15 - crawler - ERROR - Ошибка при обработке https://httpbin.org/status/429?seq=70: CircuitBreakerOpenError - Домен httpbin.org заблокирован
2026-08-05 01:21:15 - crawler - INFO - fetch_url_with_meta вызван для https://httpbin.org/get?seq=71
2026-08-05 01:21:15 - crawler - WARNING - Домен httpbin.org временно заблокирован Circuit Breaker
2026-08-05 01:21:15 - crawler - ERROR - Ошибка при обработке https://httpbin.org/get?seq=71: CircuitBreakerOpenError - Домен httpbin.org заблокирован
2026-08-05 01:21:15 - crawler - INFO - fetch_url_with_meta вызван для https://httpbin.org/delay/1?seq=72
2026-08-05 01:21:15 - crawler - WARNING - Домен httpbin.org временно заблокирован Circuit Breaker
2026-08-05 01:21:15 - crawler - ERROR - Ошибка при обработке https://httpbin.org/delay/1?seq=72: CircuitBreakerOpenError - Домен httpbin.org заблокирован
2026-08-05 01:21:15 - crawler - INFO - fetch_url_with_meta вызван для https://httpbin.org/delay/2?seq=73
2026-08-05 01:21:15 - crawler - WARNING - Домен httpbin.org временно заблокирован Circuit Breaker
2026-08-05 01:21:15 - crawler - ERROR - Ошибка при обработке https://httpbin.org/delay/2?seq=73: CircuitBreakerOpenError - Домен httpbin.org заблокирован
2026-08-05 01:21:15 - crawler - INFO - fetch_url_with_meta вызван для https://httpbin.org/html?seq=74
2026-08-05 01:21:15 - crawler - WARNING - Домен httpbin.org временно заблокирован Circuit Breaker
2026-08-05 01:21:15 - crawler - ERROR - Ошибка при обработке https://httpbin.org/html?seq=74: CircuitBreakerOpenError - Домен httpbin.org заблокирован
2026-08-05 01:21:15 - crawler - INFO - fetch_url_with_meta вызван для https://httpbin.org/forms/post?seq=75
2026-08-05 01:21:15 - crawler - WARNING - Домен httpbin.org временно заблокирован Circuit Breaker
2026-08-05 01:21:15 - crawler - ERROR - Ошибка при обработке https://httpbin.org/forms/post?seq=75: CircuitBreakerOpenError - Домен httpbin.org заблокирован
2026-08-05 01:21:15 - crawler - INFO - fetch_url_with_meta вызван для https://httpbin.org/bytes/1024?seq=76
2026-08-05 01:21:15 - crawler - WARNING - Домен httpbin.org временно заблокирован Circuit Breaker
2026-08-05 01:21:15 - crawler - ERROR - Ошибка при обработке https://httpbin.org/bytes/1024?seq=76: CircuitBreakerOpenError - Домен httpbin.org заблокирован
2026-08-05 01:21:15 - crawler - INFO - fetch_url_with_meta вызван для https://httpbin.org/status/200?seq=77
2026-08-05 01:21:15 - crawler - WARNING - Домен httpbin.org временно заблокирован Circuit Breaker
2026-08-05 01:21:15 - crawler - ERROR - Ошибка при обработке https://httpbin.org/status/200?seq=77: CircuitBreakerOpenError - Домен httpbin.org заблокирован
2026-08-05 01:21:15 - crawler - INFO - fetch_url_with_meta вызван для https://httpbin.org/status/404?seq=78
2026-08-05 01:21:15 - crawler - WARNING - Домен httpbin.org временно заблокирован Circuit Breaker
2026-08-05 01:21:15 - crawler - ERROR - Ошибка при обработке https://httpbin.org/status/404?seq=78: CircuitBreakerOpenError - Домен httpbin.org заблокирован
2026-08-05 01:21:15 - crawler - INFO - fetch_url_with_meta вызван для https://httpbin.org/status/500?seq=79
2026-08-05 01:21:15 - crawler - WARNING - Домен httpbin.org временно заблокирован Circuit Breaker
2026-08-05 01:21:15 - crawler - ERROR - Ошибка при обработке https://httpbin.org/status/500?seq=79: CircuitBreakerOpenError - Домен httpbin.org заблокирован
2026-08-05 01:21:15 - crawler - INFO - fetch_url_with_meta вызван для https://httpbin.org/status/503?seq=80
2026-08-05 01:21:15 - crawler - WARNING - Домен httpbin.org временно заблокирован Circuit Breaker
2026-08-05 01:21:15 - crawler - ERROR - Ошибка при обработке https://httpbin.org/status/503?seq=80: CircuitBreakerOpenError - Домен httpbin.org заблокирован
2026-08-05 01:21:15 - crawler - INFO - fetch_url_with_meta вызван для https://httpbin.org/status/429?seq=81
2026-08-05 01:21:15 - crawler - WARNING - Домен httpbin.org временно заблокирован Circuit Breaker
2026-08-05 01:21:15 - crawler - ERROR - Ошибка при обработке https://httpbin.org/status/429?seq=81: CircuitBreakerOpenError - Домен httpbin.org заблокирован
2026-08-05 01:21:15 - crawler - INFO - fetch_url_with_meta вызван для https://httpbin.org/get?seq=82
2026-08-05 01:21:15 - crawler - WARNING - Домен httpbin.org временно заблокирован Circuit Breaker
2026-08-05 01:21:15 - crawler - ERROR - Ошибка при обработке https://httpbin.org/get?seq=82: CircuitBreakerOpenError - Домен httpbin.org заблокирован
2026-08-05 01:21:15 - crawler - INFO - fetch_url_with_meta вызван для https://httpbin.org/delay/1?seq=83
2026-08-05 01:21:15 - crawler - WARNING - Домен httpbin.org временно заблокирован Circuit Breaker
2026-08-05 01:21:15 - crawler - ERROR - Ошибка при обработке https://httpbin.org/delay/1?seq=83: CircuitBreakerOpenError - Домен httpbin.org заблокирован
2026-08-05 01:21:15 - crawler - INFO - fetch_url_with_meta вызван для https://httpbin.org/delay/2?seq=84
2026-08-05 01:21:15 - crawler - WARNING - Домен httpbin.org временно заблокирован Circuit Breaker
2026-08-05 01:21:15 - crawler - ERROR - Ошибка при обработке https://httpbin.org/delay/2?seq=84: CircuitBreakerOpenError - Домен httpbin.org заблокирован
2026-08-05 01:21:15 - crawler - INFO - fetch_url_with_meta вызван для https://httpbin.org/html?seq=85
2026-08-05 01:21:15 - crawler - WARNING - Домен httpbin.org временно заблокирован Circuit Breaker
2026-08-05 01:21:15 - crawler - ERROR - Ошибка при обработке https://httpbin.org/html?seq=85: CircuitBreakerOpenError - Домен httpbin.org заблокирован
2026-08-05 01:21:15 - crawler - INFO - fetch_url_with_meta вызван для https://httpbin.org/forms/post?seq=86
2026-08-05 01:21:15 - crawler - WARNING - Домен httpbin.org временно заблокирован Circuit Breaker
2026-08-05 01:21:15 - crawler - ERROR - Ошибка при обработке https://httpbin.org/forms/post?seq=86: CircuitBreakerOpenError - Домен httpbin.org заблокирован
2026-08-05 01:21:15 - crawler - INFO - fetch_url_with_meta вызван для https://httpbin.org/bytes/1024?seq=87
2026-08-05 01:21:15 - crawler - WARNING - Домен httpbin.org временно заблокирован Circuit Breaker
2026-08-05 01:21:15 - crawler - ERROR - Ошибка при обработке https://httpbin.org/bytes/1024?seq=87: CircuitBreakerOpenError - Домен httpbin.org заблокирован
2026-08-05 01:21:15 - crawler - INFO - fetch_url_with_meta вызван для https://httpbin.org/status/200?seq=88
2026-08-05 01:21:15 - crawler - WARNING - Домен httpbin.org временно заблокирован Circuit Breaker
2026-08-05 01:21:15 - crawler - ERROR - Ошибка при обработке https://httpbin.org/status/200?seq=88: CircuitBreakerOpenError - Домен httpbin.org заблокирован
2026-08-05 01:21:15 - crawler - INFO - fetch_url_with_meta вызван для https://httpbin.org/status/404?seq=89
2026-08-05 01:21:15 - crawler - WARNING - Домен httpbin.org временно заблокирован Circuit Breaker
2026-08-05 01:21:15 - crawler - ERROR - Ошибка при обработке https://httpbin.org/status/404?seq=89: CircuitBreakerOpenError - Домен httpbin.org заблокирован
2026-08-05 01:21:15 - crawler - INFO - fetch_url_with_meta вызван для https://httpbin.org/status/500?seq=90
2026-08-05 01:21:15 - crawler - WARNING - Домен httpbin.org временно заблокирован Circuit Breaker
2026-08-05 01:21:15 - crawler - ERROR - Ошибка при обработке https://httpbin.org/status/500?seq=90: CircuitBreakerOpenError - Домен httpbin.org заблокирован
2026-08-05 01:21:15 - crawler - INFO - fetch_url_with_meta вызван для https://httpbin.org/status/503?seq=91
2026-08-05 01:21:15 - crawler - WARNING - Домен httpbin.org временно заблокирован Circuit Breaker
2026-08-05 01:21:15 - crawler - ERROR - Ошибка при обработке https://httpbin.org/status/503?seq=91: CircuitBreakerOpenError - Домен httpbin.org заблокирован
2026-08-05 01:21:15 - crawler - INFO - fetch_url_with_meta вызван для https://httpbin.org/status/429?seq=92
2026-08-05 01:21:15 - crawler - WARNING - Домен httpbin.org временно заблокирован Circuit Breaker
2026-08-05 01:21:15 - crawler - ERROR - Ошибка при обработке https://httpbin.org/status/429?seq=92: CircuitBreakerOpenError - Домен httpbin.org заблокирован
2026-08-05 01:21:15 - crawler - INFO - fetch_url_with_meta вызван для https://httpbin.org/get?seq=93
2026-08-05 01:21:15 - crawler - WARNING - Домен httpbin.org временно заблокирован Circuit Breaker
2026-08-05 01:21:15 - crawler - ERROR - Ошибка при обработке https://httpbin.org/get?seq=93: CircuitBreakerOpenError - Домен httpbin.org заблокирован
2026-08-05 01:21:15 - retry_strategy - WARNING - Попытка 1 не удалась (Timeout: Timeout on reading data from socket). Повтор через 2.00 сек.
2026-08-05 01:21:15 - crawler - INFO - fetch_url_with_meta вызван для https://httpbin.org/delay/1?seq=94
2026-08-05 01:21:15 - crawler - WARNING - Домен httpbin.org временно заблокирован Circuit Breaker
2026-08-05 01:21:15 - crawler - ERROR - Ошибка при обработке https://httpbin.org/delay/1?seq=94: CircuitBreakerOpenError - Домен httpbin.org заблокирован
2026-08-05 01:21:15 - crawler - INFO - fetch_url_with_meta вызван для https://httpbin.org/delay/2?seq=95
2026-08-05 01:21:15 - crawler - WARNING - Домен httpbin.org временно заблокирован Circuit Breaker
2026-08-05 01:21:15 - crawler - ERROR - Ошибка при обработке https://httpbin.org/delay/2?seq=95: CircuitBreakerOpenError - Домен httpbin.org заблокирован
2026-08-05 01:21:15 - crawler - INFO - fetch_url_with_meta вызван для https://httpbin.org/html?seq=96
2026-08-05 01:21:15 - crawler - WARNING - Домен httpbin.org временно заблокирован Circuit Breaker
2026-08-05 01:21:15 - crawler - ERROR - Ошибка при обработке https://httpbin.org/html?seq=96: CircuitBreakerOpenError - Домен httpbin.org заблокирован
2026-08-05 01:21:15 - crawler - INFO - fetch_url_with_meta вызван для https://httpbin.org/forms/post?seq=97
2026-08-05 01:21:15 - crawler - WARNING - Домен httpbin.org временно заблокирован Circuit Breaker
2026-08-05 01:21:15 - crawler - ERROR - Ошибка при обработке https://httpbin.org/forms/post?seq=97: CircuitBreakerOpenError - Домен httpbin.org заблокирован
2026-08-05 01:21:15 - crawler - INFO - fetch_url_with_meta вызван для https://httpbin.org/bytes/1024?seq=98
2026-08-05 01:21:15 - crawler - WARNING - Домен httpbin.org временно заблокирован Circuit Breaker
2026-08-05 01:21:15 - crawler - ERROR - Ошибка при обработке https://httpbin.org/bytes/1024?seq=98: CircuitBreakerOpenError - Домен httpbin.org заблокирован
2026-08-05 01:21:15 - crawler - INFO - fetch_url_with_meta вызван для https://httpbin.org/status/200?seq=99
2026-08-05 01:21:15 - crawler - WARNING - Домен httpbin.org временно заблокирован Circuit Breaker
2026-08-05 01:21:15 - crawler - ERROR - Ошибка при обработке https://httpbin.org/status/200?seq=99: CircuitBreakerOpenError - Домен httpbin.org заблокирован
2026-08-05 01:21:15 - crawler - INFO - fetch_url_with_meta вызван для https://httpbin.org/status/404?seq=100
2026-08-05 01:21:15 - crawler - WARNING - Домен httpbin.org временно заблокирован Circuit Breaker
2026-08-05 01:21:15 - crawler - ERROR - Ошибка при обработке https://httpbin.org/status/404?seq=100: CircuitBreakerOpenError - Домен httpbin.org заблокирован
2026-08-05 01:21:15 - crawler - INFO - fetch_url_with_meta вызван для https://httpbin.org/status/500?seq=101
2026-08-05 01:21:15 - crawler - WARNING - Домен httpbin.org временно заблокирован Circuit Breaker
2026-08-05 01:21:15 - crawler - ERROR - Ошибка при обработке https://httpbin.org/status/500?seq=101: CircuitBreakerOpenError - Домен httpbin.org заблокирован
2026-08-05 01:21:15 - crawler - INFO - fetch_url_with_meta вызван для https://httpbin.org/status/503?seq=102
2026-08-05 01:21:15 - crawler - WARNING - Домен httpbin.org временно заблокирован Circuit Breaker
2026-08-05 01:21:15 - crawler - ERROR - Ошибка при обработке https://httpbin.org/status/503?seq=102: CircuitBreakerOpenError - Домен httpbin.org заблокирован
2026-08-05 01:21:15 - crawler - INFO - fetch_url_with_meta вызван для https://httpbin.org/status/429?seq=103
2026-08-05 01:21:15 - crawler - WARNING - Домен httpbin.org временно заблокирован Circuit Breaker
2026-08-05 01:21:15 - crawler - ERROR - Ошибка при обработке https://httpbin.org/status/429?seq=103: CircuitBreakerOpenError - Домен httpbin.org заблокирован
2026-08-05 01:21:15 - crawler - INFO - fetch_url_with_meta вызван для https://httpbin.org/get?seq=104
2026-08-05 01:21:15 - crawler - WARNING - Домен httpbin.org временно заблокирован Circuit Breaker
2026-08-05 01:21:15 - crawler - ERROR - Ошибка при обработке https://httpbin.org/get?seq=104: CircuitBreakerOpenError - Домен httpbin.org заблокирован
2026-08-05 01:21:15 - crawler - INFO - fetch_url_with_meta вызван для https://httpbin.org/delay/1?seq=105
2026-08-05 01:21:15 - crawler - WARNING - Домен httpbin.org временно заблокирован Circuit Breaker
2026-08-05 01:21:15 - crawler - ERROR - Ошибка при обработке https://httpbin.org/delay/1?seq=105: CircuitBreakerOpenError - Домен httpbin.org заблокирован
2026-08-05 01:21:15 - crawler - INFO - fetch_url_with_meta вызван для https://httpbin.org/delay/2?seq=106
2026-08-05 01:21:15 - crawler - WARNING - Домен httpbin.org временно заблокирован Circuit Breaker
2026-08-05 01:21:15 - crawler - ERROR - Ошибка при обработке https://httpbin.org/delay/2?seq=106: CircuitBreakerOpenError - Домен httpbin.org заблокирован
2026-08-05 01:21:15 - crawler - INFO - fetch_url_with_meta вызван для https://httpbin.org/html?seq=107
2026-08-05 01:21:15 - crawler - WARNING - Домен httpbin.org временно заблокирован Circuit Breaker
2026-08-05 01:21:15 - crawler - ERROR - Ошибка при обработке https://httpbin.org/html?seq=107: CircuitBreakerOpenError - Домен httpbin.org заблокирован
2026-08-05 01:21:15 - crawler - INFO - fetch_url_with_meta вызван для https://httpbin.org/forms/post?seq=108
2026-08-05 01:21:15 - crawler - WARNING - Домен httpbin.org временно заблокирован Circuit Breaker
2026-08-05 01:21:15 - crawler - ERROR - Ошибка при обработке https://httpbin.org/forms/post?seq=108: CircuitBreakerOpenError - Домен httpbin.org заблокирован
2026-08-05 01:21:15 - crawler - INFO - fetch_url_with_meta вызван для https://httpbin.org/bytes/1024?seq=109
2026-08-05 01:21:15 - crawler - WARNING - Домен httpbin.org временно заблокирован Circuit Breaker
2026-08-05 01:21:15 - crawler - ERROR - Ошибка при обработке https://httpbin.org/bytes/1024?seq=109: CircuitBreakerOpenError - Домен httpbin.org заблокирован
2026-08-05 01:21:15 - crawler - INFO - fetch_url_with_meta вызван для https://httpbin.org/status/200?seq=110
2026-08-05 01:21:15 - crawler - WARNING - Домен httpbin.org временно заблокирован Circuit Breaker
2026-08-05 01:21:15 - crawler - ERROR - Ошибка при обработке https://httpbin.org/status/200?seq=110: CircuitBreakerOpenError - Домен httpbin.org заблокирован
2026-08-05 01:21:15 - crawler - INFO - fetch_url_with_meta вызван для https://httpbin.org/status/404?seq=111
2026-08-05 01:21:15 - crawler - WARNING - Домен httpbin.org временно заблокирован Circuit Breaker
2026-08-05 01:21:15 - crawler - ERROR - Ошибка при обработке https://httpbin.org/status/404?seq=111: CircuitBreakerOpenError - Домен httpbin.org заблокирован
2026-08-05 01:21:15 - crawler - INFO - fetch_url_with_meta вызван для https://httpbin.org/status/500?seq=112
2026-08-05 01:21:15 - crawler - WARNING - Домен httpbin.org временно заблокирован Circuit Breaker
2026-08-05 01:21:15 - crawler - ERROR - Ошибка при обработке https://httpbin.org/status/500?seq=112: CircuitBreakerOpenError - Домен httpbin.org заблокирован
2026-08-05 01:21:15 - crawler - INFO - fetch_url_with_meta вызван для https://httpbin.org/status/503?seq=113
2026-08-05 01:21:15 - crawler - WARNING - Домен httpbin.org временно заблокирован Circuit Breaker
2026-08-05 01:21:15 - crawler - ERROR - Ошибка при обработке https://httpbin.org/status/503?seq=113: CircuitBreakerOpenError - Домен httpbin.org заблокирован
2026-08-05 01:21:15 - crawler - INFO - fetch_url_with_meta вызван для https://httpbin.org/status/429?seq=114
2026-08-05 01:21:15 - crawler - WARNING - Домен httpbin.org временно заблокирован Circuit Breaker
2026-08-05 01:21:15 - crawler - ERROR - Ошибка при обработке https://httpbin.org/status/429?seq=114: CircuitBreakerOpenError - Домен httpbin.org заблокирован
2026-08-05 01:21:15 - crawler - INFO - fetch_url_with_meta вызван для https://httpbin.org/get?seq=115
2026-08-05 01:21:15 - crawler - WARNING - Домен httpbin.org временно заблокирован Circuit Breaker
2026-08-05 01:21:15 - crawler - ERROR - Ошибка при обработке https://httpbin.org/get?seq=115: CircuitBreakerOpenError - Домен httpbin.org заблокирован
2026-08-05 01:21:15 - crawler - INFO - fetch_url_with_meta вызван для https://httpbin.org/delay/1?seq=116
2026-08-05 01:21:15 - crawler - WARNING - Домен httpbin.org временно заблокирован Circuit Breaker
2026-08-05 01:21:15 - crawler - ERROR - Ошибка при обработке https://httpbin.org/delay/1?seq=116: CircuitBreakerOpenError - Домен httpbin.org заблокирован
2026-08-05 01:21:15 - crawler - INFO - fetch_url_with_meta вызван для https://httpbin.org/delay/2?seq=117
2026-08-05 01:21:15 - crawler - WARNING - Домен httpbin.org временно заблокирован Circuit Breaker
2026-08-05 01:21:15 - crawler - ERROR - Ошибка при обработке https://httpbin.org/delay/2?seq=117: CircuitBreakerOpenError - Домен httpbin.org заблокирован
2026-08-05 01:21:15 - crawler - INFO - fetch_url_with_meta вызван для https://httpbin.org/html?seq=118
2026-08-05 01:21:15 - crawler - WARNING - Домен httpbin.org временно заблокирован Circuit Breaker
2026-08-05 01:21:15 - crawler - ERROR - Ошибка при обработке https://httpbin.org/html?seq=118: CircuitBreakerOpenError - Домен httpbin.org заблокирован
2026-08-05 01:21:15 - crawler - INFO - fetch_url_with_meta вызван для https://httpbin.org/forms/post?seq=119
2026-08-05 01:21:15 - crawler - WARNING - Домен httpbin.org временно заблокирован Circuit Breaker
2026-08-05 01:21:15 - crawler - ERROR - Ошибка при обработке https://httpbin.org/forms/post?seq=119: CircuitBreakerOpenError - Домен httpbin.org заблокирован
2026-08-05 01:21:15 - crawler - INFO - fetch_url_with_meta вызван для https://httpbin.org/bytes/1024?seq=120
2026-08-05 01:21:15 - crawler - WARNING - Домен httpbin.org временно заблокирован Circuit Breaker
2026-08-05 01:21:15 - crawler - ERROR - Ошибка при обработке https://httpbin.org/bytes/1024?seq=120: CircuitBreakerOpenError - Домен httpbin.org заблокирован
2026-08-05 01:21:15 - crawler - INFO - fetch_url_with_meta вызван для https://httpbin.org/status/200?seq=121
2026-08-05 01:21:15 - crawler - WARNING - Домен httpbin.org временно заблокирован Circuit Breaker
2026-08-05 01:21:15 - crawler - ERROR - Ошибка при обработке https://httpbin.org/status/200?seq=121: CircuitBreakerOpenError - Домен httpbin.org заблокирован
2026-08-05 01:21:15 - crawler - INFO - fetch_url_with_meta вызван для https://httpbin.org/status/404?seq=122
2026-08-05 01:21:15 - crawler - WARNING - Домен httpbin.org временно заблокирован Circuit Breaker
2026-08-05 01:21:15 - crawler - ERROR - Ошибка при обработке https://httpbin.org/status/404?seq=122: CircuitBreakerOpenError - Домен httpbin.org заблокирован
2026-08-05 01:21:15 - crawler - INFO - fetch_url_with_meta вызван для https://httpbin.org/status/500?seq=123
2026-08-05 01:21:15 - crawler - WARNING - Домен httpbin.org временно заблокирован Circuit Breaker
2026-08-05 01:21:15 - crawler - ERROR - Ошибка при обработке https://httpbin.org/status/500?seq=123: CircuitBreakerOpenError - Домен httpbin.org заблокирован
2026-08-05 01:21:15 - crawler - INFO - fetch_url_with_meta вызван для https://httpbin.org/status/503?seq=124
2026-08-05 01:21:15 - crawler - WARNING - Домен httpbin.org временно заблокирован Circuit Breaker
2026-08-05 01:21:15 - crawler - ERROR - Ошибка при обработке https://httpbin.org/status/503?seq=124: CircuitBreakerOpenError - Домен httpbin.org заблокирован
2026-08-05 01:21:15 - crawler - INFO - fetch_url_with_meta вызван для https://httpbin.org/status/429?seq=125
2026-08-05 01:21:15 - crawler - WARNING - Домен httpbin.org временно заблокирован Circuit Breaker
2026-08-05 01:21:15 - crawler - ERROR - Ошибка при обработке https://httpbin.org/status/429?seq=125: CircuitBreakerOpenError - Домен httpbin.org заблокирован
2026-08-05 01:21:15 - crawler - INFO - fetch_url_with_meta вызван для https://httpbin.org/get?seq=126
2026-08-05 01:21:15 - crawler - WARNING - Домен httpbin.org временно заблокирован Circuit Breaker
2026-08-05 01:21:15 - crawler - ERROR - Ошибка при обработке https://httpbin.org/get?seq=126: CircuitBreakerOpenError - Домен httpbin.org заблокирован
2026-08-05 01:21:15 - crawler - INFO - fetch_url_with_meta вызван для https://httpbin.org/delay/1?seq=127
2026-08-05 01:21:15 - crawler - WARNING - Домен httpbin.org временно заблокирован Circuit Breaker
2026-08-05 01:21:15 - crawler - ERROR - Ошибка при обработке https://httpbin.org/delay/1?seq=127: CircuitBreakerOpenError - Домен httpbin.org заблокирован
2026-08-05 01:21:15 - crawler - INFO - fetch_url_with_meta вызван для https://httpbin.org/delay/2?seq=128
2026-08-05 01:21:15 - crawler - WARNING - Домен httpbin.org временно заблокирован Circuit Breaker
2026-08-05 01:21:15 - crawler - ERROR - Ошибка при обработке https://httpbin.org/delay/2?seq=128: CircuitBreakerOpenError - Домен httpbin.org заблокирован
2026-08-05 01:21:15 - crawler - INFO - fetch_url_with_meta вызван для https://httpbin.org/html?seq=129
2026-08-05 01:21:15 - crawler - WARNING - Домен httpbin.org временно заблокирован Circuit Breaker
2026-08-05 01:21:15 - crawler - ERROR - Ошибка при обработке https://httpbin.org/html?seq=129: CircuitBreakerOpenError - Домен httpbin.org заблокирован
2026-08-05 01:21:15 - crawler - INFO - fetch_url_with_meta вызван для https://httpbin.org/forms/post?seq=130
2026-08-05 01:21:15 - crawler - WARNING - Домен httpbin.org временно заблокирован Circuit Breaker
2026-08-05 01:21:15 - crawler - ERROR - Ошибка при обработке https://httpbin.org/forms/post?seq=130: CircuitBreakerOpenError - Домен httpbin.org заблокирован
2026-08-05 01:21:15 - crawler - INFO - fetch_url_with_meta вызван для https://httpbin.org/bytes/1024?seq=131
2026-08-05 01:21:15 - crawler - WARNING - Домен httpbin.org временно заблокирован Circuit Breaker
2026-08-05 01:21:15 - crawler - ERROR - Ошибка при обработке https://httpbin.org/bytes/1024?seq=131: CircuitBreakerOpenError - Домен httpbin.org заблокирован
2026-08-05 01:21:15 - crawler - INFO - fetch_url_with_meta вызван для https://httpbin.org/status/200?seq=132
2026-08-05 01:21:15 - crawler - WARNING - Домен httpbin.org временно заблокирован Circuit Breaker
2026-08-05 01:21:15 - crawler - ERROR - Ошибка при обработке https://httpbin.org/status/200?seq=132: CircuitBreakerOpenError - Домен httpbin.org заблокирован
2026-08-05 01:21:15 - crawler - INFO - fetch_url_with_meta вызван для https://httpbin.org/status/404?seq=133
2026-08-05 01:21:15 - crawler - WARNING - Домен httpbin.org временно заблокирован Circuit Breaker
2026-08-05 01:21:15 - crawler - ERROR - Ошибка при обработке https://httpbin.org/status/404?seq=133: CircuitBreakerOpenError - Домен httpbin.org заблокирован
2026-08-05 01:21:15 - crawler - INFO - fetch_url_with_meta вызван для https://httpbin.org/status/500?seq=134
2026-08-05 01:21:15 - crawler - WARNING - Домен httpbin.org временно заблокирован Circuit Breaker
2026-08-05 01:21:15 - crawler - ERROR - Ошибка при обработке https://httpbin.org/status/500?seq=134: CircuitBreakerOpenError - Домен httpbin.org заблокирован
2026-08-05 01:21:15 - crawler - INFO - fetch_url_with_meta вызван для https://httpbin.org/status/503?seq=135
2026-08-05 01:21:15 - crawler - WARNING - Домен httpbin.org временно заблокирован Circuit Breaker
2026-08-05 01:21:15 - crawler - ERROR - Ошибка при обработке https://httpbin.org/status/503?seq=135: CircuitBreakerOpenError - Домен httpbin.org заблокирован
2026-08-05 01:21:15 - crawler - INFO - fetch_url_with_meta вызван для https://httpbin.org/status/429?seq=136
2026-08-05 01:21:15 - crawler - WARNING - Домен httpbin.org временно заблокирован Circuit Breaker
2026-08-05 01:21:15 - crawler - ERROR - Ошибка при обработке https://httpbin.org/status/429?seq=136: CircuitBreakerOpenError - Домен httpbin.org заблокирован
2026-08-05 01:21:15 - crawler - INFO - fetch_url_with_meta вызван для https://httpbin.org/get?seq=137
2026-08-05 01:21:15 - crawler - WARNING - Домен httpbin.org временно заблокирован Circuit Breaker
2026-08-05 01:21:15 - crawler - ERROR - Ошибка при обработке https://httpbin.org/get?seq=137: CircuitBreakerOpenError - Домен httpbin.org заблокирован
2026-08-05 01:21:15 - crawler - INFO - fetch_url_with_meta вызван для https://httpbin.org/delay/1?seq=138
2026-08-05 01:21:15 - crawler - WARNING - Домен httpbin.org временно заблокирован Circuit Breaker
2026-08-05 01:21:15 - crawler - ERROR - Ошибка при обработке https://httpbin.org/delay/1?seq=138: CircuitBreakerOpenError - Домен httpbin.org заблокирован
2026-08-05 01:21:15 - crawler - INFO - fetch_url_with_meta вызван для https://httpbin.org/delay/2?seq=139
2026-08-05 01:21:15 - crawler - WARNING - Домен httpbin.org временно заблокирован Circuit Breaker
2026-08-05 01:21:15 - crawler - ERROR - Ошибка при обработке https://httpbin.org/delay/2?seq=139: CircuitBreakerOpenError - Домен httpbin.org заблокирован
2026-08-05 01:21:15 - crawler - INFO - fetch_url_with_meta вызван для https://httpbin.org/html?seq=140
2026-08-05 01:21:15 - crawler - WARNING - Домен httpbin.org временно заблокирован Circuit Breaker
2026-08-05 01:21:15 - crawler - ERROR - Ошибка при обработке https://httpbin.org/html?seq=140: CircuitBreakerOpenError - Домен httpbin.org заблокирован
2026-08-05 01:21:15 - crawler - INFO - fetch_url_with_meta вызван для https://httpbin.org/forms/post?seq=141
2026-08-05 01:21:15 - crawler - WARNING - Домен httpbin.org временно заблокирован Circuit Breaker
2026-08-05 01:21:15 - crawler - ERROR - Ошибка при обработке https://httpbin.org/forms/post?seq=141: CircuitBreakerOpenError - Домен httpbin.org заблокирован
2026-08-05 01:21:15 - crawler - INFO - fetch_url_with_meta вызван для https://httpbin.org/bytes/1024?seq=142
2026-08-05 01:21:15 - crawler - WARNING - Домен httpbin.org временно заблокирован Circuit Breaker
2026-08-05 01:21:15 - crawler - ERROR - Ошибка при обработке https://httpbin.org/bytes/1024?seq=142: CircuitBreakerOpenError - Домен httpbin.org заблокирован
2026-08-05 01:21:15 - crawler - INFO - fetch_url_with_meta вызван для https://httpbin.org/status/200?seq=143
2026-08-05 01:21:15 - crawler - WARNING - Домен httpbin.org временно заблокирован Circuit Breaker
2026-08-05 01:21:15 - crawler - ERROR - Ошибка при обработке https://httpbin.org/status/200?seq=143: CircuitBreakerOpenError - Домен httpbin.org заблокирован
2026-08-05 01:21:15 - crawler - INFO - fetch_url_with_meta вызван для https://httpbin.org/status/404?seq=144
2026-08-05 01:21:15 - crawler - WARNING - Домен httpbin.org временно заблокирован Circuit Breaker
2026-08-05 01:21:15 - crawler - ERROR - Ошибка при обработке https://httpbin.org/status/404?seq=144: CircuitBreakerOpenError - Домен httpbin.org заблокирован
2026-08-05 01:21:15 - crawler - INFO - fetch_url_with_meta вызван для https://httpbin.org/status/500?seq=145
2026-08-05 01:21:15 - crawler - WARNING - Домен httpbin.org временно заблокирован Circuit Breaker
2026-08-05 01:21:15 - crawler - ERROR - Ошибка при обработке https://httpbin.org/status/500?seq=145: CircuitBreakerOpenError - Домен httpbin.org заблокирован
2026-08-05 01:21:15 - crawler - INFO - fetch_url_with_meta вызван для https://httpbin.org/status/503?seq=146
2026-08-05 01:21:15 - crawler - WARNING - Домен httpbin.org временно заблокирован Circuit Breaker
2026-08-05 01:21:15 - crawler - ERROR - Ошибка при обработке https://httpbin.org/status/503?seq=146: CircuitBreakerOpenError - Домен httpbin.org заблокирован
2026-08-05 01:21:15 - crawler - INFO - fetch_url_with_meta вызван для https://httpbin.org/status/429?seq=147
2026-08-05 01:21:15 - crawler - WARNING - Домен httpbin.org временно заблокирован Circuit Breaker
2026-08-05 01:21:15 - crawler - ERROR - Ошибка при обработке https://httpbin.org/status/429?seq=147: CircuitBreakerOpenError - Домен httpbin.org заблокирован
2026-08-05 01:21:15 - crawler - INFO - fetch_url_with_meta вызван для https://httpbin.org/get?seq=148
2026-08-05 01:21:15 - crawler - WARNING - Домен httpbin.org временно заблокирован Circuit Breaker
2026-08-05 01:21:15 - crawler - ERROR - Ошибка при обработке https://httpbin.org/get?seq=148: CircuitBreakerOpenError - Домен httpbin.org заблокирован
2026-08-05 01:21:15 - crawler - INFO - fetch_url_with_meta вызван для https://httpbin.org/delay/1?seq=149
2026-08-05 01:21:15 - crawler - WARNING - Домен httpbin.org временно заблокирован Circuit Breaker
2026-08-05 01:21:15 - crawler - ERROR - Ошибка при обработке https://httpbin.org/delay/1?seq=149: CircuitBreakerOpenError - Домен httpbin.org заблокирован
2026-08-05 01:21:15 - crawler - INFO - fetch_url_with_meta вызван для https://httpbin.org/delay/2?seq=150
2026-08-05 01:21:15 - crawler - WARNING - Домен httpbin.org временно заблокирован Circuit Breaker
2026-08-05 01:21:15 - crawler - ERROR - Ошибка при обработке https://httpbin.org/delay/2?seq=150: CircuitBreakerOpenError - Домен httpbin.org заблокирован
2026-08-05 01:21:15 - crawler - INFO - fetch_url_with_meta вызван для https://httpbin.org/html?seq=151
2026-08-05 01:21:15 - crawler - WARNING - Домен httpbin.org временно заблокирован Circuit Breaker
2026-08-05 01:21:15 - crawler - ERROR - Ошибка при обработке https://httpbin.org/html?seq=151: CircuitBreakerOpenError - Домен httpbin.org заблокирован
2026-08-05 01:21:15 - crawler - INFO - fetch_url_with_meta вызван для https://httpbin.org/forms/post?seq=152
2026-08-05 01:21:15 - crawler - WARNING - Домен httpbin.org временно заблокирован Circuit Breaker
2026-08-05 01:21:15 - crawler - ERROR - Ошибка при обработке https://httpbin.org/forms/post?seq=152: CircuitBreakerOpenError - Домен httpbin.org заблокирован
2026-08-05 01:21:15 - crawler - INFO - fetch_url_with_meta вызван для https://httpbin.org/bytes/1024?seq=153
2026-08-05 01:21:15 - crawler - WARNING - Домен httpbin.org временно заблокирован Circuit Breaker
2026-08-05 01:21:15 - crawler - ERROR - Ошибка при обработке https://httpbin.org/bytes/1024?seq=153: CircuitBreakerOpenError - Домен httpbin.org заблокирован
2026-08-05 01:21:15 - crawler - INFO - fetch_url_with_meta вызван для https://httpbin.org/status/200?seq=154
2026-08-05 01:21:15 - crawler - WARNING - Домен httpbin.org временно заблокирован Circuit Breaker
2026-08-05 01:21:15 - crawler - ERROR - Ошибка при обработке https://httpbin.org/status/200?seq=154: CircuitBreakerOpenError - Домен httpbin.org заблокирован
2026-08-05 01:21:15 - crawler - INFO - fetch_url_with_meta вызван для https://httpbin.org/status/404?seq=155
2026-08-05 01:21:15 - crawler - WARNING - Домен httpbin.org временно заблокирован Circuit Breaker
2026-08-05 01:21:15 - crawler - ERROR - Ошибка при обработке https://httpbin.org/status/404?seq=155: CircuitBreakerOpenError - Домен httpbin.org заблокирован
2026-08-05 01:21:15 - crawler - INFO - fetch_url_with_meta вызван для https://httpbin.org/status/500?seq=156
2026-08-05 01:21:15 - crawler - WARNING - Домен httpbin.org временно заблокирован Circuit Breaker
2026-08-05 01:21:15 - crawler - ERROR - Ошибка при обработке https://httpbin.org/status/500?seq=156: CircuitBreakerOpenError - Домен httpbin.org заблокирован
2026-08-05 01:21:15 - crawler - INFO - fetch_url_with_meta вызван для https://httpbin.org/status/503?seq=157
2026-08-05 01:21:15 - crawler - WARNING - Домен httpbin.org временно заблокирован Circuit Breaker
2026-08-05 01:21:15 - crawler - ERROR - Ошибка при обработке https://httpbin.org/status/503?seq=157: CircuitBreakerOpenError - Домен httpbin.org заблокирован
2026-08-05 01:21:15 - crawler - INFO - fetch_url_with_meta вызван для https://httpbin.org/status/429?seq=158
2026-08-05 01:21:15 - crawler - WARNING - Домен httpbin.org временно заблокирован Circuit Breaker
2026-08-05 01:21:15 - crawler - ERROR - Ошибка при обработке https://httpbin.org/status/429?seq=158: CircuitBreakerOpenError - Домен httpbin.org заблокирован
2026-08-05 01:21:15 - crawler - INFO - fetch_url_with_meta вызван для https://httpbin.org/get?seq=159
2026-08-05 01:21:15 - crawler - WARNING - Домен httpbin.org временно заблокирован Circuit Breaker
2026-08-05 01:21:15 - crawler - ERROR - Ошибка при обработке https://httpbin.org/get?seq=159: CircuitBreakerOpenError - Домен httpbin.org заблокирован
2026-08-05 01:21:15 - crawler - INFO - fetch_url_with_meta вызван для https://httpbin.org/delay/1?seq=160
2026-08-05 01:21:15 - crawler - WARNING - Домен httpbin.org временно заблокирован Circuit Breaker
2026-08-05 01:21:15 - crawler - ERROR - Ошибка при обработке https://httpbin.org/delay/1?seq=160: CircuitBreakerOpenError - Домен httpbin.org заблокирован
2026-08-05 01:21:15 - crawler - INFO - fetch_url_with_meta вызван для https://httpbin.org/delay/2?seq=161
2026-08-05 01:21:15 - crawler - WARNING - Домен httpbin.org временно заблокирован Circuit Breaker
2026-08-05 01:21:15 - crawler - ERROR - Ошибка при обработке https://httpbin.org/delay/2?seq=161: CircuitBreakerOpenError - Домен httpbin.org заблокирован
2026-08-05 01:21:15 - crawler - INFO - fetch_url_with_meta вызван для https://httpbin.org/html?seq=162
2026-08-05 01:21:15 - crawler - WARNING - Домен httpbin.org временно заблокирован Circuit Breaker
2026-08-05 01:21:15 - crawler - ERROR - Ошибка при обработке https://httpbin.org/html?seq=162: CircuitBreakerOpenError - Домен httpbin.org заблокирован
2026-08-05 01:21:15 - crawler - INFO - fetch_url_with_meta вызван для https://httpbin.org/forms/post?seq=163
2026-08-05 01:21:15 - crawler - WARNING - Домен httpbin.org временно заблокирован Circuit Breaker
2026-08-05 01:21:15 - crawler - ERROR - Ошибка при обработке https://httpbin.org/forms/post?seq=163: CircuitBreakerOpenError - Домен httpbin.org заблокирован
2026-08-05 01:21:16 - crawler - INFO - fetch_url_with_meta вызван для https://httpbin.org/bytes/1024?seq=164
2026-08-05 01:21:16 - crawler - WARNING - Домен httpbin.org временно заблокирован Circuit Breaker
2026-08-05 01:21:16 - crawler - ERROR - Ошибка при обработке https://httpbin.org/bytes/1024?seq=164: CircuitBreakerOpenError - Домен httpbin.org заблокирован
2026-08-05 01:21:16 - crawler - INFO - fetch_url_with_meta вызван для https://httpbin.org/status/200?seq=165
2026-08-05 01:21:16 - crawler - WARNING - Домен httpbin.org временно заблокирован Circuit Breaker
2026-08-05 01:21:16 - crawler - ERROR - Ошибка при обработке https://httpbin.org/status/200?seq=165: CircuitBreakerOpenError - Домен httpbin.org заблокирован
2026-08-05 01:21:16 - crawler - INFO - fetch_url_with_meta вызван для https://httpbin.org/status/404?seq=166
2026-08-05 01:21:16 - crawler - WARNING - Домен httpbin.org временно заблокирован Circuit Breaker
2026-08-05 01:21:16 - crawler - ERROR - Ошибка при обработке https://httpbin.org/status/404?seq=166: CircuitBreakerOpenError - Домен httpbin.org заблокирован
2026-08-05 01:21:16 - crawler - INFO - fetch_url_with_meta вызван для https://httpbin.org/status/500?seq=167
2026-08-05 01:21:16 - crawler - WARNING - Домен httpbin.org временно заблокирован Circuit Breaker
2026-08-05 01:21:16 - crawler - ERROR - Ошибка при обработке https://httpbin.org/status/500?seq=167: CircuitBreakerOpenError - Домен httpbin.org заблокирован
2026-08-05 01:21:16 - crawler - INFO - fetch_url_with_meta вызван для https://httpbin.org/status/503?seq=168
2026-08-05 01:21:16 - crawler - WARNING - Домен httpbin.org временно заблокирован Circuit Breaker
2026-08-05 01:21:16 - crawler - ERROR - Ошибка при обработке https://httpbin.org/status/503?seq=168: CircuitBreakerOpenError - Домен httpbin.org заблокирован
2026-08-05 01:21:16 - crawler - INFO - fetch_url_with_meta вызван для https://httpbin.org/status/429?seq=169
2026-08-05 01:21:16 - crawler - WARNING - Домен httpbin.org временно заблокирован Circuit Breaker
2026-08-05 01:21:16 - crawler - ERROR - Ошибка при обработке https://httpbin.org/status/429?seq=169: CircuitBreakerOpenError - Домен httpbin.org заблокирован
2026-08-05 01:21:16 - crawler - INFO - fetch_url_with_meta вызван для https://httpbin.org/get?seq=170
2026-08-05 01:21:16 - crawler - WARNING - Домен httpbin.org временно заблокирован Circuit Breaker
2026-08-05 01:21:16 - crawler - ERROR - Ошибка при обработке https://httpbin.org/get?seq=170: CircuitBreakerOpenError - Домен httpbin.org заблокирован
2026-08-05 01:21:16 - crawler - INFO - fetch_url_with_meta вызван для https://httpbin.org/delay/1?seq=171
2026-08-05 01:21:16 - crawler - WARNING - Домен httpbin.org временно заблокирован Circuit Breaker
2026-08-05 01:21:16 - crawler - ERROR - Ошибка при обработке https://httpbin.org/delay/1?seq=171: CircuitBreakerOpenError - Домен httpbin.org заблокирован
2026-08-05 01:21:16 - crawler - INFO - fetch_url_with_meta вызван для https://httpbin.org/delay/2?seq=172
2026-08-05 01:21:16 - crawler - WARNING - Домен httpbin.org временно заблокирован Circuit Breaker
2026-08-05 01:21:16 - crawler - ERROR - Ошибка при обработке https://httpbin.org/delay/2?seq=172: CircuitBreakerOpenError - Домен httpbin.org заблокирован
2026-08-05 01:21:16 - crawler - INFO - fetch_url_with_meta вызван для https://httpbin.org/html?seq=173
2026-08-05 01:21:16 - crawler - WARNING - Домен httpbin.org временно заблокирован Circuit Breaker
2026-08-05 01:21:16 - crawler - ERROR - Ошибка при обработке https://httpbin.org/html?seq=173: CircuitBreakerOpenError - Домен httpbin.org заблокирован
2026-08-05 01:21:16 - crawler - INFO - fetch_url_with_meta вызван для https://httpbin.org/forms/post?seq=174
2026-08-05 01:21:16 - crawler - WARNING - Домен httpbin.org временно заблокирован Circuit Breaker
2026-08-05 01:21:16 - crawler - ERROR - Ошибка при обработке https://httpbin.org/forms/post?seq=174: CircuitBreakerOpenError - Домен httpbin.org заблокирован
2026-08-05 01:21:16 - crawler - INFO - fetch_url_with_meta вызван для https://httpbin.org/bytes/1024?seq=175
2026-08-05 01:21:16 - crawler - WARNING - Домен httpbin.org временно заблокирован Circuit Breaker
2026-08-05 01:21:16 - crawler - ERROR - Ошибка при обработке https://httpbin.org/bytes/1024?seq=175: CircuitBreakerOpenError - Домен httpbin.org заблокирован
2026-08-05 01:21:16 - crawler - INFO - fetch_url_with_meta вызван для https://httpbin.org/status/200?seq=176
2026-08-05 01:21:16 - crawler - WARNING - Домен httpbin.org временно заблокирован Circuit Breaker
2026-08-05 01:21:16 - crawler - ERROR - Ошибка при обработке https://httpbin.org/status/200?seq=176: CircuitBreakerOpenError - Домен httpbin.org заблокирован
2026-08-05 01:21:16 - crawler - INFO - fetch_url_with_meta вызван для https://httpbin.org/status/404?seq=177
2026-08-05 01:21:16 - crawler - WARNING - Домен httpbin.org временно заблокирован Circuit Breaker
2026-08-05 01:21:16 - crawler - ERROR - Ошибка при обработке https://httpbin.org/status/404?seq=177: CircuitBreakerOpenError - Домен httpbin.org заблокирован
2026-08-05 01:21:16 - crawler - INFO - fetch_url_with_meta вызван для https://httpbin.org/status/500?seq=178
2026-08-05 01:21:16 - crawler - WARNING - Домен httpbin.org временно заблокирован Circuit Breaker
2026-08-05 01:21:16 - crawler - ERROR - Ошибка при обработке https://httpbin.org/status/500?seq=178: CircuitBreakerOpenError - Домен httpbin.org заблокирован
2026-08-05 01:21:16 - crawler - INFO - fetch_url_with_meta вызван для https://httpbin.org/status/503?seq=179
2026-08-05 01:21:16 - crawler - WARNING - Домен httpbin.org временно заблокирован Circuit Breaker
2026-08-05 01:21:16 - crawler - ERROR - Ошибка при обработке https://httpbin.org/status/503?seq=179: CircuitBreakerOpenError - Домен httpbin.org заблокирован
2026-08-05 01:21:16 - crawler - INFO - fetch_url_with_meta вызван для https://httpbin.org/status/429?seq=180
2026-08-05 01:21:16 - crawler - WARNING - Домен httpbin.org временно заблокирован Circuit Breaker
2026-08-05 01:21:16 - crawler - ERROR - Ошибка при обработке https://httpbin.org/status/429?seq=180: CircuitBreakerOpenError - Домен httpbin.org заблокирован
2026-08-05 01:21:16 - crawler - INFO - fetch_url_with_meta вызван для https://httpbin.org/get?seq=181
2026-08-05 01:21:16 - crawler - WARNING - Домен httpbin.org временно заблокирован Circuit Breaker
2026-08-05 01:21:16 - crawler - ERROR - Ошибка при обработке https://httpbin.org/get?seq=181: CircuitBreakerOpenError - Домен httpbin.org заблокирован
2026-08-05 01:21:16 - crawler - INFO - fetch_url_with_meta вызван для https://httpbin.org/delay/1?seq=182
2026-08-05 01:21:16 - crawler - WARNING - Домен httpbin.org временно заблокирован Circuit Breaker
2026-08-05 01:21:16 - crawler - ERROR - Ошибка при обработке https://httpbin.org/delay/1?seq=182: CircuitBreakerOpenError - Домен httpbin.org заблокирован
2026-08-05 01:21:16 - crawler - INFO - fetch_url_with_meta вызван для https://httpbin.org/delay/2?seq=183
2026-08-05 01:21:16 - crawler - WARNING - Домен httpbin.org временно заблокирован Circuit Breaker
2026-08-05 01:21:16 - crawler - ERROR - Ошибка при обработке https://httpbin.org/delay/2?seq=183: CircuitBreakerOpenError - Домен httpbin.org заблокирован
2026-08-05 01:21:16 - crawler - INFO - fetch_url_with_meta вызван для https://httpbin.org/html?seq=184
2026-08-05 01:21:16 - crawler - WARNING - Домен httpbin.org временно заблокирован Circuit Breaker
2026-08-05 01:21:16 - crawler - ERROR - Ошибка при обработке https://httpbin.org/html?seq=184: CircuitBreakerOpenError - Домен httpbin.org заблокирован
2026-08-05 01:21:16 - crawler - INFO - fetch_url_with_meta вызван для https://httpbin.org/forms/post?seq=185
2026-08-05 01:21:16 - crawler - WARNING - Домен httpbin.org временно заблокирован Circuit Breaker
2026-08-05 01:21:16 - crawler - ERROR - Ошибка при обработке https://httpbin.org/forms/post?seq=185: CircuitBreakerOpenError - Домен httpbin.org заблокирован
2026-08-05 01:21:16 - crawler - INFO - fetch_url_with_meta вызван для https://httpbin.org/bytes/1024?seq=186
2026-08-05 01:21:16 - crawler - WARNING - Домен httpbin.org временно заблокирован Circuit Breaker
2026-08-05 01:21:16 - crawler - ERROR - Ошибка при обработке https://httpbin.org/bytes/1024?seq=186: CircuitBreakerOpenError - Домен httpbin.org заблокирован
2026-08-05 01:21:16 - crawler - INFO - fetch_url_with_meta вызван для https://httpbin.org/status/200?seq=187
2026-08-05 01:21:16 - crawler - WARNING - Домен httpbin.org временно заблокирован Circuit Breaker
2026-08-05 01:21:16 - crawler - ERROR - Ошибка при обработке https://httpbin.org/status/200?seq=187: CircuitBreakerOpenError - Домен httpbin.org заблокирован
2026-08-05 01:21:16 - crawler - INFO - fetch_url_with_meta вызван для https://httpbin.org/status/404?seq=188
2026-08-05 01:21:16 - crawler - WARNING - Домен httpbin.org временно заблокирован Circuit Breaker
2026-08-05 01:21:16 - crawler - ERROR - Ошибка при обработке https://httpbin.org/status/404?seq=188: CircuitBreakerOpenError - Домен httpbin.org заблокирован
2026-08-05 01:21:16 - crawler - INFO - fetch_url_with_meta вызван для https://httpbin.org/status/500?seq=189
2026-08-05 01:21:16 - crawler - WARNING - Домен httpbin.org временно заблокирован Circuit Breaker
2026-08-05 01:21:16 - crawler - ERROR - Ошибка при обработке https://httpbin.org/status/500?seq=189: CircuitBreakerOpenError - Домен httpbin.org заблокирован
2026-08-05 01:21:16 - crawler - INFO - fetch_url_with_meta вызван для https://httpbin.org/status/503?seq=190
2026-08-05 01:21:16 - crawler - WARNING - Домен httpbin.org временно заблокирован Circuit Breaker
2026-08-05 01:21:16 - crawler - ERROR - Ошибка при обработке https://httpbin.org/status/503?seq=190: CircuitBreakerOpenError - Домен httpbin.org заблокирован
2026-08-05 01:21:16 - crawler - INFO - fetch_url_with_meta вызван для https://httpbin.org/status/429?seq=191
2026-08-05 01:21:16 - crawler - WARNING - Домен httpbin.org временно заблокирован Circuit Breaker
2026-08-05 01:21:16 - crawler - ERROR - Ошибка при обработке https://httpbin.org/status/429?seq=191: CircuitBreakerOpenError - Домен httpbin.org заблокирован
2026-08-05 01:21:16 - crawler - INFO - fetch_url_with_meta вызван для https://httpbin.org/get?seq=192
2026-08-05 01:21:16 - crawler - WARNING - Домен httpbin.org временно заблокирован Circuit Breaker
2026-08-05 01:21:16 - crawler - ERROR - Ошибка при обработке https://httpbin.org/get?seq=192: CircuitBreakerOpenError - Домен httpbin.org заблокирован
2026-08-05 01:21:16 - crawler - INFO - fetch_url_with_meta вызван для https://httpbin.org/delay/1?seq=193
2026-08-05 01:21:16 - crawler - WARNING - Домен httpbin.org временно заблокирован Circuit Breaker
2026-08-05 01:21:16 - crawler - ERROR - Ошибка при обработке https://httpbin.org/delay/1?seq=193: CircuitBreakerOpenError - Домен httpbin.org заблокирован
2026-08-05 01:21:16 - crawler - INFO - fetch_url_with_meta вызван для https://httpbin.org/delay/2?seq=194
2026-08-05 01:21:16 - crawler - WARNING - Домен httpbin.org временно заблокирован Circuit Breaker
2026-08-05 01:21:16 - crawler - ERROR - Ошибка при обработке https://httpbin.org/delay/2?seq=194: CircuitBreakerOpenError - Домен httpbin.org заблокирован
2026-08-05 01:21:16 - crawler - INFO - fetch_url_with_meta вызван для https://httpbin.org/html?seq=195
2026-08-05 01:21:16 - crawler - WARNING - Домен httpbin.org временно заблокирован Circuit Breaker
2026-08-05 01:21:16 - crawler - ERROR - Ошибка при обработке https://httpbin.org/html?seq=195: CircuitBreakerOpenError - Домен httpbin.org заблокирован
2026-08-05 01:21:16 - crawler - INFO - fetch_url_with_meta вызван для https://httpbin.org/forms/post?seq=196
2026-08-05 01:21:16 - crawler - WARNING - Домен httpbin.org временно заблокирован Circuit Breaker
2026-08-05 01:21:16 - crawler - ERROR - Ошибка при обработке https://httpbin.org/forms/post?seq=196: CircuitBreakerOpenError - Домен httpbin.org заблокирован
2026-08-05 01:21:16 - crawler - INFO - fetch_url_with_meta вызван для https://httpbin.org/bytes/1024?seq=197
2026-08-05 01:21:16 - crawler - WARNING - Домен httpbin.org временно заблокирован Circuit Breaker
2026-08-05 01:21:16 - crawler - ERROR - Ошибка при обработке https://httpbin.org/bytes/1024?seq=197: CircuitBreakerOpenError - Домен httpbin.org заблокирован
2026-08-05 01:21:16 - crawler - INFO - fetch_url_with_meta вызван для https://httpbin.org/status/200?seq=198
2026-08-05 01:21:16 - crawler - WARNING - Домен httpbin.org временно заблокирован Circuit Breaker
2026-08-05 01:21:16 - crawler - ERROR - Ошибка при обработке https://httpbin.org/status/200?seq=198: CircuitBreakerOpenError - Домен httpbin.org заблокирован
2026-08-05 01:21:16 - crawler - INFO - fetch_url_with_meta вызван для https://httpbin.org/status/404?seq=199
2026-08-05 01:21:16 - crawler - WARNING - Домен httpbin.org временно заблокирован Circuit Breaker
2026-08-05 01:21:16 - crawler - ERROR - Ошибка при обработке https://httpbin.org/status/404?seq=199: CircuitBreakerOpenError - Домен httpbin.org заблокирован
2026-08-05 01:21:16 - crawler - INFO - Start: https://httpbin.org/status/429?seq=15 (User-Agent: MyCrawler/2.0)
2026-08-05 01:21:16 - retry_strategy - WARNING - Попытка 1 не удалась (429 TOO MANY REQUESTS). Повтор через 2.00 сек.
2026-08-05 01:21:17 - retry_strategy - WARNING - Попытка 2 не удалась (503 SERVICE UNAVAILABLE). Повтор через 4.00 сек.
2026-08-05 01:21:18 - retry_strategy - WARNING - Попытка 2 не удалась (429 TOO MANY REQUESTS). Повтор через 4.00 сек.
2026-08-05 01:21:21 - retry_strategy - ERROR - Превышено максимальное число попыток (3) для TransientError: 503 SERVICE UNAVAILABLE
2026-08-05 01:21:21 - crawler - ERROR - Временная ошибка TransientError для https://httpbin.org/status/503?seq=14 (время: 9.58 с, попыток: 5, задержка до следующей: 0.00с)
2026-08-05 01:21:21 - circuit_breaker - WARNING - Circuit breaker перешёл в OPEN для домена (ошибок: 6)
2026-08-05 01:21:21 - crawler - ERROR - Ошибка при обработке https://httpbin.org/status/503?seq=14: TransientError - 503 SERVICE UNAVAILABLE
2026-08-05 01:21:25 - crawler - INFO - Start: https://httpbin.org/get?seq=16 (User-Agent: MyCrawler/2.0)
2026-08-05 01:21:28 - retry_strategy - WARNING - Попытка 1 не удалась (Timeout: Timeout on reading data from socket). Повтор через 2.00 сек.
2026-08-05 01:21:30 - crawler - INFO - Успешно загружена: https://httpbin.org/get?seq=16 (размер: 330 байт, время: 5.21 с)
2026-08-05 01:21:46 - crawler - INFO - Start: https://httpbin.org/delay/1?seq=17 (User-Agent: MyCrawler/2.0)
2026-08-05 01:21:48 - crawler - INFO - Успешно загружена: https://httpbin.org/delay/1?seq=17 (размер: 380 байт, время: 1.79 с)
2026-08-05 01:21:52 - retry_strategy - ERROR - Превышено максимальное число попыток (3) для NetworkError: Timeout: Timeout on reading data from socket
2026-08-05 01:21:52 - crawler - ERROR - Временная ошибка NetworkError для https://httpbin.org/status/429?seq=15 (время: 35.91 с, попыток: 1, задержка до следующей: 0.00с)
2026-08-05 01:21:52 - circuit_breaker - WARNING - Circuit breaker перешёл в OPEN для домена (ошибок: 7)
2026-08-05 01:21:52 - crawler - ERROR - Ошибка при обработке https://httpbin.org/status/429?seq=15: NetworkError - Timeout: Timeout on reading data from socket
2026-08-05 01:21:52 - crawler - INFO - Сессия закрыта
2026-08-05 01:22:24 - crawler - INFO - Краулер инициализирова, max_concurrent=5, Таймауты: total=20, connect=3, read=3, Пул: limit=100, per_host=30
2026-08-05 01:22:24 - crawler - INFO - Краулер инициализирова, max_concurrent=5, Таймауты: total=30, connect=3, read=3, Пул: limit=100, per_host=30
2026-08-05 01:22:24 - asyncio - ERROR - Unclosed client session
client_session: <aiohttp.client.ClientSession object at 0x794add013cb0>
2026-08-05 01:22:24 - crawler - INFO - Запуск 5 воркеров. В очереди: 2000
2026-08-05 01:22:24 - crawler - INFO - fetch_url_with_meta вызван для https://httpbin.org/status/200?seq=0
2026-08-05 01:22:24 - crawler - INFO - fetch_url_with_meta вызван для https://httpbin.org/status/404?seq=1
2026-08-05 01:22:24 - crawler - INFO - fetch_url_with_meta вызван для https://httpbin.org/status/500?seq=2
2026-08-05 01:22:24 - crawler - INFO - fetch_url_with_meta вызван для https://httpbin.org/status/503?seq=3
2026-08-05 01:22:24 - crawler - INFO - fetch_url_with_meta вызван для https://httpbin.org/status/429?seq=4
2026-08-05 01:22:24 - robots_parser - INFO - Robots.txt для httpbin.org загружен, crawl_delay=1.0
2026-08-05 01:22:24 - crawler - INFO - Start: https://httpbin.org/status/200?seq=0 (User-Agent: MyCrawler/2.0)
2026-08-05 01:22:25 - robots_parser - INFO - Robots.txt для httpbin.org загружен, crawl_delay=1.0
2026-08-05 01:22:25 - crawler - INFO - Успешно загружена: https://httpbin.org/status/200?seq=0 (размер: 0 байт, время: 0.16 с)
2026-08-05 01:22:25 - crawler - INFO - fetch_url_with_meta вызван для https://httpbin.org/get?seq=5
2026-08-05 01:22:25 - robots_parser - INFO - Robots.txt для httpbin.org загружен, crawl_delay=1.0
2026-08-05 01:22:25 - robots_parser - INFO - Robots.txt для httpbin.org загружен, crawl_delay=1.0
2026-08-05 01:22:25 - crawler - INFO - Start: https://httpbin.org/status/500?seq=2 (User-Agent: MyCrawler/2.0)
2026-08-05 01:22:26 - robots_parser - INFO - Robots.txt для httpbin.org загружен, crawl_delay=1.0
2026-08-05 01:22:27 - crawler - INFO - Start: https://httpbin.org/status/429?seq=4 (User-Agent: MyCrawler/2.0)
2026-08-05 01:22:27 - crawler - INFO - Start: https://httpbin.org/get?seq=5 (User-Agent: MyCrawler/2.0)
2026-08-05 01:22:27 - crawler - INFO - Успешно загружена: https://httpbin.org/get?seq=5 (размер: 328 байт, время: 0.23 с)
2026-08-05 01:22:27 - crawler - INFO - fetch_url_with_meta вызван для https://httpbin.org/delay/1?seq=6
2026-08-05 01:22:27 - retry_strategy - WARNING - Попытка 1 не удалась (429 TOO MANY REQUESTS). Повтор через 2.00 сек.
2026-08-05 01:22:27 - retry_strategy - WARNING - Попытка 1 не удалась (500 INTERNAL SERVER ERROR). Повтор через 2.00 сек.
2026-08-05 01:22:28 - crawler - INFO - Start: https://httpbin.org/status/503?seq=3 (User-Agent: MyCrawler/2.0)
2026-08-05 01:22:28 - retry_strategy - WARNING - Попытка 1 не удалась (503 SERVICE UNAVAILABLE). Повтор через 2.00 сек.
2026-08-05 01:22:29 - crawler - INFO - Start: https://httpbin.org/status/404?seq=1 (User-Agent: MyCrawler/2.0)
2026-08-05 01:22:29 - crawler - INFO - Start: https://httpbin.org/delay/1?seq=6 (User-Agent: MyCrawler/2.0)
2026-08-05 01:22:29 - crawler - ERROR - Постоянная ошибка PermanentError для https://httpbin.org/status/404?seq=1 (время: 0.28 с, попыток: 1, задержка до следующей: 2.00с)
2026-08-05 01:22:29 - crawler - ERROR - Ошибка при обработке https://httpbin.org/status/404?seq=1: PermanentError - 404 NOT FOUND
2026-08-05 01:22:29 - crawler - INFO - fetch_url_with_meta вызван для https://httpbin.org/delay/2?seq=7
2026-08-05 01:22:29 - retry_strategy - WARNING - Попытка 2 не удалась (429 TOO MANY REQUESTS). Повтор через 4.00 сек.
2026-08-05 01:22:30 - crawler - INFO - Start: https://httpbin.org/delay/2?seq=7 (User-Agent: MyCrawler/2.0)
2026-08-05 01:22:30 - retry_strategy - WARNING - Попытка 2 не удалась (500 INTERNAL SERVER ERROR). Повтор через 4.00 сек.
2026-08-05 01:22:30 - retry_strategy - WARNING - Попытка 2 не удалась (503 SERVICE UNAVAILABLE). Повтор через 4.00 сек.
2026-08-05 01:22:30 - crawler - INFO - Успешно загружена: https://httpbin.org/delay/1?seq=6 (размер: 378 байт, время: 1.78 с)
2026-08-05 01:22:30 - crawler - INFO - fetch_url_with_meta вызван для https://httpbin.org/html?seq=8
2026-08-05 01:22:31 - crawler - INFO - Start: https://httpbin.org/html?seq=8 (User-Agent: MyCrawler/2.0)
2026-08-05 01:22:31 - crawler - INFO - Успешно загружена: https://httpbin.org/html?seq=8 (размер: 3739 байт, время: 0.17 с)
2026-08-05 01:22:31 - crawler - INFO - fetch_url_with_meta вызван для https://httpbin.org/forms/post?seq=9
2026-08-05 01:22:32 - crawler - INFO - Start: https://httpbin.org/forms/post?seq=9 (User-Agent: MyCrawler/2.0)
2026-08-05 01:22:32 - crawler - INFO - Успешно загружена: https://httpbin.org/delay/2?seq=7 (размер: 378 байт, время: 2.18 с)
2026-08-05 01:22:32 - crawler - INFO - fetch_url_with_meta вызван для https://httpbin.org/bytes/1024?seq=10
2026-08-05 01:22:32 - crawler - INFO - Успешно загружена: https://httpbin.org/forms/post?seq=9 (размер: 1397 байт, время: 0.19 с)
2026-08-05 01:22:32 - crawler - INFO - fetch_url_with_meta вызван для https://httpbin.org/status/200?seq=11
2026-08-05 01:22:33 - crawler - INFO - Start: https://httpbin.org/bytes/1024?seq=10 (User-Agent: MyCrawler/2.0)
2026-08-05 01:22:33 - crawler - INFO - Start: https://httpbin.org/status/200?seq=11 (User-Agent: MyCrawler/2.0)
2026-08-05 01:22:33 - crawler - ERROR - Неизвестная ошибка для https://httpbin.org/bytes/1024?seq=10: UnicodeDecodeError - 'utf-8' codec can't decode bytes in position 4-5: invalid continuation byte (время: 0.17 с, попыток: 1, задержка до следующей: 2.00с)
2026-08-05 01:22:33 - crawler - ERROR - Ошибка при обработке https://httpbin.org/bytes/1024?seq=10: UnicodeDecodeError - 'utf-8' codec can't decode bytes in position 4-5: invalid continuation byte
2026-08-05 01:22:33 - crawler - INFO - fetch_url_with_meta вызван для https://httpbin.org/status/404?seq=12
2026-08-05 01:22:33 - crawler - INFO - Успешно загружена: https://httpbin.org/status/200?seq=11 (размер: 0 байт, время: 0.19 с)
2026-08-05 01:22:33 - crawler - INFO - fetch_url_with_meta вызван для https://httpbin.org/status/500?seq=13
2026-08-05 01:22:33 - retry_strategy - ERROR - Превышено максимальное число попыток (3) для RateLimitError: 429 TOO MANY REQUESTS
2026-08-05 01:22:33 - crawler - ERROR - Временная ошибка RateLimitError для https://httpbin.org/status/429?seq=4 (время: 6.84 с, попыток: 3, задержка до следующей: 0.00с)
2026-08-05 01:22:33 - crawler - ERROR - Ошибка при обработке https://httpbin.org/status/429?seq=4: RateLimitError - 429 TOO MANY REQUESTS
2026-08-05 01:22:33 - crawler - INFO - fetch_url_with_meta вызван для https://httpbin.org/status/503?seq=14
2026-08-05 01:22:34 - crawler - INFO - Start: https://httpbin.org/status/404?seq=12 (User-Agent: MyCrawler/2.0)
2026-08-05 01:22:34 - crawler - ERROR - Постоянная ошибка PermanentError для https://httpbin.org/status/404?seq=12 (время: 0.23 с, попыток: 1, задержка до следующей: 2.00с)
2026-08-05 01:22:34 - crawler - ERROR - Ошибка при обработке https://httpbin.org/status/404?seq=12: PermanentError - 404 NOT FOUND
2026-08-05 01:22:34 - crawler - INFO - fetch_url_with_meta вызван для https://httpbin.org/status/429?seq=15
2026-08-05 01:22:35 - retry_strategy - ERROR - Превышено максимальное число попыток (3) для TransientError: 503 SERVICE UNAVAILABLE
2026-08-05 01:22:35 - crawler - ERROR - Временная ошибка TransientError для https://httpbin.org/status/503?seq=3 (время: 7.24 с, попыток: 5, задержка до следующей: 0.00с)
2026-08-05 01:22:35 - crawler - ERROR - Ошибка при обработке https://httpbin.org/status/503?seq=3: TransientError - 503 SERVICE UNAVAILABLE
2026-08-05 01:22:35 - crawler - INFO - fetch_url_with_meta вызван для https://httpbin.org/get?seq=16
2026-08-05 01:22:35 - crawler - INFO - Start: https://httpbin.org/status/500?seq=13 (User-Agent: MyCrawler/2.0)
2026-08-05 01:22:35 - retry_strategy - WARNING - Попытка 1 не удалась (500 INTERNAL SERVER ERROR). Повтор через 2.00 сек.
2026-08-05 01:22:37 - retry_strategy - WARNING - Попытка 2 не удалась (500 INTERNAL SERVER ERROR). Повтор через 4.00 сек.
2026-08-05 01:22:40 - crawler - INFO - Start: https://httpbin.org/status/503?seq=14 (User-Agent: MyCrawler/2.0)
2026-08-05 01:22:41 - retry_strategy - WARNING - Попытка 1 не удалась (503 SERVICE UNAVAILABLE). Повтор через 2.00 сек.
2026-08-05 01:22:43 - retry_strategy - WARNING - Попытка 2 не удалась (503 SERVICE UNAVAILABLE). Повтор через 4.00 сек.
2026-08-05 01:22:44 - retry_strategy - ERROR - Превышено максимальное число попыток (3) для NetworkError: Timeout: Timeout on reading data from socket
2026-08-05 01:22:44 - crawler - ERROR - Временная ошибка NetworkError для https://httpbin.org/status/500?seq=2 (время: 18.96 с, попыток: 4, задержка до следующей: 0.00с)
2026-08-05 01:22:44 - crawler - ERROR - Ошибка при обработке https://httpbin.org/status/500?seq=2: NetworkError - Timeout: Timeout on reading data from socket
2026-08-05 01:22:44 - crawler - INFO - fetch_url_with_meta вызван для https://httpbin.org/delay/1?seq=17
2026-08-05 01:22:45 - crawler - INFO - Start: https://httpbin.org/status/429?seq=15 (User-Agent: MyCrawler/2.0)
2026-08-05 01:22:45 - retry_strategy - WARNING - Попытка 1 не удалась (429 TOO MANY REQUESTS). Повтор через 2.00 сек.
2026-08-05 01:22:48 - retry_strategy - ERROR - Превышено максимальное число попыток (3) для NetworkError: Timeout: Timeout on reading data from socket
2026-08-05 01:22:48 - crawler - ERROR - Временная ошибка NetworkError для https://httpbin.org/status/500?seq=13 (время: 13.35 с, попыток: 3, задержка до следующей: 0.00с)
2026-08-05 01:22:48 - circuit_breaker - WARNING - Circuit breaker перешёл в OPEN для домена (ошибок: 5)
2026-08-05 01:22:48 - crawler - ERROR - Ошибка при обработке https://httpbin.org/status/500?seq=13: NetworkError - Timeout: Timeout on reading data from socket
2026-08-05 01:22:48 - crawler - INFO - fetch_url_with_meta вызван для https://httpbin.org/delay/2?seq=18
2026-08-05 01:22:48 - crawler - WARNING - Домен httpbin.org временно заблокирован Circuit Breaker
2026-08-05 01:22:48 - crawler - ERROR - Ошибка при обработке https://httpbin.org/delay/2?seq=18: CircuitBreakerOpenError - Домен httpbin.org заблокирован
2026-08-05 01:22:48 - crawler - INFO - fetch_url_with_meta вызван для https://httpbin.org/html?seq=19
2026-08-05 01:22:48 - crawler - WARNING - Домен httpbin.org временно заблокирован Circuit Breaker
2026-08-05 01:22:48 - crawler - ERROR - Ошибка при обработке https://httpbin.org/html?seq=19: CircuitBreakerOpenError - Домен httpbin.org заблокирован
2026-08-05 01:22:48 - crawler - INFO - fetch_url_with_meta вызван для https://httpbin.org/forms/post?seq=20
2026-08-05 01:22:48 - crawler - WARNING - Домен httpbin.org временно заблокирован Circuit Breaker
2026-08-05 01:22:48 - crawler - ERROR - Ошибка при обработке https://httpbin.org/forms/post?seq=20: CircuitBreakerOpenError - Домен httpbin.org заблокирован
2026-08-05 01:22:48 - crawler - INFO - fetch_url_with_meta вызван для https://httpbin.org/bytes/1024?seq=21
2026-08-05 01:22:48 - crawler - WARNING - Домен httpbin.org временно заблокирован Circuit Breaker
2026-08-05 01:22:48 - crawler - ERROR - Ошибка при обработке https://httpbin.org/bytes/1024?seq=21: CircuitBreakerOpenError - Домен httpbin.org заблокирован
2026-08-05 01:22:48 - crawler - INFO - fetch_url_with_meta вызван для https://httpbin.org/status/200?seq=22
2026-08-05 01:22:48 - crawler - WARNING - Домен httpbin.org временно заблокирован Circuit Breaker
2026-08-05 01:22:48 - crawler - ERROR - Ошибка при обработке https://httpbin.org/status/200?seq=22: CircuitBreakerOpenError - Домен httpbin.org заблокирован
2026-08-05 01:22:48 - crawler - INFO - fetch_url_with_meta вызван для https://httpbin.org/status/404?seq=23
2026-08-05 01:22:48 - crawler - WARNING - Домен httpbin.org временно заблокирован Circuit Breaker
2026-08-05 01:22:48 - crawler - ERROR - Ошибка при обработке https://httpbin.org/status/404?seq=23: CircuitBreakerOpenError - Домен httpbin.org заблокирован
2026-08-05 01:22:48 - crawler - INFO - fetch_url_with_meta вызван для https://httpbin.org/status/500?seq=24
2026-08-05 01:22:48 - crawler - WARNING - Домен httpbin.org временно заблокирован Circuit Breaker
2026-08-05 01:22:48 - crawler - ERROR - Ошибка при обработке https://httpbin.org/status/500?seq=24: CircuitBreakerOpenError - Домен httpbin.org заблокирован
2026-08-05 01:22:48 - crawler - INFO - fetch_url_with_meta вызван для https://httpbin.org/status/503?seq=25
2026-08-05 01:22:48 - crawler - WARNING - Домен httpbin.org временно заблокирован Circuit Breaker
2026-08-05 01:22:48 - crawler - ERROR - Ошибка при обработке https://httpbin.org/status/503?seq=25: CircuitBreakerOpenError - Домен httpbin.org заблокирован
2026-08-05 01:22:48 - crawler - INFO - fetch_url_with_meta вызван для https://httpbin.org/status/429?seq=26
2026-08-05 01:22:48 - crawler - WARNING - Домен httpbin.org временно заблокирован Circuit Breaker
2026-08-05 01:22:48 - crawler - ERROR - Ошибка при обработке https://httpbin.org/status/429?seq=26: CircuitBreakerOpenError - Домен httpbin.org заблокирован
2026-08-05 01:22:48 - crawler - INFO - fetch_url_with_meta вызван для https://httpbin.org/get?seq=27
2026-08-05 01:22:48 - crawler - WARNING - Домен httpbin.org временно заблокирован Circuit Breaker
2026-08-05 01:22:48 - crawler - ERROR - Ошибка при обработке https://httpbin.org/get?seq=27: CircuitBreakerOpenError - Домен httpbin.org заблокирован
2026-08-05 01:22:48 - crawler - INFO - fetch_url_with_meta вызван для https://httpbin.org/delay/1?seq=28
2026-08-05 01:22:48 - crawler - WARNING - Домен httpbin.org временно заблокирован Circuit Breaker
2026-08-05 01:22:48 - crawler - ERROR - Ошибка при обработке https://httpbin.org/delay/1?seq=28: CircuitBreakerOpenError - Домен httpbin.org заблокирован
2026-08-05 01:22:48 - crawler - INFO - fetch_url_with_meta вызван для https://httpbin.org/delay/2?seq=29
2026-08-05 01:22:48 - crawler - WARNING - Домен httpbin.org временно заблокирован Circuit Breaker
2026-08-05 01:22:48 - crawler - ERROR - Ошибка при обработке https://httpbin.org/delay/2?seq=29: CircuitBreakerOpenError - Домен httpbin.org заблокирован
2026-08-05 01:22:48 - crawler - INFO - fetch_url_with_meta вызван для https://httpbin.org/html?seq=30
2026-08-05 01:22:48 - crawler - WARNING - Домен httpbin.org временно заблокирован Circuit Breaker
2026-08-05 01:22:48 - crawler - ERROR - Ошибка при обработке https://httpbin.org/html?seq=30: CircuitBreakerOpenError - Домен httpbin.org заблокирован
2026-08-05 01:22:48 - crawler - INFO - fetch_url_with_meta вызван для https://httpbin.org/forms/post?seq=31
2026-08-05 01:22:48 - crawler - WARNING - Домен httpbin.org временно заблокирован Circuit Breaker
2026-08-05 01:22:48 - crawler - ERROR - Ошибка при обработке https://httpbin.org/forms/post?seq=31: CircuitBreakerOpenError - Домен httpbin.org заблокирован
2026-08-05 01:22:48 - crawler - INFO - fetch_url_with_meta вызван для https://httpbin.org/bytes/1024?seq=32
2026-08-05 01:22:48 - crawler - WARNING - Домен httpbin.org временно заблокирован Circuit Breaker
2026-08-05 01:22:48 - crawler - ERROR - Ошибка при обработке https://httpbin.org/bytes/1024?seq=32: CircuitBreakerOpenError - Домен httpbin.org заблокирован
2026-08-05 01:22:48 - crawler - INFO - fetch_url_with_meta вызван для https://httpbin.org/status/200?seq=33
2026-08-05 01:22:48 - crawler - WARNING - Домен httpbin.org временно заблокирован Circuit Breaker
2026-08-05 01:22:48 - crawler - ERROR - Ошибка при обработке https://httpbin.org/status/200?seq=33: CircuitBreakerOpenError - Домен httpbin.org заблокирован
2026-08-05 01:22:48 - crawler - INFO - fetch_url_with_meta вызван для https://httpbin.org/status/404?seq=34
2026-08-05 01:22:48 - crawler - WARNING - Домен httpbin.org временно заблокирован Circuit Breaker
2026-08-05 01:22:48 - crawler - ERROR - Ошибка при обработке https://httpbin.org/status/404?seq=34: CircuitBreakerOpenError - Домен httpbin.org заблокирован
2026-08-05 01:22:48 - crawler - INFO - fetch_url_with_meta вызван для https://httpbin.org/status/500?seq=35
2026-08-05 01:22:48 - crawler - WARNING - Домен httpbin.org временно заблокирован Circuit Breaker
2026-08-05 01:22:48 - crawler - ERROR - Ошибка при обработке https://httpbin.org/status/500?seq=35: CircuitBreakerOpenError - Домен httpbin.org заблокирован
2026-08-05 01:22:48 - crawler - INFO - fetch_url_with_meta вызван для https://httpbin.org/status/503?seq=36
2026-08-05 01:22:48 - crawler - WARNING - Домен httpbin.org временно заблокирован Circuit Breaker
2026-08-05 01:22:48 - crawler - ERROR - Ошибка при обработке https://httpbin.org/status/503?seq=36: CircuitBreakerOpenError - Домен httpbin.org заблокирован
2026-08-05 01:22:48 - crawler - INFO - fetch_url_with_meta вызван для https://httpbin.org/status/429?seq=37
2026-08-05 01:22:48 - crawler - WARNING - Домен httpbin.org временно заблокирован Circuit Breaker
2026-08-05 01:22:48 - crawler - ERROR - Ошибка при обработке https://httpbin.org/status/429?seq=37: CircuitBreakerOpenError - Домен httpbin.org заблокирован
2026-08-05 01:22:48 - crawler - INFO - fetch_url_with_meta вызван для https://httpbin.org/get?seq=38
2026-08-05 01:22:48 - crawler - WARNING - Домен httpbin.org временно заблокирован Circuit Breaker
2026-08-05 01:22:48 - crawler - ERROR - Ошибка при обработке https://httpbin.org/get?seq=38: CircuitBreakerOpenError - Домен httpbin.org заблокирован
2026-08-05 01:22:48 - crawler - INFO - fetch_url_with_meta вызван для https://httpbin.org/delay/1?seq=39
2026-08-05 01:22:48 - crawler - WARNING - Домен httpbin.org временно заблокирован Circuit Breaker
2026-08-05 01:22:48 - crawler - ERROR - Ошибка при обработке https://httpbin.org/delay/1?seq=39: CircuitBreakerOpenError - Домен httpbin.org заблокирован
2026-08-05 01:22:48 - crawler - INFO - fetch_url_with_meta вызван для https://httpbin.org/delay/2?seq=40
2026-08-05 01:22:48 - crawler - WARNING - Домен httpbin.org временно заблокирован Circuit Breaker
2026-08-05 01:22:48 - crawler - ERROR - Ошибка при обработке https://httpbin.org/delay/2?seq=40: CircuitBreakerOpenError - Домен httpbin.org заблокирован
2026-08-05 01:22:48 - crawler - INFO - fetch_url_with_meta вызван для https://httpbin.org/html?seq=41
2026-08-05 01:22:48 - crawler - WARNING - Домен httpbin.org временно заблокирован Circuit Breaker
2026-08-05 01:22:48 - crawler - ERROR - Ошибка при обработке https://httpbin.org/html?seq=41: CircuitBreakerOpenError - Домен httpbin.org заблокирован
2026-08-05 01:22:48 - crawler - INFO - fetch_url_with_meta вызван для https://httpbin.org/forms/post?seq=42
2026-08-05 01:22:48 - crawler - WARNING - Домен httpbin.org временно заблокирован Circuit Breaker
2026-08-05 01:22:48 - crawler - ERROR - Ошибка при обработке https://httpbin.org/forms/post?seq=42: CircuitBreakerOpenError - Домен httpbin.org заблокирован
2026-08-05 01:22:48 - crawler - INFO - fetch_url_with_meta вызван для https://httpbin.org/bytes/1024?seq=43
2026-08-05 01:22:48 - crawler - WARNING - Домен httpbin.org временно заблокирован Circuit Breaker
2026-08-05 01:22:48 - crawler - ERROR - Ошибка при обработке https://httpbin.org/bytes/1024?seq=43: CircuitBreakerOpenError - Домен httpbin.org заблокирован
2026-08-05 01:22:49 - crawler - INFO - fetch_url_with_meta вызван для https://httpbin.org/status/200?seq=44
2026-08-05 01:22:49 - crawler - WARNING - Домен httpbin.org временно заблокирован Circuit Breaker
2026-08-05 01:22:49 - crawler - ERROR - Ошибка при обработке https://httpbin.org/status/200?seq=44: CircuitBreakerOpenError - Домен httpbin.org заблокирован
2026-08-05 01:22:49 - crawler - INFO - fetch_url_with_meta вызван для https://httpbin.org/status/404?seq=45
2026-08-05 01:22:49 - crawler - WARNING - Домен httpbin.org временно заблокирован Circuit Breaker
2026-08-05 01:22:49 - crawler - ERROR - Ошибка при обработке https://httpbin.org/status/404?seq=45: CircuitBreakerOpenError - Домен httpbin.org заблокирован
2026-08-05 01:22:49 - crawler - INFO - fetch_url_with_meta вызван для https://httpbin.org/status/500?seq=46
2026-08-05 01:22:49 - crawler - WARNING - Домен httpbin.org временно заблокирован Circuit Breaker
2026-08-05 01:22:49 - crawler - ERROR - Ошибка при обработке https://httpbin.org/status/500?seq=46: CircuitBreakerOpenError - Домен httpbin.org заблокирован
2026-08-05 01:22:49 - crawler - INFO - fetch_url_with_meta вызван для https://httpbin.org/status/503?seq=47
2026-08-05 01:22:49 - crawler - WARNING - Домен httpbin.org временно заблокирован Circuit Breaker
2026-08-05 01:22:49 - crawler - ERROR - Ошибка при обработке https://httpbin.org/status/503?seq=47: CircuitBreakerOpenError - Домен httpbin.org заблокирован
2026-08-05 01:22:49 - crawler - INFO - fetch_url_with_meta вызван для https://httpbin.org/status/429?seq=48
2026-08-05 01:22:49 - crawler - WARNING - Домен httpbin.org временно заблокирован Circuit Breaker
2026-08-05 01:22:49 - crawler - ERROR - Ошибка при обработке https://httpbin.org/status/429?seq=48: CircuitBreakerOpenError - Домен httpbin.org заблокирован
2026-08-05 01:22:49 - crawler - INFO - fetch_url_with_meta вызван для https://httpbin.org/get?seq=49
2026-08-05 01:22:49 - crawler - WARNING - Домен httpbin.org временно заблокирован Circuit Breaker
2026-08-05 01:22:49 - crawler - ERROR - Ошибка при обработке https://httpbin.org/get?seq=49: CircuitBreakerOpenError - Домен httpbin.org заблокирован
2026-08-05 01:22:49 - crawler - INFO - fetch_url_with_meta вызван для https://httpbin.org/delay/1?seq=50
2026-08-05 01:22:49 - crawler - WARNING - Домен httpbin.org временно заблокирован Circuit Breaker
2026-08-05 01:22:49 - crawler - ERROR - Ошибка при обработке https://httpbin.org/delay/1?seq=50: CircuitBreakerOpenError - Домен httpbin.org заблокирован
2026-08-05 01:22:49 - crawler - INFO - fetch_url_with_meta вызван для https://httpbin.org/delay/2?seq=51
2026-08-05 01:22:49 - crawler - WARNING - Домен httpbin.org временно заблокирован Circuit Breaker
2026-08-05 01:22:49 - crawler - ERROR - Ошибка при обработке https://httpbin.org/delay/2?seq=51: CircuitBreakerOpenError - Домен httpbin.org заблокирован
2026-08-05 01:22:49 - crawler - INFO - fetch_url_with_meta вызван для https://httpbin.org/html?seq=52
2026-08-05 01:22:49 - crawler - WARNING - Домен httpbin.org временно заблокирован Circuit Breaker
2026-08-05 01:22:49 - crawler - ERROR - Ошибка при обработке https://httpbin.org/html?seq=52: CircuitBreakerOpenError - Домен httpbin.org заблокирован
2026-08-05 01:22:49 - crawler - INFO - fetch_url_with_meta вызван для https://httpbin.org/forms/post?seq=53
2026-08-05 01:22:49 - crawler - WARNING - Домен httpbin.org временно заблокирован Circuit Breaker
2026-08-05 01:22:49 - crawler - ERROR - Ошибка при обработке https://httpbin.org/forms/post?seq=53: CircuitBreakerOpenError - Домен httpbin.org заблокирован
2026-08-05 01:22:49 - crawler - INFO - fetch_url_with_meta вызван для https://httpbin.org/bytes/1024?seq=54
2026-08-05 01:22:49 - crawler - WARNING - Домен httpbin.org временно заблокирован Circuit Breaker
2026-08-05 01:22:49 - crawler - ERROR - Ошибка при обработке https://httpbin.org/bytes/1024?seq=54: CircuitBreakerOpenError - Домен httpbin.org заблокирован
2026-08-05 01:22:49 - crawler - INFO - fetch_url_with_meta вызван для https://httpbin.org/status/200?seq=55
2026-08-05 01:22:49 - crawler - WARNING - Домен httpbin.org временно заблокирован Circuit Breaker
2026-08-05 01:22:49 - crawler - ERROR - Ошибка при обработке https://httpbin.org/status/200?seq=55: CircuitBreakerOpenError - Домен httpbin.org заблокирован
2026-08-05 01:22:49 - crawler - INFO - fetch_url_with_meta вызван для https://httpbin.org/status/404?seq=56
2026-08-05 01:22:49 - crawler - WARNING - Домен httpbin.org временно заблокирован Circuit Breaker
2026-08-05 01:22:49 - crawler - ERROR - Ошибка при обработке https://httpbin.org/status/404?seq=56: CircuitBreakerOpenError - Домен httpbin.org заблокирован
2026-08-05 01:22:49 - crawler - INFO - fetch_url_with_meta вызван для https://httpbin.org/status/500?seq=57
2026-08-05 01:22:49 - crawler - WARNING - Домен httpbin.org временно заблокирован Circuit Breaker
2026-08-05 01:22:49 - crawler - ERROR - Ошибка при обработке https://httpbin.org/status/500?seq=57: CircuitBreakerOpenError - Домен httpbin.org заблокирован
2026-08-05 01:22:49 - crawler - INFO - fetch_url_with_meta вызван для https://httpbin.org/status/503?seq=58
2026-08-05 01:22:49 - crawler - WARNING - Домен httpbin.org временно заблокирован Circuit Breaker
2026-08-05 01:22:49 - crawler - ERROR - Ошибка при обработке https://httpbin.org/status/503?seq=58: CircuitBreakerOpenError - Домен httpbin.org заблокирован
2026-08-05 01:22:49 - crawler - INFO - fetch_url_with_meta вызван для https://httpbin.org/status/429?seq=59
2026-08-05 01:22:49 - crawler - WARNING - Домен httpbin.org временно заблокирован Circuit Breaker
2026-08-05 01:22:49 - crawler - ERROR - Ошибка при обработке https://httpbin.org/status/429?seq=59: CircuitBreakerOpenError - Домен httpbin.org заблокирован
2026-08-05 01:22:49 - crawler - INFO - fetch_url_with_meta вызван для https://httpbin.org/get?seq=60
2026-08-05 01:22:49 - crawler - WARNING - Домен httpbin.org временно заблокирован Circuit Breaker
2026-08-05 01:22:49 - crawler - ERROR - Ошибка при обработке https://httpbin.org/get?seq=60: CircuitBreakerOpenError - Домен httpbin.org заблокирован
2026-08-05 01:22:49 - crawler - INFO - fetch_url_with_meta вызван для https://httpbin.org/delay/1?seq=61
2026-08-05 01:22:49 - crawler - WARNING - Домен httpbin.org временно заблокирован Circuit Breaker
2026-08-05 01:22:49 - crawler - ERROR - Ошибка при обработке https://httpbin.org/delay/1?seq=61: CircuitBreakerOpenError - Домен httpbin.org заблокирован
2026-08-05 01:22:49 - crawler - INFO - fetch_url_with_meta вызван для https://httpbin.org/delay/2?seq=62
2026-08-05 01:22:49 - crawler - WARNING - Домен httpbin.org временно заблокирован Circuit Breaker
2026-08-05 01:22:49 - crawler - ERROR - Ошибка при обработке https://httpbin.org/delay/2?seq=62: CircuitBreakerOpenError - Домен httpbin.org заблокирован
2026-08-05 01:22:49 - crawler - INFO - fetch_url_with_meta вызван для https://httpbin.org/html?seq=63
2026-08-05 01:22:49 - crawler - WARNING - Домен httpbin.org временно заблокирован Circuit Breaker
2026-08-05 01:22:49 - crawler - ERROR - Ошибка при обработке https://httpbin.org/html?seq=63: CircuitBreakerOpenError - Домен httpbin.org заблокирован
2026-08-05 01:22:49 - crawler - INFO - fetch_url_with_meta вызван для https://httpbin.org/forms/post?seq=64
2026-08-05 01:22:49 - crawler - WARNING - Домен httpbin.org временно заблокирован Circuit Breaker
2026-08-05 01:22:49 - crawler - ERROR - Ошибка при обработке https://httpbin.org/forms/post?seq=64: CircuitBreakerOpenError - Домен httpbin.org заблокирован
2026-08-05 01:22:49 - crawler - INFO - fetch_url_with_meta вызван для https://httpbin.org/bytes/1024?seq=65
2026-08-05 01:22:49 - crawler - WARNING - Домен httpbin.org временно заблокирован Circuit Breaker
2026-08-05 01:22:49 - crawler - ERROR - Ошибка при обработке https://httpbin.org/bytes/1024?seq=65: CircuitBreakerOpenError - Домен httpbin.org заблокирован
2026-08-05 01:22:49 - crawler - INFO - fetch_url_with_meta вызван для https://httpbin.org/status/200?seq=66
2026-08-05 01:22:49 - crawler - WARNING - Домен httpbin.org временно заблокирован Circuit Breaker
2026-08-05 01:22:49 - crawler - ERROR - Ошибка при обработке https://httpbin.org/status/200?seq=66: CircuitBreakerOpenError - Домен httpbin.org заблокирован
2026-08-05 01:22:49 - crawler - INFO - fetch_url_with_meta вызван для https://httpbin.org/status/404?seq=67
2026-08-05 01:22:49 - crawler - WARNING - Домен httpbin.org временно заблокирован Circuit Breaker
2026-08-05 01:22:49 - crawler - ERROR - Ошибка при обработке https://httpbin.org/status/404?seq=67: CircuitBreakerOpenError - Домен httpbin.org заблокирован
2026-08-05 01:22:49 - crawler - INFO - fetch_url_with_meta вызван для https://httpbin.org/status/500?seq=68
2026-08-05 01:22:49 - crawler - WARNING - Домен httpbin.org временно заблокирован Circuit Breaker
2026-08-05 01:22:49 - crawler - ERROR - Ошибка при обработке https://httpbin.org/status/500?seq=68: CircuitBreakerOpenError - Домен httpbin.org заблокирован
2026-08-05 01:22:49 - crawler - INFO - fetch_url_with_meta вызван для https://httpbin.org/status/503?seq=69
2026-08-05 01:22:49 - crawler - WARNING - Домен httpbin.org временно заблокирован Circuit Breaker
2026-08-05 01:22:49 - crawler - ERROR - Ошибка при обработке https://httpbin.org/status/503?seq=69: CircuitBreakerOpenError - Домен httpbin.org заблокирован
2026-08-05 01:22:49 - crawler - INFO - fetch_url_with_meta вызван для https://httpbin.org/status/429?seq=70
2026-08-05 01:22:49 - crawler - WARNING - Домен httpbin.org временно заблокирован Circuit Breaker
2026-08-05 01:22:49 - crawler - ERROR - Ошибка при обработке https://httpbin.org/status/429?seq=70: CircuitBreakerOpenError - Домен httpbin.org заблокирован
2026-08-05 01:22:49 - crawler - INFO - fetch_url_with_meta вызван для https://httpbin.org/get?seq=71
2026-08-05 01:22:49 - crawler - WARNING - Домен httpbin.org временно заблокирован Circuit Breaker
2026-08-05 01:22:49 - crawler - ERROR - Ошибка при обработке https://httpbin.org/get?seq=71: CircuitBreakerOpenError - Домен httpbin.org заблокирован
2026-08-05 01:22:49 - crawler - INFO - fetch_url_with_meta вызван для https://httpbin.org/delay/1?seq=72
2026-08-05 01:22:49 - crawler - WARNING - Домен httpbin.org временно заблокирован Circuit Breaker
2026-08-05 01:22:49 - crawler - ERROR - Ошибка при обработке https://httpbin.org/delay/1?seq=72: CircuitBreakerOpenError - Домен httpbin.org заблокирован
2026-08-05 01:22:49 - crawler - INFO - fetch_url_with_meta вызван для https://httpbin.org/delay/2?seq=73
2026-08-05 01:22:49 - crawler - WARNING - Домен httpbin.org временно заблокирован Circuit Breaker
2026-08-05 01:22:49 - crawler - ERROR - Ошибка при обработке https://httpbin.org/delay/2?seq=73: CircuitBreakerOpenError - Домен httpbin.org заблокирован
2026-08-05 01:22:49 - crawler - INFO - fetch_url_with_meta вызван для https://httpbin.org/html?seq=74
2026-08-05 01:22:49 - crawler - WARNING - Домен httpbin.org временно заблокирован Circuit Breaker
2026-08-05 01:22:49 - crawler - ERROR - Ошибка при обработке https://httpbin.org/html?seq=74: CircuitBreakerOpenError - Домен httpbin.org заблокирован
2026-08-05 01:22:49 - crawler - INFO - fetch_url_with_meta вызван для https://httpbin.org/forms/post?seq=75
2026-08-05 01:22:49 - crawler - WARNING - Домен httpbin.org временно заблокирован Circuit Breaker
2026-08-05 01:22:49 - crawler - ERROR - Ошибка при обработке https://httpbin.org/forms/post?seq=75: CircuitBreakerOpenError - Домен httpbin.org заблокирован
2026-08-05 01:22:49 - crawler - INFO - fetch_url_with_meta вызван для https://httpbin.org/bytes/1024?seq=76
2026-08-05 01:22:49 - crawler - WARNING - Домен httpbin.org временно заблокирован Circuit Breaker
2026-08-05 01:22:49 - crawler - ERROR - Ошибка при обработке https://httpbin.org/bytes/1024?seq=76: CircuitBreakerOpenError - Домен httpbin.org заблокирован
2026-08-05 01:22:49 - crawler - INFO - fetch_url_with_meta вызван для https://httpbin.org/status/200?seq=77
2026-08-05 01:22:49 - crawler - WARNING - Домен httpbin.org временно заблокирован Circuit Breaker
2026-08-05 01:22:49 - crawler - ERROR - Ошибка при обработке https://httpbin.org/status/200?seq=77: CircuitBreakerOpenError - Домен httpbin.org заблокирован
2026-08-05 01:22:49 - crawler - INFO - fetch_url_with_meta вызван для https://httpbin.org/status/404?seq=78
2026-08-05 01:22:49 - crawler - WARNING - Домен httpbin.org временно заблокирован Circuit Breaker
2026-08-05 01:22:49 - crawler - ERROR - Ошибка при обработке https://httpbin.org/status/404?seq=78: CircuitBreakerOpenError - Домен httpbin.org заблокирован
2026-08-05 01:22:49 - crawler - INFO - fetch_url_with_meta вызван для https://httpbin.org/status/500?seq=79
2026-08-05 01:22:49 - crawler - WARNING - Домен httpbin.org временно заблокирован Circuit Breaker
2026-08-05 01:22:49 - crawler - ERROR - Ошибка при обработке https://httpbin.org/status/500?seq=79: CircuitBreakerOpenError - Домен httpbin.org заблокирован
2026-08-05 01:22:49 - crawler - INFO - fetch_url_with_meta вызван для https://httpbin.org/status/503?seq=80
2026-08-05 01:22:49 - crawler - WARNING - Домен httpbin.org временно заблокирован Circuit Breaker
2026-08-05 01:22:49 - crawler - ERROR - Ошибка при обработке https://httpbin.org/status/503?seq=80: CircuitBreakerOpenError - Домен httpbin.org заблокирован
2026-08-05 01:22:49 - crawler - INFO - fetch_url_with_meta вызван для https://httpbin.org/status/429?seq=81
2026-08-05 01:22:49 - crawler - WARNING - Домен httpbin.org временно заблокирован Circuit Breaker
2026-08-05 01:22:49 - crawler - ERROR - Ошибка при обработке https://httpbin.org/status/429?seq=81: CircuitBreakerOpenError - Домен httpbin.org заблокирован
2026-08-05 01:22:49 - crawler - INFO - fetch_url_with_meta вызван для https://httpbin.org/get?seq=82
2026-08-05 01:22:49 - crawler - WARNING - Домен httpbin.org временно заблокирован Circuit Breaker
2026-08-05 01:22:49 - crawler - ERROR - Ошибка при обработке https://httpbin.org/get?seq=82: CircuitBreakerOpenError - Домен httpbin.org заблокирован
2026-08-05 01:22:49 - crawler - INFO - fetch_url_with_meta вызван для https://httpbin.org/delay/1?seq=83
2026-08-05 01:22:49 - crawler - WARNING - Домен httpbin.org временно заблокирован Circuit Breaker
2026-08-05 01:22:49 - crawler - ERROR - Ошибка при обработке https://httpbin.org/delay/1?seq=83: CircuitBreakerOpenError - Домен httpbin.org заблокирован
2026-08-05 01:22:49 - crawler - INFO - fetch_url_with_meta вызван для https://httpbin.org/delay/2?seq=84
2026-08-05 01:22:49 - crawler - WARNING - Домен httpbin.org временно заблокирован Circuit Breaker
2026-08-05 01:22:49 - crawler - ERROR - Ошибка при обработке https://httpbin.org/delay/2?seq=84: CircuitBreakerOpenError - Домен httpbin.org заблокирован
2026-08-05 01:22:49 - crawler - INFO - fetch_url_with_meta вызван для https://httpbin.org/html?seq=85
2026-08-05 01:22:49 - crawler - WARNING - Домен httpbin.org временно заблокирован Circuit Breaker
2026-08-05 01:22:49 - crawler - ERROR - Ошибка при обработке https://httpbin.org/html?seq=85: CircuitBreakerOpenError - Домен httpbin.org заблокирован
2026-08-05 01:22:49 - crawler - INFO - fetch_url_with_meta вызван для https://httpbin.org/forms/post?seq=86
2026-08-05 01:22:49 - crawler - WARNING - Домен httpbin.org временно заблокирован Circuit Breaker
2026-08-05 01:22:49 - crawler - ERROR - Ошибка при обработке https://httpbin.org/forms/post?seq=86: CircuitBreakerOpenError - Домен httpbin.org заблокирован
2026-08-05 01:22:49 - crawler - INFO - fetch_url_with_meta вызван для https://httpbin.org/bytes/1024?seq=87
2026-08-05 01:22:49 - crawler - WARNING - Домен httpbin.org временно заблокирован Circuit Breaker
2026-08-05 01:22:49 - crawler - ERROR - Ошибка при обработке https://httpbin.org/bytes/1024?seq=87: CircuitBreakerOpenError - Домен httpbin.org заблокирован
2026-08-05 01:22:49 - crawler - INFO - fetch_url_with_meta вызван для https://httpbin.org/status/200?seq=88
2026-08-05 01:22:49 - crawler - WARNING - Домен httpbin.org временно заблокирован Circuit Breaker
2026-08-05 01:22:49 - crawler - ERROR - Ошибка при обработке https://httpbin.org/status/200?seq=88: CircuitBreakerOpenError - Домен httpbin.org заблокирован
2026-08-05 01:22:49 - crawler - INFO - fetch_url_with_meta вызван для https://httpbin.org/status/404?seq=89
2026-08-05 01:22:49 - crawler - WARNING - Домен httpbin.org временно заблокирован Circuit Breaker
2026-08-05 01:22:49 - crawler - ERROR - Ошибка при обработке https://httpbin.org/status/404?seq=89: CircuitBreakerOpenError - Домен httpbin.org заблокирован
2026-08-05 01:22:49 - crawler - INFO - fetch_url_with_meta вызван для https://httpbin.org/status/500?seq=90
2026-08-05 01:22:49 - crawler - WARNING - Домен httpbin.org временно заблокирован Circuit Breaker
2026-08-05 01:22:49 - crawler - ERROR - Ошибка при обработке https://httpbin.org/status/500?seq=90: CircuitBreakerOpenError - Домен httpbin.org заблокирован
2026-08-05 01:22:49 - crawler - INFO - fetch_url_with_meta вызван для https://httpbin.org/status/503?seq=91
2026-08-05 01:22:49 - crawler - WARNING - Домен httpbin.org временно заблокирован Circuit Breaker
2026-08-05 01:22:49 - crawler - ERROR - Ошибка при обработке https://httpbin.org/status/503?seq=91: CircuitBreakerOpenError - Домен httpbin.org заблокирован
2026-08-05 01:22:49 - crawler - INFO - fetch_url_with_meta вызван для https://httpbin.org/status/429?seq=92
2026-08-05 01:22:49 - crawler - WARNING - Домен httpbin.org временно заблокирован Circuit Breaker
2026-08-05 01:22:49 - crawler - ERROR - Ошибка при обработке https://httpbin.org/status/429?seq=92: CircuitBreakerOpenError - Домен httpbin.org заблокирован
2026-08-05 01:22:49 - crawler - INFO - fetch_url_with_meta вызван для https://httpbin.org/get?seq=93
2026-08-05 01:22:49 - crawler - WARNING - Домен httpbin.org временно заблокирован Circuit Breaker
2026-08-05 01:22:49 - crawler - ERROR - Ошибка при обработке https://httpbin.org/get?seq=93: CircuitBreakerOpenError - Домен httpbin.org заблокирован
2026-08-05 01:22:49 - crawler - INFO - fetch_url_with_meta вызван для https://httpbin.org/delay/1?seq=94
2026-08-05 01:22:49 - crawler - WARNING - Домен httpbin.org временно заблокирован Circuit Breaker
2026-08-05 01:22:49 - crawler - ERROR - Ошибка при обработке https://httpbin.org/delay/1?seq=94: CircuitBreakerOpenError - Домен httpbin.org заблокирован
2026-08-05 01:22:49 - crawler - INFO - fetch_url_with_meta вызван для https://httpbin.org/delay/2?seq=95
2026-08-05 01:22:49 - crawler - WARNING - Домен httpbin.org временно заблокирован Circuit Breaker
2026-08-05 01:22:49 - crawler - ERROR - Ошибка при обработке https://httpbin.org/delay/2?seq=95: CircuitBreakerOpenError - Домен httpbin.org заблокирован
2026-08-05 01:22:49 - crawler - INFO - fetch_url_with_meta вызван для https://httpbin.org/html?seq=96
2026-08-05 01:22:49 - crawler - WARNING - Домен httpbin.org временно заблокирован Circuit Breaker
2026-08-05 01:22:49 - crawler - ERROR - Ошибка при обработке https://httpbin.org/html?seq=96: CircuitBreakerOpenError - Домен httpbin.org заблокирован
2026-08-05 01:22:49 - crawler - INFO - fetch_url_with_meta вызван для https://httpbin.org/forms/post?seq=97
2026-08-05 01:22:49 - crawler - WARNING - Домен httpbin.org временно заблокирован Circuit Breaker
2026-08-05 01:22:49 - crawler - ERROR - Ошибка при обработке https://httpbin.org/forms/post?seq=97: CircuitBreakerOpenError - Домен httpbin.org заблокирован
2026-08-05 01:22:49 - crawler - INFO - fetch_url_with_meta вызван для https://httpbin.org/bytes/1024?seq=98
2026-08-05 01:22:49 - crawler - WARNING - Домен httpbin.org временно заблокирован Circuit Breaker
2026-08-05 01:22:49 - crawler - ERROR - Ошибка при обработке https://httpbin.org/bytes/1024?seq=98: CircuitBreakerOpenError - Домен httpbin.org заблокирован
2026-08-05 01:22:49 - crawler - INFO - fetch_url_with_meta вызван для https://httpbin.org/status/200?seq=99
2026-08-05 01:22:49 - crawler - WARNING - Домен httpbin.org временно заблокирован Circuit Breaker
2026-08-05 01:22:49 - crawler - ERROR - Ошибка при обработке https://httpbin.org/status/200?seq=99: CircuitBreakerOpenError - Домен httpbin.org заблокирован
2026-08-05 01:22:49 - crawler - INFO - fetch_url_with_meta вызван для https://httpbin.org/status/404?seq=100
2026-08-05 01:22:49 - crawler - WARNING - Домен httpbin.org временно заблокирован Circuit Breaker
2026-08-05 01:22:49 - crawler - ERROR - Ошибка при обработке https://httpbin.org/status/404?seq=100: CircuitBreakerOpenError - Домен httpbin.org заблокирован
2026-08-05 01:22:49 - crawler - INFO - fetch_url_with_meta вызван для https://httpbin.org/status/500?seq=101
2026-08-05 01:22:49 - crawler - WARNING - Домен httpbin.org временно заблокирован Circuit Breaker
2026-08-05 01:22:49 - crawler - ERROR - Ошибка при обработке https://httpbin.org/status/500?seq=101: CircuitBreakerOpenError - Домен httpbin.org заблокирован
2026-08-05 01:22:49 - crawler - INFO - fetch_url_with_meta вызван для https://httpbin.org/status/503?seq=102
2026-08-05 01:22:49 - crawler - WARNING - Домен httpbin.org временно заблокирован Circuit Breaker
2026-08-05 01:22:49 - crawler - ERROR - Ошибка при обработке https://httpbin.org/status/503?seq=102: CircuitBreakerOpenError - Домен httpbin.org заблокирован
2026-08-05 01:22:49 - crawler - INFO - fetch_url_with_meta вызван для https://httpbin.org/status/429?seq=103
2026-08-05 01:22:49 - crawler - WARNING - Домен httpbin.org временно заблокирован Circuit Breaker
2026-08-05 01:22:49 - crawler - ERROR - Ошибка при обработке https://httpbin.org/status/429?seq=103: CircuitBreakerOpenError - Домен httpbin.org заблокирован
2026-08-05 01:22:49 - crawler - INFO - fetch_url_with_meta вызван для https://httpbin.org/get?seq=104
2026-08-05 01:22:49 - crawler - WARNING - Домен httpbin.org временно заблокирован Circuit Breaker
2026-08-05 01:22:49 - crawler - ERROR - Ошибка при обработке https://httpbin.org/get?seq=104: CircuitBreakerOpenError - Домен httpbin.org заблокирован
2026-08-05 01:22:49 - crawler - INFO - fetch_url_with_meta вызван для https://httpbin.org/delay/1?seq=105
2026-08-05 01:22:49 - crawler - WARNING - Домен httpbin.org временно заблокирован Circuit Breaker
2026-08-05 01:22:49 - crawler - ERROR - Ошибка при обработке https://httpbin.org/delay/1?seq=105: CircuitBreakerOpenError - Домен httpbin.org заблокирован
2026-08-05 01:22:49 - crawler - INFO - fetch_url_with_meta вызван для https://httpbin.org/delay/2?seq=106
2026-08-05 01:22:49 - crawler - WARNING - Домен httpbin.org временно заблокирован Circuit Breaker
2026-08-05 01:22:49 - crawler - ERROR - Ошибка при обработке https://httpbin.org/delay/2?seq=106: CircuitBreakerOpenError - Домен httpbin.org заблокирован
2026-08-05 01:22:49 - crawler - INFO - fetch_url_with_meta вызван для https://httpbin.org/html?seq=107
2026-08-05 01:22:49 - crawler - WARNING - Домен httpbin.org временно заблокирован Circuit Breaker
2026-08-05 01:22:49 - crawler - ERROR - Ошибка при обработке https://httpbin.org/html?seq=107: CircuitBreakerOpenError - Домен httpbin.org заблокирован
2026-08-05 01:22:49 - crawler - INFO - fetch_url_with_meta вызван для https://httpbin.org/forms/post?seq=108
2026-08-05 01:22:49 - crawler - WARNING - Домен httpbin.org временно заблокирован Circuit Breaker
2026-08-05 01:22:49 - crawler - ERROR - Ошибка при обработке https://httpbin.org/forms/post?seq=108: CircuitBreakerOpenError - Домен httpbin.org заблокирован
2026-08-05 01:22:49 - crawler - INFO - fetch_url_with_meta вызван для https://httpbin.org/bytes/1024?seq=109
2026-08-05 01:22:49 - crawler - WARNING - Домен httpbin.org временно заблокирован Circuit Breaker
2026-08-05 01:22:49 - crawler - ERROR - Ошибка при обработке https://httpbin.org/bytes/1024?seq=109: CircuitBreakerOpenError - Домен httpbin.org заблокирован
2026-08-05 01:22:49 - crawler - INFO - fetch_url_with_meta вызван для https://httpbin.org/status/200?seq=110
2026-08-05 01:22:49 - crawler - WARNING - Домен httpbin.org временно заблокирован Circuit Breaker
2026-08-05 01:22:49 - crawler - ERROR - Ошибка при обработке https://httpbin.org/status/200?seq=110: CircuitBreakerOpenError - Домен httpbin.org заблокирован
2026-08-05 01:22:49 - crawler - INFO - fetch_url_with_meta вызван для https://httpbin.org/status/404?seq=111
2026-08-05 01:22:49 - crawler - WARNING - Домен httpbin.org временно заблокирован Circuit Breaker
2026-08-05 01:22:49 - crawler - ERROR - Ошибка при обработке https://httpbin.org/status/404?seq=111: CircuitBreakerOpenError - Домен httpbin.org заблокирован
2026-08-05 01:22:49 - crawler - INFO - fetch_url_with_meta вызван для https://httpbin.org/status/500?seq=112
2026-08-05 01:22:49 - crawler - WARNING - Домен httpbin.org временно заблокирован Circuit Breaker
2026-08-05 01:22:49 - crawler - ERROR - Ошибка при обработке https://httpbin.org/status/500?seq=112: CircuitBreakerOpenError - Домен httpbin.org заблокирован
2026-08-05 01:22:49 - crawler - INFO - fetch_url_with_meta вызван для https://httpbin.org/status/503?seq=113
2026-08-05 01:22:49 - crawler - WARNING - Домен httpbin.org временно заблокирован Circuit Breaker
2026-08-05 01:22:49 - crawler - ERROR - Ошибка при обработке https://httpbin.org/status/503?seq=113: CircuitBreakerOpenError - Домен httpbin.org заблокирован
2026-08-05 01:22:49 - crawler - INFO - fetch_url_with_meta вызван для https://httpbin.org/status/429?seq=114
2026-08-05 01:22:49 - crawler - WARNING - Домен httpbin.org временно заблокирован Circuit Breaker
2026-08-05 01:22:49 - crawler - ERROR - Ошибка при обработке https://httpbin.org/status/429?seq=114: CircuitBreakerOpenError - Домен httpbin.org заблокирован
2026-08-05 01:22:49 - crawler - INFO - fetch_url_with_meta вызван для https://httpbin.org/get?seq=115
2026-08-05 01:22:49 - crawler - WARNING - Домен httpbin.org временно заблокирован Circuit Breaker
2026-08-05 01:22:49 - crawler - ERROR - Ошибка при обработке https://httpbin.org/get?seq=115: CircuitBreakerOpenError - Домен httpbin.org заблокирован
2026-08-05 01:22:49 - crawler - INFO - fetch_url_with_meta вызван для https://httpbin.org/delay/1?seq=116
2026-08-05 01:22:49 - crawler - WARNING - Домен httpbin.org временно заблокирован Circuit Breaker
2026-08-05 01:22:49 - crawler - ERROR - Ошибка при обработке https://httpbin.org/delay/1?seq=116: CircuitBreakerOpenError - Домен httpbin.org заблокирован
2026-08-05 01:22:49 - crawler - INFO - fetch_url_with_meta вызван для https://httpbin.org/delay/2?seq=117
2026-08-05 01:22:49 - crawler - WARNING - Домен httpbin.org временно заблокирован Circuit Breaker
2026-08-05 01:22:49 - crawler - ERROR - Ошибка при обработке https://httpbin.org/delay/2?seq=117: CircuitBreakerOpenError - Домен httpbin.org заблокирован
2026-08-05 01:22:49 - crawler - INFO - fetch_url_with_meta вызван для https://httpbin.org/html?seq=118
2026-08-05 01:22:49 - crawler - WARNING - Домен httpbin.org временно заблокирован Circuit Breaker
2026-08-05 01:22:49 - crawler - ERROR - Ошибка при обработке https://httpbin.org/html?seq=118: CircuitBreakerOpenError - Домен httpbin.org заблокирован
2026-08-05 01:22:49 - crawler - INFO - fetch_url_with_meta вызван для https://httpbin.org/forms/post?seq=119
2026-08-05 01:22:49 - crawler - WARNING - Домен httpbin.org временно заблокирован Circuit Breaker
2026-08-05 01:22:49 - crawler - ERROR - Ошибка при обработке https://httpbin.org/forms/post?seq=119: CircuitBreakerOpenError - Домен httpbin.org заблокирован
2026-08-05 01:22:49 - crawler - INFO - fetch_url_with_meta вызван для https://httpbin.org/bytes/1024?seq=120
2026-08-05 01:22:49 - crawler - WARNING - Домен httpbin.org временно заблокирован Circuit Breaker
2026-08-05 01:22:49 - crawler - ERROR - Ошибка при обработке https://httpbin.org/bytes/1024?seq=120: CircuitBreakerOpenError - Домен httpbin.org заблокирован
2026-08-05 01:22:49 - crawler - INFO - fetch_url_with_meta вызван для https://httpbin.org/status/200?seq=121
2026-08-05 01:22:49 - crawler - WARNING - Домен httpbin.org временно заблокирован Circuit Breaker
2026-08-05 01:22:49 - crawler - ERROR - Ошибка при обработке https://httpbin.org/status/200?seq=121: CircuitBreakerOpenError - Домен httpbin.org заблокирован
2026-08-05 01:22:49 - crawler - INFO - fetch_url_with_meta вызван для https://httpbin.org/status/404?seq=122
2026-08-05 01:22:49 - crawler - WARNING - Домен httpbin.org временно заблокирован Circuit Breaker
2026-08-05 01:22:49 - crawler - ERROR - Ошибка при обработке https://httpbin.org/status/404?seq=122: CircuitBreakerOpenError - Домен httpbin.org заблокирован
2026-08-05 01:22:49 - crawler - INFO - fetch_url_with_meta вызван для https://httpbin.org/status/500?seq=123
2026-08-05 01:22:49 - crawler - WARNING - Домен httpbin.org временно заблокирован Circuit Breaker
2026-08-05 01:22:49 - crawler - ERROR - Ошибка при обработке https://httpbin.org/status/500?seq=123: CircuitBreakerOpenError - Домен httpbin.org заблокирован
2026-08-05 01:22:50 - crawler - INFO - fetch_url_with_meta вызван для https://httpbin.org/status/503?seq=124
2026-08-05 01:22:50 - crawler - WARNING - Домен httpbin.org временно заблокирован Circuit Breaker
2026-08-05 01:22:50 - crawler - ERROR - Ошибка при обработке https://httpbin.org/status/503?seq=124: CircuitBreakerOpenError - Домен httpbin.org заблокирован
2026-08-05 01:22:50 - crawler - INFO - fetch_url_with_meta вызван для https://httpbin.org/status/429?seq=125
2026-08-05 01:22:50 - crawler - WARNING - Домен httpbin.org временно заблокирован Circuit Breaker
2026-08-05 01:22:50 - crawler - ERROR - Ошибка при обработке https://httpbin.org/status/429?seq=125: CircuitBreakerOpenError - Домен httpbin.org заблокирован
2026-08-05 01:22:50 - crawler - INFO - fetch_url_with_meta вызван для https://httpbin.org/get?seq=126
2026-08-05 01:22:50 - crawler - WARNING - Домен httpbin.org временно заблокирован Circuit Breaker
2026-08-05 01:22:50 - crawler - ERROR - Ошибка при обработке https://httpbin.org/get?seq=126: CircuitBreakerOpenError - Домен httpbin.org заблокирован
2026-08-05 01:22:50 - crawler - INFO - fetch_url_with_meta вызван для https://httpbin.org/delay/1?seq=127
2026-08-05 01:22:50 - crawler - WARNING - Домен httpbin.org временно заблокирован Circuit Breaker
2026-08-05 01:22:50 - crawler - ERROR - Ошибка при обработке https://httpbin.org/delay/1?seq=127: CircuitBreakerOpenError - Домен httpbin.org заблокирован
2026-08-05 01:22:50 - crawler - INFO - fetch_url_with_meta вызван для https://httpbin.org/delay/2?seq=128
2026-08-05 01:22:50 - crawler - WARNING - Домен httpbin.org временно заблокирован Circuit Breaker
2026-08-05 01:22:50 - crawler - ERROR - Ошибка при обработке https://httpbin.org/delay/2?seq=128: CircuitBreakerOpenError - Домен httpbin.org заблокирован
2026-08-05 01:22:50 - crawler - INFO - fetch_url_with_meta вызван для https://httpbin.org/html?seq=129
2026-08-05 01:22:50 - crawler - WARNING - Домен httpbin.org временно заблокирован Circuit Breaker
2026-08-05 01:22:50 - crawler - ERROR - Ошибка при обработке https://httpbin.org/html?seq=129: CircuitBreakerOpenError - Домен httpbin.org заблокирован
2026-08-05 01:22:50 - crawler - INFO - fetch_url_with_meta вызван для https://httpbin.org/forms/post?seq=130
2026-08-05 01:22:50 - crawler - WARNING - Домен httpbin.org временно заблокирован Circuit Breaker
2026-08-05 01:22:50 - crawler - ERROR - Ошибка при обработке https://httpbin.org/forms/post?seq=130: CircuitBreakerOpenError - Домен httpbin.org заблокирован
2026-08-05 01:22:50 - crawler - INFO - fetch_url_with_meta вызван для https://httpbin.org/bytes/1024?seq=131
2026-08-05 01:22:50 - crawler - WARNING - Домен httpbin.org временно заблокирован Circuit Breaker
2026-08-05 01:22:50 - crawler - ERROR - Ошибка при обработке https://httpbin.org/bytes/1024?seq=131: CircuitBreakerOpenError - Домен httpbin.org заблокирован
2026-08-05 01:22:50 - crawler - INFO - fetch_url_with_meta вызван для https://httpbin.org/status/200?seq=132
2026-08-05 01:22:50 - crawler - WARNING - Домен httpbin.org временно заблокирован Circuit Breaker
2026-08-05 01:22:50 - crawler - ERROR - Ошибка при обработке https://httpbin.org/status/200?seq=132: CircuitBreakerOpenError - Домен httpbin.org заблокирован
2026-08-05 01:22:50 - crawler - INFO - fetch_url_with_meta вызван для https://httpbin.org/status/404?seq=133
2026-08-05 01:22:50 - crawler - WARNING - Домен httpbin.org временно заблокирован Circuit Breaker
2026-08-05 01:22:50 - crawler - ERROR - Ошибка при обработке https://httpbin.org/status/404?seq=133: CircuitBreakerOpenError - Домен httpbin.org заблокирован
2026-08-05 01:22:50 - crawler - INFO - fetch_url_with_meta вызван для https://httpbin.org/status/500?seq=134
2026-08-05 01:22:50 - crawler - WARNING - Домен httpbin.org временно заблокирован Circuit Breaker
2026-08-05 01:22:50 - crawler - ERROR - Ошибка при обработке https://httpbin.org/status/500?seq=134: CircuitBreakerOpenError - Домен httpbin.org заблокирован
2026-08-05 01:22:50 - crawler - INFO - fetch_url_with_meta вызван для https://httpbin.org/status/503?seq=135
2026-08-05 01:22:50 - crawler - WARNING - Домен httpbin.org временно заблокирован Circuit Breaker
2026-08-05 01:22:50 - crawler - ERROR - Ошибка при обработке https://httpbin.org/status/503?seq=135: CircuitBreakerOpenError - Домен httpbin.org заблокирован
2026-08-05 01:22:50 - crawler - INFO - fetch_url_with_meta вызван для https://httpbin.org/status/429?seq=136
2026-08-05 01:22:50 - crawler - WARNING - Домен httpbin.org временно заблокирован Circuit Breaker
2026-08-05 01:22:50 - crawler - ERROR - Ошибка при обработке https://httpbin.org/status/429?seq=136: CircuitBreakerOpenError - Домен httpbin.org заблокирован
2026-08-05 01:22:50 - crawler - INFO - fetch_url_with_meta вызван для https://httpbin.org/get?seq=137
2026-08-05 01:22:50 - crawler - WARNING - Домен httpbin.org временно заблокирован Circuit Breaker
2026-08-05 01:22:50 - crawler - ERROR - Ошибка при обработке https://httpbin.org/get?seq=137: CircuitBreakerOpenError - Домен httpbin.org заблокирован
2026-08-05 01:22:50 - crawler - INFO - fetch_url_with_meta вызван для https://httpbin.org/delay/1?seq=138
2026-08-05 01:22:50 - crawler - WARNING - Домен httpbin.org временно заблокирован Circuit Breaker
2026-08-05 01:22:50 - crawler - ERROR - Ошибка при обработке https://httpbin.org/delay/1?seq=138: CircuitBreakerOpenError - Домен httpbin.org заблокирован
2026-08-05 01:22:50 - crawler - INFO - fetch_url_with_meta вызван для https://httpbin.org/delay/2?seq=139
2026-08-05 01:22:50 - crawler - WARNING - Домен httpbin.org временно заблокирован Circuit Breaker
2026-08-05 01:22:50 - crawler - ERROR - Ошибка при обработке https://httpbin.org/delay/2?seq=139: CircuitBreakerOpenError - Домен httpbin.org заблокирован
2026-08-05 01:22:50 - crawler - INFO - fetch_url_with_meta вызван для https://httpbin.org/html?seq=140
2026-08-05 01:22:50 - crawler - WARNING - Домен httpbin.org временно заблокирован Circuit Breaker
2026-08-05 01:22:50 - crawler - ERROR - Ошибка при обработке https://httpbin.org/html?seq=140: CircuitBreakerOpenError - Домен httpbin.org заблокирован
2026-08-05 01:22:50 - crawler - INFO - fetch_url_with_meta вызван для https://httpbin.org/forms/post?seq=141
2026-08-05 01:22:50 - crawler - WARNING - Домен httpbin.org временно заблокирован Circuit Breaker
2026-08-05 01:22:50 - crawler - ERROR - Ошибка при обработке https://httpbin.org/forms/post?seq=141: CircuitBreakerOpenError - Домен httpbin.org заблокирован
2026-08-05 01:22:50 - crawler - INFO - fetch_url_with_meta вызван для https://httpbin.org/bytes/1024?seq=142
2026-08-05 01:22:50 - crawler - WARNING - Домен httpbin.org временно заблокирован Circuit Breaker
2026-08-05 01:22:50 - crawler - ERROR - Ошибка при обработке https://httpbin.org/bytes/1024?seq=142: CircuitBreakerOpenError - Домен httpbin.org заблокирован
2026-08-05 01:22:50 - crawler - INFO - fetch_url_with_meta вызван для https://httpbin.org/status/200?seq=143
2026-08-05 01:22:50 - crawler - WARNING - Домен httpbin.org временно заблокирован Circuit Breaker
2026-08-05 01:22:50 - crawler - ERROR - Ошибка при обработке https://httpbin.org/status/200?seq=143: CircuitBreakerOpenError - Домен httpbin.org заблокирован
2026-08-05 01:22:50 - crawler - INFO - fetch_url_with_meta вызван для https://httpbin.org/status/404?seq=144
2026-08-05 01:22:50 - crawler - WARNING - Домен httpbin.org временно заблокирован Circuit Breaker
2026-08-05 01:22:50 - crawler - ERROR - Ошибка при обработке https://httpbin.org/status/404?seq=144: CircuitBreakerOpenError - Домен httpbin.org заблокирован
2026-08-05 01:22:50 - crawler - INFO - fetch_url_with_meta вызван для https://httpbin.org/status/500?seq=145
2026-08-05 01:22:50 - crawler - WARNING - Домен httpbin.org временно заблокирован Circuit Breaker
2026-08-05 01:22:50 - crawler - ERROR - Ошибка при обработке https://httpbin.org/status/500?seq=145: CircuitBreakerOpenError - Домен httpbin.org заблокирован
2026-08-05 01:22:50 - crawler - INFO - fetch_url_with_meta вызван для https://httpbin.org/status/503?seq=146
2026-08-05 01:22:50 - crawler - WARNING - Домен httpbin.org временно заблокирован Circuit Breaker
2026-08-05 01:22:50 - crawler - ERROR - Ошибка при обработке https://httpbin.org/status/503?seq=146: CircuitBreakerOpenError - Домен httpbin.org заблокирован
2026-08-05 01:22:50 - crawler - INFO - fetch_url_with_meta вызван для https://httpbin.org/status/429?seq=147
2026-08-05 01:22:50 - crawler - WARNING - Домен httpbin.org временно заблокирован Circuit Breaker
2026-08-05 01:22:50 - crawler - ERROR - Ошибка при обработке https://httpbin.org/status/429?seq=147: CircuitBreakerOpenError - Домен httpbin.org заблокирован
2026-08-05 01:22:50 - crawler - INFO - fetch_url_with_meta вызван для https://httpbin.org/get?seq=148
2026-08-05 01:22:50 - crawler - WARNING - Домен httpbin.org временно заблокирован Circuit Breaker
2026-08-05 01:22:50 - crawler - ERROR - Ошибка при обработке https://httpbin.org/get?seq=148: CircuitBreakerOpenError - Домен httpbin.org заблокирован
2026-08-05 01:22:50 - crawler - INFO - fetch_url_with_meta вызван для https://httpbin.org/delay/1?seq=149
2026-08-05 01:22:50 - crawler - WARNING - Домен httpbin.org временно заблокирован Circuit Breaker
2026-08-05 01:22:50 - crawler - ERROR - Ошибка при обработке https://httpbin.org/delay/1?seq=149: CircuitBreakerOpenError - Домен httpbin.org заблокирован
2026-08-05 01:22:50 - crawler - INFO - fetch_url_with_meta вызван для https://httpbin.org/delay/2?seq=150
2026-08-05 01:22:50 - crawler - WARNING - Домен httpbin.org временно заблокирован Circuit Breaker
2026-08-05 01:22:50 - crawler - ERROR - Ошибка при обработке https://httpbin.org/delay/2?seq=150: CircuitBreakerOpenError - Домен httpbin.org заблокирован
2026-08-05 01:22:50 - crawler - INFO - fetch_url_with_meta вызван для https://httpbin.org/html?seq=151
2026-08-05 01:22:50 - crawler - WARNING - Домен httpbin.org временно заблокирован Circuit Breaker
2026-08-05 01:22:50 - crawler - ERROR - Ошибка при обработке https://httpbin.org/html?seq=151: CircuitBreakerOpenError - Домен httpbin.org заблокирован
2026-08-05 01:22:50 - crawler - INFO - fetch_url_with_meta вызван для https://httpbin.org/forms/post?seq=152
2026-08-05 01:22:50 - crawler - WARNING - Домен httpbin.org временно заблокирован Circuit Breaker
2026-08-05 01:22:50 - crawler - ERROR - Ошибка при обработке https://httpbin.org/forms/post?seq=152: CircuitBreakerOpenError - Домен httpbin.org заблокирован
2026-08-05 01:22:50 - crawler - INFO - fetch_url_with_meta вызван для https://httpbin.org/bytes/1024?seq=153
2026-08-05 01:22:50 - crawler - WARNING - Домен httpbin.org временно заблокирован Circuit Breaker
2026-08-05 01:22:50 - crawler - ERROR - Ошибка при обработке https://httpbin.org/bytes/1024?seq=153: CircuitBreakerOpenError - Домен httpbin.org заблокирован
2026-08-05 01:22:50 - crawler - INFO - fetch_url_with_meta вызван для https://httpbin.org/status/200?seq=154
2026-08-05 01:22:50 - crawler - WARNING - Домен httpbin.org временно заблокирован Circuit Breaker
2026-08-05 01:22:50 - crawler - ERROR - Ошибка при обработке https://httpbin.org/status/200?seq=154: CircuitBreakerOpenError - Домен httpbin.org заблокирован
2026-08-05 01:22:50 - crawler - INFO - fetch_url_with_meta вызван для https://httpbin.org/status/404?seq=155
2026-08-05 01:22:50 - crawler - WARNING - Домен httpbin.org временно заблокирован Circuit Breaker
2026-08-05 01:22:50 - crawler - ERROR - Ошибка при обработке https://httpbin.org/status/404?seq=155: CircuitBreakerOpenError - Домен httpbin.org заблокирован
2026-08-05 01:22:50 - crawler - INFO - fetch_url_with_meta вызван для https://httpbin.org/status/500?seq=156
2026-08-05 01:22:50 - crawler - WARNING - Домен httpbin.org временно заблокирован Circuit Breaker
2026-08-05 01:22:50 - crawler - ERROR - Ошибка при обработке https://httpbin.org/status/500?seq=156: CircuitBreakerOpenError - Домен httpbin.org заблокирован
2026-08-05 01:22:50 - crawler - INFO - fetch_url_with_meta вызван для https://httpbin.org/status/503?seq=157
2026-08-05 01:22:50 - crawler - WARNING - Домен httpbin.org временно заблокирован Circuit Breaker
2026-08-05 01:22:50 - crawler - ERROR - Ошибка при обработке https://httpbin.org/status/503?seq=157: CircuitBreakerOpenError - Домен httpbin.org заблокирован
2026-08-05 01:22:50 - crawler - INFO - fetch_url_with_meta вызван для https://httpbin.org/status/429?seq=158
2026-08-05 01:22:50 - crawler - WARNING - Домен httpbin.org временно заблокирован Circuit Breaker
2026-08-05 01:22:50 - crawler - ERROR - Ошибка при обработке https://httpbin.org/status/429?seq=158: CircuitBreakerOpenError - Домен httpbin.org заблокирован
2026-08-05 01:22:50 - crawler - INFO - fetch_url_with_meta вызван для https://httpbin.org/get?seq=159
2026-08-05 01:22:50 - crawler - WARNING - Домен httpbin.org временно заблокирован Circuit Breaker
2026-08-05 01:22:50 - crawler - ERROR - Ошибка при обработке https://httpbin.org/get?seq=159: CircuitBreakerOpenError - Домен httpbin.org заблокирован
2026-08-05 01:22:50 - crawler - INFO - fetch_url_with_meta вызван для https://httpbin.org/delay/1?seq=160
2026-08-05 01:22:50 - crawler - WARNING - Домен httpbin.org временно заблокирован Circuit Breaker
2026-08-05 01:22:50 - crawler - ERROR - Ошибка при обработке https://httpbin.org/delay/1?seq=160: CircuitBreakerOpenError - Домен httpbin.org заблокирован
2026-08-05 01:22:50 - crawler - INFO - fetch_url_with_meta вызван для https://httpbin.org/delay/2?seq=161
2026-08-05 01:22:50 - crawler - WARNING - Домен httpbin.org временно заблокирован Circuit Breaker
2026-08-05 01:22:50 - crawler - ERROR - Ошибка при обработке https://httpbin.org/delay/2?seq=161: CircuitBreakerOpenError - Домен httpbin.org заблокирован
2026-08-05 01:22:50 - crawler - INFO - fetch_url_with_meta вызван для https://httpbin.org/html?seq=162
2026-08-05 01:22:50 - crawler - WARNING - Домен httpbin.org временно заблокирован Circuit Breaker
2026-08-05 01:22:50 - crawler - ERROR - Ошибка при обработке https://httpbin.org/html?seq=162: CircuitBreakerOpenError - Домен httpbin.org заблокирован
2026-08-05 01:22:50 - crawler - INFO - fetch_url_with_meta вызван для https://httpbin.org/forms/post?seq=163
2026-08-05 01:22:50 - crawler - WARNING - Домен httpbin.org временно заблокирован Circuit Breaker
2026-08-05 01:22:50 - crawler - ERROR - Ошибка при обработке https://httpbin.org/forms/post?seq=163: CircuitBreakerOpenError - Домен httpbin.org заблокирован
2026-08-05 01:22:50 - crawler - INFO - fetch_url_with_meta вызван для https://httpbin.org/bytes/1024?seq=164
2026-08-05 01:22:50 - crawler - WARNING - Домен httpbin.org временно заблокирован Circuit Breaker
2026-08-05 01:22:50 - crawler - ERROR - Ошибка при обработке https://httpbin.org/bytes/1024?seq=164: CircuitBreakerOpenError - Домен httpbin.org заблокирован
2026-08-05 01:22:50 - crawler - INFO - fetch_url_with_meta вызван для https://httpbin.org/status/200?seq=165
2026-08-05 01:22:50 - crawler - WARNING - Домен httpbin.org временно заблокирован Circuit Breaker
2026-08-05 01:22:50 - crawler - ERROR - Ошибка при обработке https://httpbin.org/status/200?seq=165: CircuitBreakerOpenError - Домен httpbin.org заблокирован
2026-08-05 01:22:50 - crawler - INFO - fetch_url_with_meta вызван для https://httpbin.org/status/404?seq=166
2026-08-05 01:22:50 - crawler - WARNING - Домен httpbin.org временно заблокирован Circuit Breaker
2026-08-05 01:22:50 - crawler - ERROR - Ошибка при обработке https://httpbin.org/status/404?seq=166: CircuitBreakerOpenError - Домен httpbin.org заблокирован
2026-08-05 01:22:50 - crawler - INFO - fetch_url_with_meta вызван для https://httpbin.org/status/500?seq=167
2026-08-05 01:22:50 - crawler - WARNING - Домен httpbin.org временно заблокирован Circuit Breaker
2026-08-05 01:22:50 - crawler - ERROR - Ошибка при обработке https://httpbin.org/status/500?seq=167: CircuitBreakerOpenError - Домен httpbin.org заблокирован
2026-08-05 01:22:50 - crawler - INFO - fetch_url_with_meta вызван для https://httpbin.org/status/503?seq=168
2026-08-05 01:22:50 - crawler - WARNING - Домен httpbin.org временно заблокирован Circuit Breaker
2026-08-05 01:22:50 - crawler - ERROR - Ошибка при обработке https://httpbin.org/status/503?seq=168: CircuitBreakerOpenError - Домен httpbin.org заблокирован
2026-08-05 01:22:50 - crawler - INFO - fetch_url_with_meta вызван для https://httpbin.org/status/429?seq=169
2026-08-05 01:22:50 - crawler - WARNING - Домен httpbin.org временно заблокирован Circuit Breaker
2026-08-05 01:22:50 - crawler - ERROR - Ошибка при обработке https://httpbin.org/status/429?seq=169: CircuitBreakerOpenError - Домен httpbin.org заблокирован
2026-08-05 01:22:50 - crawler - INFO - fetch_url_with_meta вызван для https://httpbin.org/get?seq=170
2026-08-05 01:22:50 - crawler - WARNING - Домен httpbin.org временно заблокирован Circuit Breaker
2026-08-05 01:22:50 - crawler - ERROR - Ошибка при обработке https://httpbin.org/get?seq=170: CircuitBreakerOpenError - Домен httpbin.org заблокирован
2026-08-05 01:22:50 - crawler - INFO - fetch_url_with_meta вызван для https://httpbin.org/delay/1?seq=171
2026-08-05 01:22:50 - crawler - WARNING - Домен httpbin.org временно заблокирован Circuit Breaker
2026-08-05 01:22:50 - crawler - ERROR - Ошибка при обработке https://httpbin.org/delay/1?seq=171: CircuitBreakerOpenError - Домен httpbin.org заблокирован
2026-08-05 01:22:50 - crawler - INFO - fetch_url_with_meta вызван для https://httpbin.org/delay/2?seq=172
2026-08-05 01:22:50 - crawler - WARNING - Домен httpbin.org временно заблокирован Circuit Breaker
2026-08-05 01:22:50 - crawler - ERROR - Ошибка при обработке https://httpbin.org/delay/2?seq=172: CircuitBreakerOpenError - Домен httpbin.org заблокирован
2026-08-05 01:22:50 - crawler - INFO - fetch_url_with_meta вызван для https://httpbin.org/html?seq=173
2026-08-05 01:22:50 - crawler - WARNING - Домен httpbin.org временно заблокирован Circuit Breaker
2026-08-05 01:22:50 - crawler - ERROR - Ошибка при обработке https://httpbin.org/html?seq=173: CircuitBreakerOpenError - Домен httpbin.org заблокирован
2026-08-05 01:22:50 - crawler - INFO - fetch_url_with_meta вызван для https://httpbin.org/forms/post?seq=174
2026-08-05 01:22:50 - crawler - WARNING - Домен httpbin.org временно заблокирован Circuit Breaker
2026-08-05 01:22:50 - crawler - ERROR - Ошибка при обработке https://httpbin.org/forms/post?seq=174: CircuitBreakerOpenError - Домен httpbin.org заблокирован
2026-08-05 01:22:50 - crawler - INFO - fetch_url_with_meta вызван для https://httpbin.org/bytes/1024?seq=175
2026-08-05 01:22:50 - crawler - WARNING - Домен httpbin.org временно заблокирован Circuit Breaker
2026-08-05 01:22:50 - crawler - ERROR - Ошибка при обработке https://httpbin.org/bytes/1024?seq=175: CircuitBreakerOpenError - Домен httpbin.org заблокирован
2026-08-05 01:22:50 - crawler - INFO - fetch_url_with_meta вызван для https://httpbin.org/status/200?seq=176
2026-08-05 01:22:50 - crawler - WARNING - Домен httpbin.org временно заблокирован Circuit Breaker
2026-08-05 01:22:50 - crawler - ERROR - Ошибка при обработке https://httpbin.org/status/200?seq=176: CircuitBreakerOpenError - Домен httpbin.org заблокирован
2026-08-05 01:22:50 - crawler - INFO - fetch_url_with_meta вызван для https://httpbin.org/status/404?seq=177
2026-08-05 01:22:50 - crawler - WARNING - Домен httpbin.org временно заблокирован Circuit Breaker
2026-08-05 01:22:50 - crawler - ERROR - Ошибка при обработке https://httpbin.org/status/404?seq=177: CircuitBreakerOpenError - Домен httpbin.org заблокирован
2026-08-05 01:22:50 - crawler - INFO - fetch_url_with_meta вызван для https://httpbin.org/status/500?seq=178
2026-08-05 01:22:50 - crawler - WARNING - Домен httpbin.org временно заблокирован Circuit Breaker
2026-08-05 01:22:50 - crawler - ERROR - Ошибка при обработке https://httpbin.org/status/500?seq=178: CircuitBreakerOpenError - Домен httpbin.org заблокирован
2026-08-05 01:22:50 - crawler - INFO - fetch_url_with_meta вызван для https://httpbin.org/status/503?seq=179
2026-08-05 01:22:50 - crawler - WARNING - Домен httpbin.org временно заблокирован Circuit Breaker
2026-08-05 01:22:50 - crawler - ERROR - Ошибка при обработке https://httpbin.org/status/503?seq=179: CircuitBreakerOpenError - Домен httpbin.org заблокирован
2026-08-05 01:22:50 - crawler - INFO - fetch_url_with_meta вызван для https://httpbin.org/status/429?seq=180
2026-08-05 01:22:50 - crawler - WARNING - Домен httpbin.org временно заблокирован Circuit Breaker
2026-08-05 01:22:50 - crawler - ERROR - Ошибка при обработке https://httpbin.org/status/429?seq=180: CircuitBreakerOpenError - Домен httpbin.org заблокирован
2026-08-05 01:22:50 - crawler - INFO - fetch_url_with_meta вызван для https://httpbin.org/get?seq=181
2026-08-05 01:22:50 - crawler - WARNING - Домен httpbin.org временно заблокирован Circuit Breaker
2026-08-05 01:22:50 - crawler - ERROR - Ошибка при обработке https://httpbin.org/get?seq=181: CircuitBreakerOpenError - Домен httpbin.org заблокирован
2026-08-05 01:22:50 - crawler - INFO - fetch_url_with_meta вызван для https://httpbin.org/delay/1?seq=182
2026-08-05 01:22:50 - crawler - WARNING - Домен httpbin.org временно заблокирован Circuit Breaker
2026-08-05 01:22:50 - crawler - ERROR - Ошибка при обработке https://httpbin.org/delay/1?seq=182: CircuitBreakerOpenError - Домен httpbin.org заблокирован
2026-08-05 01:22:50 - crawler - INFO - fetch_url_with_meta вызван для https://httpbin.org/delay/2?seq=183
2026-08-05 01:22:50 - crawler - WARNING - Домен httpbin.org временно заблокирован Circuit Breaker
2026-08-05 01:22:50 - crawler - ERROR - Ошибка при обработке https://httpbin.org/delay/2?seq=183: CircuitBreakerOpenError - Домен httpbin.org заблокирован
2026-08-05 01:22:50 - crawler - INFO - fetch_url_with_meta вызван для https://httpbin.org/html?seq=184
2026-08-05 01:22:50 - crawler - WARNING - Домен httpbin.org временно заблокирован Circuit Breaker
2026-08-05 01:22:50 - crawler - ERROR - Ошибка при обработке https://httpbin.org/html?seq=184: CircuitBreakerOpenError - Домен httpbin.org заблокирован
2026-08-05 01:22:50 - crawler - INFO - fetch_url_with_meta вызван для https://httpbin.org/forms/post?seq=185
2026-08-05 01:22:50 - crawler - WARNING - Домен httpbin.org временно заблокирован Circuit Breaker
2026-08-05 01:22:50 - crawler - ERROR - Ошибка при обработке https://httpbin.org/forms/post?seq=185: CircuitBreakerOpenError - Домен httpbin.org заблокирован
2026-08-05 01:22:50 - crawler - INFO - fetch_url_with_meta вызван для https://httpbin.org/bytes/1024?seq=186
2026-08-05 01:22:50 - crawler - WARNING - Домен httpbin.org временно заблокирован Circuit Breaker
2026-08-05 01:22:50 - crawler - ERROR - Ошибка при обработке https://httpbin.org/bytes/1024?seq=186: CircuitBreakerOpenError - Домен httpbin.org заблокирован
2026-08-05 01:22:50 - crawler - INFO - fetch_url_with_meta вызван для https://httpbin.org/status/200?seq=187
2026-08-05 01:22:50 - crawler - WARNING - Домен httpbin.org временно заблокирован Circuit Breaker
2026-08-05 01:22:50 - crawler - ERROR - Ошибка при обработке https://httpbin.org/status/200?seq=187: CircuitBreakerOpenError - Домен httpbin.org заблокирован
2026-08-05 01:22:50 - crawler - INFO - fetch_url_with_meta вызван для https://httpbin.org/status/404?seq=188
2026-08-05 01:22:50 - crawler - WARNING - Домен httpbin.org временно заблокирован Circuit Breaker
2026-08-05 01:22:50 - crawler - ERROR - Ошибка при обработке https://httpbin.org/status/404?seq=188: CircuitBreakerOpenError - Домен httpbin.org заблокирован
2026-08-05 01:22:50 - crawler - INFO - fetch_url_with_meta вызван для https://httpbin.org/status/500?seq=189
2026-08-05 01:22:50 - crawler - WARNING - Домен httpbin.org временно заблокирован Circuit Breaker
2026-08-05 01:22:50 - crawler - ERROR - Ошибка при обработке https://httpbin.org/status/500?seq=189: CircuitBreakerOpenError - Домен httpbin.org заблокирован
2026-08-05 01:22:50 - crawler - INFO - fetch_url_with_meta вызван для https://httpbin.org/status/503?seq=190
2026-08-05 01:22:50 - crawler - WARNING - Домен httpbin.org временно заблокирован Circuit Breaker
2026-08-05 01:22:50 - crawler - ERROR - Ошибка при обработке https://httpbin.org/status/503?seq=190: CircuitBreakerOpenError - Домен httpbin.org заблокирован
2026-08-05 01:22:50 - crawler - INFO - fetch_url_with_meta вызван для https://httpbin.org/status/429?seq=191
2026-08-05 01:22:50 - crawler - WARNING - Домен httpbin.org временно заблокирован Circuit Breaker
2026-08-05 01:22:50 - crawler - ERROR - Ошибка при обработке https://httpbin.org/status/429?seq=191: CircuitBreakerOpenError - Домен httpbin.org заблокирован
2026-08-05 01:22:50 - crawler - INFO - fetch_url_with_meta вызван для https://httpbin.org/get?seq=192
2026-08-05 01:22:50 - crawler - WARNING - Домен httpbin.org временно заблокирован Circuit Breaker
2026-08-05 01:22:50 - crawler - ERROR - Ошибка при обработке https://httpbin.org/get?seq=192: CircuitBreakerOpenError - Домен httpbin.org заблокирован
2026-08-05 01:22:50 - crawler - INFO - fetch_url_with_meta вызван для https://httpbin.org/delay/1?seq=193
2026-08-05 01:22:50 - crawler - WARNING - Домен httpbin.org временно заблокирован Circuit Breaker
2026-08-05 01:22:50 - crawler - ERROR - Ошибка при обработке https://httpbin.org/delay/1?seq=193: CircuitBreakerOpenError - Домен httpbin.org заблокирован
2026-08-05 01:22:50 - crawler - INFO - fetch_url_with_meta вызван для https://httpbin.org/delay/2?seq=194
2026-08-05 01:22:50 - crawler - WARNING - Домен httpbin.org временно заблокирован Circuit Breaker
2026-08-05 01:22:50 - crawler - ERROR - Ошибка при обработке https://httpbin.org/delay/2?seq=194: CircuitBreakerOpenError - Домен httpbin.org заблокирован
2026-08-05 01:22:50 - crawler - INFO - fetch_url_with_meta вызван для https://httpbin.org/html?seq=195
2026-08-05 01:22:50 - crawler - WARNING - Домен httpbin.org временно заблокирован Circuit Breaker
2026-08-05 01:22:50 - crawler - ERROR - Ошибка при обработке https://httpbin.org/html?seq=195: CircuitBreakerOpenError - Домен httpbin.org заблокирован
2026-08-05 01:22:50 - crawler - INFO - fetch_url_with_meta вызван для https://httpbin.org/forms/post?seq=196
2026-08-05 01:22:50 - crawler - WARNING - Домен httpbin.org временно заблокирован Circuit Breaker
2026-08-05 01:22:50 - crawler - ERROR - Ошибка при обработке https://httpbin.org/forms/post?seq=196: CircuitBreakerOpenError - Домен httpbin.org заблокирован
2026-08-05 01:22:50 - crawler - INFO - fetch_url_with_meta вызван для https://httpbin.org/bytes/1024?seq=197
2026-08-05 01:22:50 - crawler - WARNING - Домен httpbin.org временно заблокирован Circuit Breaker
2026-08-05 01:22:50 - crawler - ERROR - Ошибка при обработке https://httpbin.org/bytes/1024?seq=197: CircuitBreakerOpenError - Домен httpbin.org заблокирован
2026-08-05 01:22:50 - crawler - INFO - fetch_url_with_meta вызван для https://httpbin.org/status/200?seq=198
2026-08-05 01:22:50 - crawler - WARNING - Домен httpbin.org временно заблокирован Circuit Breaker
2026-08-05 01:22:50 - crawler - ERROR - Ошибка при обработке https://httpbin.org/status/200?seq=198: CircuitBreakerOpenError - Домен httpbin.org заблокирован
2026-08-05 01:22:50 - crawler - INFO - fetch_url_with_meta вызван для https://httpbin.org/status/404?seq=199
2026-08-05 01:22:50 - crawler - WARNING - Домен httpbin.org временно заблокирован Circuit Breaker
2026-08-05 01:22:50 - crawler - ERROR - Ошибка при обработке https://httpbin.org/status/404?seq=199: CircuitBreakerOpenError - Домен httpbin.org заблокирован
2026-08-05 01:22:50 - crawler - INFO - fetch_url_with_meta вызван для https://httpbin.org/status/500?seq=200
2026-08-05 01:22:50 - crawler - WARNING - Домен httpbin.org временно заблокирован Circuit Breaker
2026-08-05 01:22:50 - crawler - ERROR - Ошибка при обработке https://httpbin.org/status/500?seq=200: CircuitBreakerOpenError - Домен httpbin.org заблокирован
2026-08-05 01:22:50 - crawler - INFO - fetch_url_with_meta вызван для https://httpbin.org/status/503?seq=201
2026-08-05 01:22:50 - crawler - WARNING - Домен httpbin.org временно заблокирован Circuit Breaker
2026-08-05 01:22:50 - crawler - ERROR - Ошибка при обработке https://httpbin.org/status/503?seq=201: CircuitBreakerOpenError - Домен httpbin.org заблокирован
2026-08-05 01:22:50 - crawler - INFO - fetch_url_with_meta вызван для https://httpbin.org/status/429?seq=202
2026-08-05 01:22:50 - crawler - WARNING - Домен httpbin.org временно заблокирован Circuit Breaker
2026-08-05 01:22:50 - crawler - ERROR - Ошибка при обработке https://httpbin.org/status/429?seq=202: CircuitBreakerOpenError - Домен httpbin.org заблокирован
2026-08-05 01:22:50 - crawler - INFO - fetch_url_with_meta вызван для https://httpbin.org/get?seq=203
2026-08-05 01:22:50 - crawler - WARNING - Домен httpbin.org временно заблокирован Circuit Breaker
2026-08-05 01:22:50 - crawler - ERROR - Ошибка при обработке https://httpbin.org/get?seq=203: CircuitBreakerOpenError - Домен httpbin.org заблокирован
2026-08-05 01:22:50 - crawler - INFO - fetch_url_with_meta вызван для https://httpbin.org/delay/1?seq=204
2026-08-05 01:22:50 - crawler - WARNING - Домен httpbin.org временно заблокирован Circuit Breaker
2026-08-05 01:22:50 - crawler - ERROR - Ошибка при обработке https://httpbin.org/delay/1?seq=204: CircuitBreakerOpenError - Домен httpbin.org заблокирован
2026-08-05 01:22:50 - crawler - INFO - fetch_url_with_meta вызван для https://httpbin.org/delay/2?seq=205
2026-08-05 01:22:50 - crawler - WARNING - Домен httpbin.org временно заблокирован Circuit Breaker
2026-08-05 01:22:50 - crawler - ERROR - Ошибка при обработке https://httpbin.org/delay/2?seq=205: CircuitBreakerOpenError - Домен httpbin.org заблокирован
2026-08-05 01:22:50 - crawler - INFO - fetch_url_with_meta вызван для https://httpbin.org/html?seq=206
2026-08-05 01:22:50 - crawler - WARNING - Домен httpbin.org временно заблокирован Circuit Breaker
2026-08-05 01:22:50 - crawler - ERROR - Ошибка при обработке https://httpbin.org/html?seq=206: CircuitBreakerOpenError - Домен httpbin.org заблокирован
2026-08-05 01:22:50 - crawler - INFO - fetch_url_with_meta вызван для https://httpbin.org/forms/post?seq=207
2026-08-05 01:22:50 - crawler - WARNING - Домен httpbin.org временно заблокирован Circuit Breaker
2026-08-05 01:22:50 - crawler - ERROR - Ошибка при обработке https://httpbin.org/forms/post?seq=207: CircuitBreakerOpenError - Домен httpbin.org заблокирован
2026-08-05 01:22:50 - crawler - INFO - fetch_url_with_meta вызван для https://httpbin.org/bytes/1024?seq=208
2026-08-05 01:22:50 - crawler - WARNING - Домен httpbin.org временно заблокирован Circuit Breaker
2026-08-05 01:22:50 - crawler - ERROR - Ошибка при обработке https://httpbin.org/bytes/1024?seq=208: CircuitBreakerOpenError - Домен httpbin.org заблокирован
2026-08-05 01:22:50 - crawler - INFO - fetch_url_with_meta вызван для https://httpbin.org/status/200?seq=209
2026-08-05 01:22:50 - crawler - WARNING - Домен httpbin.org временно заблокирован Circuit Breaker
2026-08-05 01:22:50 - crawler - ERROR - Ошибка при обработке https://httpbin.org/status/200?seq=209: CircuitBreakerOpenError - Домен httpbin.org заблокирован
2026-08-05 01:22:50 - crawler - INFO - fetch_url_with_meta вызван для https://httpbin.org/status/404?seq=210
2026-08-05 01:22:50 - crawler - WARNING - Домен httpbin.org временно заблокирован Circuit Breaker
2026-08-05 01:22:50 - crawler - ERROR - Ошибка при обработке https://httpbin.org/status/404?seq=210: CircuitBreakerOpenError - Домен httpbin.org заблокирован
2026-08-05 01:22:50 - crawler - INFO - fetch_url_with_meta вызван для https://httpbin.org/status/500?seq=211
2026-08-05 01:22:50 - crawler - WARNING - Домен httpbin.org временно заблокирован Circuit Breaker
2026-08-05 01:22:50 - crawler - ERROR - Ошибка при обработке https://httpbin.org/status/500?seq=211: CircuitBreakerOpenError - Домен httpbin.org заблокирован
2026-08-05 01:22:50 - crawler - INFO - fetch_url_with_meta вызван для https://httpbin.org/status/503?seq=212
2026-08-05 01:22:50 - crawler - WARNING - Домен httpbin.org временно заблокирован Circuit Breaker
2026-08-05 01:22:50 - crawler - ERROR - Ошибка при обработке https://httpbin.org/status/503?seq=212: CircuitBreakerOpenError - Домен httpbin.org заблокирован
2026-08-05 01:22:50 - crawler - INFO - fetch_url_with_meta вызван для https://httpbin.org/status/429?seq=213
2026-08-05 01:22:50 - crawler - WARNING - Домен httpbin.org временно заблокирован Circuit Breaker
2026-08-05 01:22:50 - crawler - ERROR - Ошибка при обработке https://httpbin.org/status/429?seq=213: CircuitBreakerOpenError - Домен httpbin.org заблокирован
2026-08-05 01:22:50 - crawler - INFO - fetch_url_with_meta вызван для https://httpbin.org/get?seq=214
2026-08-05 01:22:50 - crawler - WARNING - Домен httpbin.org временно заблокирован Circuit Breaker
2026-08-05 01:22:50 - crawler - ERROR - Ошибка при обработке https://httpbin.org/get?seq=214: CircuitBreakerOpenError - Домен httpbin.org заблокирован
2026-08-05 01:22:50 - crawler - INFO - fetch_url_with_meta вызван для https://httpbin.org/delay/1?seq=215
2026-08-05 01:22:50 - crawler - WARNING - Домен httpbin.org временно заблокирован Circuit Breaker
2026-08-05 01:22:50 - crawler - ERROR - Ошибка при обработке https://httpbin.org/delay/1?seq=215: CircuitBreakerOpenError - Домен httpbin.org заблокирован
2026-08-05 01:22:50 - crawler - INFO - fetch_url_with_meta вызван для https://httpbin.org/delay/2?seq=216
2026-08-05 01:22:50 - crawler - WARNING - Домен httpbin.org временно заблокирован Circuit Breaker
2026-08-05 01:22:50 - crawler - ERROR - Ошибка при обработке https://httpbin.org/delay/2?seq=216: CircuitBreakerOpenError - Домен httpbin.org заблокирован
2026-08-05 01:22:50 - crawler - INFO - fetch_url_with_meta вызван для https://httpbin.org/html?seq=217
2026-08-05 01:22:50 - crawler - WARNING - Домен httpbin.org временно заблокирован Circuit Breaker
2026-08-05 01:22:50 - crawler - ERROR - Ошибка при обработке https://httpbin.org/html?seq=217: CircuitBreakerOpenError - Домен httpbin.org заблокирован
2026-08-05 01:22:50 - crawler - INFO - fetch_url_with_meta вызван для https://httpbin.org/forms/post?seq=218
2026-08-05 01:22:50 - crawler - WARNING - Домен httpbin.org временно заблокирован Circuit Breaker
2026-08-05 01:22:50 - crawler - ERROR - Ошибка при обработке https://httpbin.org/forms/post?seq=218: CircuitBreakerOpenError - Домен httpbin.org заблокирован
2026-08-05 01:22:50 - crawler - INFO - fetch_url_with_meta вызван для https://httpbin.org/bytes/1024?seq=219
2026-08-05 01:22:50 - crawler - WARNING - Домен httpbin.org временно заблокирован Circuit Breaker
2026-08-05 01:22:50 - crawler - ERROR - Ошибка при обработке https://httpbin.org/bytes/1024?seq=219: CircuitBreakerOpenError - Домен httpbin.org заблокирован
2026-08-05 01:22:50 - crawler - INFO - fetch_url_with_meta вызван для https://httpbin.org/status/200?seq=220
2026-08-05 01:22:51 - crawler - WARNING - Домен httpbin.org временно заблокирован Circuit Breaker
2026-08-05 01:22:51 - crawler - ERROR - Ошибка при обработке https://httpbin.org/status/200?seq=220: CircuitBreakerOpenError - Домен httpbin.org заблокирован
2026-08-05 01:22:51 - crawler - INFO - fetch_url_with_meta вызван для https://httpbin.org/status/404?seq=221
2026-08-05 01:22:51 - crawler - WARNING - Домен httpbin.org временно заблокирован Circuit Breaker
2026-08-05 01:22:51 - crawler - ERROR - Ошибка при обработке https://httpbin.org/status/404?seq=221: CircuitBreakerOpenError - Домен httpbin.org заблокирован
2026-08-05 01:22:51 - crawler - INFO - fetch_url_with_meta вызван для https://httpbin.org/status/500?seq=222
2026-08-05 01:22:51 - crawler - WARNING - Домен httpbin.org временно заблокирован Circuit Breaker
2026-08-05 01:22:51 - crawler - ERROR - Ошибка при обработке https://httpbin.org/status/500?seq=222: CircuitBreakerOpenError - Домен httpbin.org заблокирован
2026-08-05 01:22:51 - crawler - INFO - fetch_url_with_meta вызван для https://httpbin.org/status/503?seq=223
2026-08-05 01:22:51 - crawler - WARNING - Домен httpbin.org временно заблокирован Circuit Breaker
2026-08-05 01:22:51 - crawler - ERROR - Ошибка при обработке https://httpbin.org/status/503?seq=223: CircuitBreakerOpenError - Домен httpbin.org заблокирован
2026-08-05 01:22:51 - crawler - INFO - fetch_url_with_meta вызван для https://httpbin.org/status/429?seq=224
2026-08-05 01:22:51 - crawler - WARNING - Домен httpbin.org временно заблокирован Circuit Breaker
2026-08-05 01:22:51 - crawler - ERROR - Ошибка при обработке https://httpbin.org/status/429?seq=224: CircuitBreakerOpenError - Домен httpbin.org заблокирован
2026-08-05 01:22:51 - crawler - INFO - fetch_url_with_meta вызван для https://httpbin.org/get?seq=225
2026-08-05 01:22:51 - crawler - WARNING - Домен httpbin.org временно заблокирован Circuit Breaker
2026-08-05 01:22:51 - crawler - ERROR - Ошибка при обработке https://httpbin.org/get?seq=225: CircuitBreakerOpenError - Домен httpbin.org заблокирован
2026-08-05 01:22:51 - crawler - INFO - fetch_url_with_meta вызван для https://httpbin.org/delay/1?seq=226
2026-08-05 01:22:51 - crawler - WARNING - Домен httpbin.org временно заблокирован Circuit Breaker
2026-08-05 01:22:51 - crawler - ERROR - Ошибка при обработке https://httpbin.org/delay/1?seq=226: CircuitBreakerOpenError - Домен httpbin.org заблокирован
2026-08-05 01:22:51 - crawler - INFO - fetch_url_with_meta вызван для https://httpbin.org/delay/2?seq=227
2026-08-05 01:22:51 - crawler - WARNING - Домен httpbin.org временно заблокирован Circuit Breaker
2026-08-05 01:22:51 - crawler - ERROR - Ошибка при обработке https://httpbin.org/delay/2?seq=227: CircuitBreakerOpenError - Домен httpbin.org заблокирован
2026-08-05 01:22:51 - crawler - INFO - fetch_url_with_meta вызван для https://httpbin.org/html?seq=228
2026-08-05 01:22:51 - crawler - WARNING - Домен httpbin.org временно заблокирован Circuit Breaker
2026-08-05 01:22:51 - crawler - ERROR - Ошибка при обработке https://httpbin.org/html?seq=228: CircuitBreakerOpenError - Домен httpbin.org заблокирован
2026-08-05 01:22:51 - crawler - INFO - fetch_url_with_meta вызван для https://httpbin.org/forms/post?seq=229
2026-08-05 01:22:51 - crawler - WARNING - Домен httpbin.org временно заблокирован Circuit Breaker
2026-08-05 01:22:51 - crawler - ERROR - Ошибка при обработке https://httpbin.org/forms/post?seq=229: CircuitBreakerOpenError - Домен httpbin.org заблокирован
2026-08-05 01:22:51 - crawler - INFO - fetch_url_with_meta вызван для https://httpbin.org/bytes/1024?seq=230
2026-08-05 01:22:51 - crawler - WARNING - Домен httpbin.org временно заблокирован Circuit Breaker
2026-08-05 01:22:51 - crawler - ERROR - Ошибка при обработке https://httpbin.org/bytes/1024?seq=230: CircuitBreakerOpenError - Домен httpbin.org заблокирован
2026-08-05 01:22:51 - crawler - INFO - fetch_url_with_meta вызван для https://httpbin.org/status/200?seq=231
2026-08-05 01:22:51 - crawler - WARNING - Домен httpbin.org временно заблокирован Circuit Breaker
2026-08-05 01:22:51 - crawler - ERROR - Ошибка при обработке https://httpbin.org/status/200?seq=231: CircuitBreakerOpenError - Домен httpbin.org заблокирован
2026-08-05 01:22:51 - crawler - INFO - fetch_url_with_meta вызван для https://httpbin.org/status/404?seq=232
2026-08-05 01:22:51 - crawler - WARNING - Домен httpbin.org временно заблокирован Circuit Breaker
2026-08-05 01:22:51 - crawler - ERROR - Ошибка при обработке https://httpbin.org/status/404?seq=232: CircuitBreakerOpenError - Домен httpbin.org заблокирован
2026-08-05 01:22:51 - crawler - INFO - fetch_url_with_meta вызван для https://httpbin.org/status/500?seq=233
2026-08-05 01:22:51 - crawler - WARNING - Домен httpbin.org временно заблокирован Circuit Breaker
2026-08-05 01:22:51 - crawler - ERROR - Ошибка при обработке https://httpbin.org/status/500?seq=233: CircuitBreakerOpenError - Домен httpbin.org заблокирован
2026-08-05 01:22:51 - crawler - INFO - fetch_url_with_meta вызван для https://httpbin.org/status/503?seq=234
2026-08-05 01:22:51 - crawler - WARNING - Домен httpbin.org временно заблокирован Circuit Breaker
2026-08-05 01:22:51 - crawler - ERROR - Ошибка при обработке https://httpbin.org/status/503?seq=234: CircuitBreakerOpenError - Домен httpbin.org заблокирован
2026-08-05 01:22:51 - crawler - INFO - fetch_url_with_meta вызван для https://httpbin.org/status/429?seq=235
2026-08-05 01:22:51 - crawler - WARNING - Домен httpbin.org временно заблокирован Circuit Breaker
2026-08-05 01:22:51 - crawler - ERROR - Ошибка при обработке https://httpbin.org/status/429?seq=235: CircuitBreakerOpenError - Домен httpbin.org заблокирован
2026-08-05 01:22:51 - crawler - INFO - fetch_url_with_meta вызван для https://httpbin.org/get?seq=236
2026-08-05 01:22:51 - crawler - WARNING - Домен httpbin.org временно заблокирован Circuit Breaker
2026-08-05 01:22:51 - crawler - ERROR - Ошибка при обработке https://httpbin.org/get?seq=236: CircuitBreakerOpenError - Домен httpbin.org заблокирован
2026-08-05 01:22:51 - crawler - INFO - fetch_url_with_meta вызван для https://httpbin.org/delay/1?seq=237
2026-08-05 01:22:51 - crawler - WARNING - Домен httpbin.org временно заблокирован Circuit Breaker
2026-08-05 01:22:51 - crawler - ERROR - Ошибка при обработке https://httpbin.org/delay/1?seq=237: CircuitBreakerOpenError - Домен httpbin.org заблокирован
2026-08-05 01:22:51 - crawler - INFO - fetch_url_with_meta вызван для https://httpbin.org/delay/2?seq=238
2026-08-05 01:22:51 - crawler - WARNING - Домен httpbin.org временно заблокирован Circuit Breaker
2026-08-05 01:22:51 - crawler - ERROR - Ошибка при обработке https://httpbin.org/delay/2?seq=238: CircuitBreakerOpenError - Домен httpbin.org заблокирован
2026-08-05 01:22:51 - crawler - INFO - fetch_url_with_meta вызван для https://httpbin.org/html?seq=239
2026-08-05 01:22:51 - crawler - WARNING - Домен httpbin.org временно заблокирован Circuit Breaker
2026-08-05 01:22:51 - crawler - ERROR - Ошибка при обработке https://httpbin.org/html?seq=239: CircuitBreakerOpenError - Домен httpbin.org заблокирован
2026-08-05 01:22:51 - crawler - INFO - fetch_url_with_meta вызван для https://httpbin.org/forms/post?seq=240
2026-08-05 01:22:51 - crawler - WARNING - Домен httpbin.org временно заблокирован Circuit Breaker
2026-08-05 01:22:51 - crawler - ERROR - Ошибка при обработке https://httpbin.org/forms/post?seq=240: CircuitBreakerOpenError - Домен httpbin.org заблокирован
2026-08-05 01:22:51 - crawler - INFO - fetch_url_with_meta вызван для https://httpbin.org/bytes/1024?seq=241
2026-08-05 01:22:51 - crawler - WARNING - Домен httpbin.org временно заблокирован Circuit Breaker
2026-08-05 01:22:51 - crawler - ERROR - Ошибка при обработке https://httpbin.org/bytes/1024?seq=241: CircuitBreakerOpenError - Домен httpbin.org заблокирован
2026-08-05 01:22:51 - crawler - INFO - fetch_url_with_meta вызван для https://httpbin.org/status/200?seq=242
2026-08-05 01:22:51 - crawler - WARNING - Домен httpbin.org временно заблокирован Circuit Breaker
2026-08-05 01:22:51 - crawler - ERROR - Ошибка при обработке https://httpbin.org/status/200?seq=242: CircuitBreakerOpenError - Домен httpbin.org заблокирован
2026-08-05 01:22:51 - crawler - INFO - fetch_url_with_meta вызван для https://httpbin.org/status/404?seq=243
2026-08-05 01:22:51 - crawler - WARNING - Домен httpbin.org временно заблокирован Circuit Breaker
2026-08-05 01:22:51 - crawler - ERROR - Ошибка при обработке https://httpbin.org/status/404?seq=243: CircuitBreakerOpenError - Домен httpbin.org заблокирован
2026-08-05 01:22:51 - crawler - INFO - fetch_url_with_meta вызван для https://httpbin.org/status/500?seq=244
2026-08-05 01:22:51 - crawler - WARNING - Домен httpbin.org временно заблокирован Circuit Breaker
2026-08-05 01:22:51 - crawler - ERROR - Ошибка при обработке https://httpbin.org/status/500?seq=244: CircuitBreakerOpenError - Домен httpbin.org заблокирован
2026-08-05 01:22:51 - crawler - INFO - fetch_url_with_meta вызван для https://httpbin.org/status/503?seq=245
2026-08-05 01:22:51 - crawler - WARNING - Домен httpbin.org временно заблокирован Circuit Breaker
2026-08-05 01:22:51 - crawler - ERROR - Ошибка при обработке https://httpbin.org/status/503?seq=245: CircuitBreakerOpenError - Домен httpbin.org заблокирован
2026-08-05 01:22:51 - crawler - INFO - fetch_url_with_meta вызван для https://httpbin.org/status/429?seq=246
2026-08-05 01:22:51 - crawler - WARNING - Домен httpbin.org временно заблокирован Circuit Breaker
2026-08-05 01:22:51 - crawler - ERROR - Ошибка при обработке https://httpbin.org/status/429?seq=246: CircuitBreakerOpenError - Домен httpbin.org заблокирован
2026-08-05 01:22:51 - crawler - INFO - fetch_url_with_meta вызван для https://httpbin.org/get?seq=247
2026-08-05 01:22:51 - crawler - WARNING - Домен httpbin.org временно заблокирован Circuit Breaker
2026-08-05 01:22:51 - crawler - ERROR - Ошибка при обработке https://httpbin.org/get?seq=247: CircuitBreakerOpenError - Домен httpbin.org заблокирован
2026-08-05 01:22:51 - crawler - INFO - fetch_url_with_meta вызван для https://httpbin.org/delay/1?seq=248
2026-08-05 01:22:51 - crawler - WARNING - Домен httpbin.org временно заблокирован Circuit Breaker
2026-08-05 01:22:51 - crawler - ERROR - Ошибка при обработке https://httpbin.org/delay/1?seq=248: CircuitBreakerOpenError - Домен httpbin.org заблокирован
2026-08-05 01:22:51 - crawler - INFO - fetch_url_with_meta вызван для https://httpbin.org/delay/2?seq=249
2026-08-05 01:22:51 - crawler - WARNING - Домен httpbin.org временно заблокирован Circuit Breaker
2026-08-05 01:22:51 - crawler - ERROR - Ошибка при обработке https://httpbin.org/delay/2?seq=249: CircuitBreakerOpenError - Домен httpbin.org заблокирован
2026-08-05 01:22:51 - crawler - INFO - fetch_url_with_meta вызван для https://httpbin.org/html?seq=250
2026-08-05 01:22:51 - crawler - WARNING - Домен httpbin.org временно заблокирован Circuit Breaker
2026-08-05 01:22:51 - crawler - ERROR - Ошибка при обработке https://httpbin.org/html?seq=250: CircuitBreakerOpenError - Домен httpbin.org заблокирован
2026-08-05 01:22:51 - crawler - INFO - fetch_url_with_meta вызван для https://httpbin.org/forms/post?seq=251
2026-08-05 01:22:51 - crawler - WARNING - Домен httpbin.org временно заблокирован Circuit Breaker
2026-08-05 01:22:51 - crawler - ERROR - Ошибка при обработке https://httpbin.org/forms/post?seq=251: CircuitBreakerOpenError - Домен httpbin.org заблокирован
2026-08-05 01:22:51 - crawler - INFO - fetch_url_with_meta вызван для https://httpbin.org/bytes/1024?seq=252
2026-08-05 01:22:51 - crawler - WARNING - Домен httpbin.org временно заблокирован Circuit Breaker
2026-08-05 01:22:51 - crawler - ERROR - Ошибка при обработке https://httpbin.org/bytes/1024?seq=252: CircuitBreakerOpenError - Домен httpbin.org заблокирован
2026-08-05 01:22:51 - crawler - INFO - fetch_url_with_meta вызван для https://httpbin.org/status/200?seq=253
2026-08-05 01:22:51 - crawler - WARNING - Домен httpbin.org временно заблокирован Circuit Breaker
2026-08-05 01:22:51 - crawler - ERROR - Ошибка при обработке https://httpbin.org/status/200?seq=253: CircuitBreakerOpenError - Домен httpbin.org заблокирован
2026-08-05 01:22:51 - crawler - INFO - fetch_url_with_meta вызван для https://httpbin.org/status/404?seq=254
2026-08-05 01:22:51 - crawler - WARNING - Домен httpbin.org временно заблокирован Circuit Breaker
2026-08-05 01:22:51 - crawler - ERROR - Ошибка при обработке https://httpbin.org/status/404?seq=254: CircuitBreakerOpenError - Домен httpbin.org заблокирован
2026-08-05 01:22:51 - crawler - INFO - fetch_url_with_meta вызван для https://httpbin.org/status/500?seq=255
2026-08-05 01:22:51 - crawler - WARNING - Домен httpbin.org временно заблокирован Circuit Breaker
2026-08-05 01:22:51 - crawler - ERROR - Ошибка при обработке https://httpbin.org/status/500?seq=255: CircuitBreakerOpenError - Домен httpbin.org заблокирован
2026-08-05 01:22:51 - crawler - INFO - fetch_url_with_meta вызван для https://httpbin.org/status/503?seq=256
2026-08-05 01:22:51 - crawler - WARNING - Домен httpbin.org временно заблокирован Circuit Breaker
2026-08-05 01:22:51 - crawler - ERROR - Ошибка при обработке https://httpbin.org/status/503?seq=256: CircuitBreakerOpenError - Домен httpbin.org заблокирован
2026-08-05 01:22:51 - crawler - INFO - fetch_url_with_meta вызван для https://httpbin.org/status/429?seq=257
2026-08-05 01:22:51 - crawler - WARNING - Домен httpbin.org временно заблокирован Circuit Breaker
2026-08-05 01:22:51 - crawler - ERROR - Ошибка при обработке https://httpbin.org/status/429?seq=257: CircuitBreakerOpenError - Домен httpbin.org заблокирован
2026-08-05 01:22:51 - crawler - INFO - fetch_url_with_meta вызван для https://httpbin.org/get?seq=258
2026-08-05 01:22:51 - crawler - WARNING - Домен httpbin.org временно заблокирован Circuit Breaker
2026-08-05 01:22:51 - crawler - ERROR - Ошибка при обработке https://httpbin.org/get?seq=258: CircuitBreakerOpenError - Домен httpbin.org заблокирован
2026-08-05 01:22:51 - crawler - INFO - fetch_url_with_meta вызван для https://httpbin.org/delay/1?seq=259
2026-08-05 01:22:51 - crawler - WARNING - Домен httpbin.org временно заблокирован Circuit Breaker
2026-08-05 01:22:51 - crawler - ERROR - Ошибка при обработке https://httpbin.org/delay/1?seq=259: CircuitBreakerOpenError - Домен httpbin.org заблокирован
2026-08-05 01:22:51 - crawler - INFO - fetch_url_with_meta вызван для https://httpbin.org/delay/2?seq=260
2026-08-05 01:22:51 - crawler - WARNING - Домен httpbin.org временно заблокирован Circuit Breaker
2026-08-05 01:22:51 - crawler - ERROR - Ошибка при обработке https://httpbin.org/delay/2?seq=260: CircuitBreakerOpenError - Домен httpbin.org заблокирован
2026-08-05 01:22:51 - crawler - INFO - fetch_url_with_meta вызван для https://httpbin.org/html?seq=261
2026-08-05 01:22:51 - crawler - WARNING - Домен httpbin.org временно заблокирован Circuit Breaker
2026-08-05 01:22:51 - crawler - ERROR - Ошибка при обработке https://httpbin.org/html?seq=261: CircuitBreakerOpenError - Домен httpbin.org заблокирован
2026-08-05 01:22:51 - crawler - INFO - fetch_url_with_meta вызван для https://httpbin.org/forms/post?seq=262
2026-08-05 01:22:51 - crawler - WARNING - Домен httpbin.org временно заблокирован Circuit Breaker
2026-08-05 01:22:51 - crawler - ERROR - Ошибка при обработке https://httpbin.org/forms/post?seq=262: CircuitBreakerOpenError - Домен httpbin.org заблокирован
2026-08-05 01:22:51 - crawler - INFO - fetch_url_with_meta вызван для https://httpbin.org/bytes/1024?seq=263
2026-08-05 01:22:51 - crawler - WARNING - Домен httpbin.org временно заблокирован Circuit Breaker
2026-08-05 01:22:51 - crawler - ERROR - Ошибка при обработке https://httpbin.org/bytes/1024?seq=263: CircuitBreakerOpenError - Домен httpbin.org заблокирован
2026-08-05 01:22:51 - crawler - INFO - fetch_url_with_meta вызван для https://httpbin.org/status/200?seq=264
2026-08-05 01:22:51 - crawler - WARNING - Домен httpbin.org временно заблокирован Circuit Breaker
2026-08-05 01:22:51 - crawler - ERROR - Ошибка при обработке https://httpbin.org/status/200?seq=264: CircuitBreakerOpenError - Домен httpbin.org заблокирован
2026-08-05 01:22:51 - crawler - INFO - fetch_url_with_meta вызван для https://httpbin.org/status/404?seq=265
2026-08-05 01:22:51 - crawler - WARNING - Домен httpbin.org временно заблокирован Circuit Breaker
2026-08-05 01:22:51 - crawler - ERROR - Ошибка при обработке https://httpbin.org/status/404?seq=265: CircuitBreakerOpenError - Домен httpbin.org заблокирован
2026-08-05 01:22:51 - crawler - INFO - fetch_url_with_meta вызван для https://httpbin.org/status/500?seq=266
2026-08-05 01:22:51 - crawler - WARNING - Домен httpbin.org временно заблокирован Circuit Breaker
2026-08-05 01:22:51 - crawler - ERROR - Ошибка при обработке https://httpbin.org/status/500?seq=266: CircuitBreakerOpenError - Домен httpbin.org заблокирован
2026-08-05 01:22:51 - crawler - INFO - fetch_url_with_meta вызван для https://httpbin.org/status/503?seq=267
2026-08-05 01:22:51 - crawler - WARNING - Домен httpbin.org временно заблокирован Circuit Breaker
2026-08-05 01:22:51 - crawler - ERROR - Ошибка при обработке https://httpbin.org/status/503?seq=267: CircuitBreakerOpenError - Домен httpbin.org заблокирован
2026-08-05 01:22:51 - crawler - INFO - fetch_url_with_meta вызван для https://httpbin.org/status/429?seq=268
2026-08-05 01:22:51 - crawler - WARNING - Домен httpbin.org временно заблокирован Circuit Breaker
2026-08-05 01:22:51 - crawler - ERROR - Ошибка при обработке https://httpbin.org/status/429?seq=268: CircuitBreakerOpenError - Домен httpbin.org заблокирован
2026-08-05 01:22:51 - crawler - INFO - fetch_url_with_meta вызван для https://httpbin.org/get?seq=269
2026-08-05 01:22:51 - crawler - WARNING - Домен httpbin.org временно заблокирован Circuit Breaker
2026-08-05 01:22:51 - crawler - ERROR - Ошибка при обработке https://httpbin.org/get?seq=269: CircuitBreakerOpenError - Домен httpbin.org заблокирован
2026-08-05 01:22:51 - crawler - INFO - fetch_url_with_meta вызван для https://httpbin.org/delay/1?seq=270
2026-08-05 01:22:51 - crawler - WARNING - Домен httpbin.org временно заблокирован Circuit Breaker
2026-08-05 01:22:51 - crawler - ERROR - Ошибка при обработке https://httpbin.org/delay/1?seq=270: CircuitBreakerOpenError - Домен httpbin.org заблокирован
2026-08-05 01:22:51 - crawler - INFO - fetch_url_with_meta вызван для https://httpbin.org/delay/2?seq=271
2026-08-05 01:22:51 - crawler - WARNING - Домен httpbin.org временно заблокирован Circuit Breaker
2026-08-05 01:22:51 - crawler - ERROR - Ошибка при обработке https://httpbin.org/delay/2?seq=271: CircuitBreakerOpenError - Домен httpbin.org заблокирован
2026-08-05 01:22:51 - crawler - INFO - fetch_url_with_meta вызван для https://httpbin.org/html?seq=272
2026-08-05 01:22:51 - crawler - WARNING - Домен httpbin.org временно заблокирован Circuit Breaker
2026-08-05 01:22:51 - crawler - ERROR - Ошибка при обработке https://httpbin.org/html?seq=272: CircuitBreakerOpenError - Домен httpbin.org заблокирован
2026-08-05 01:22:51 - crawler - INFO - fetch_url_with_meta вызван для https://httpbin.org/forms/post?seq=273
2026-08-05 01:22:51 - crawler - WARNING - Домен httpbin.org временно заблокирован Circuit Breaker
2026-08-05 01:22:51 - crawler - ERROR - Ошибка при обработке https://httpbin.org/forms/post?seq=273: CircuitBreakerOpenError - Домен httpbin.org заблокирован
2026-08-05 01:22:51 - crawler - INFO - fetch_url_with_meta вызван для https://httpbin.org/bytes/1024?seq=274
2026-08-05 01:22:51 - crawler - WARNING - Домен httpbin.org временно заблокирован Circuit Breaker
2026-08-05 01:22:51 - crawler - ERROR - Ошибка при обработке https://httpbin.org/bytes/1024?seq=274: CircuitBreakerOpenError - Домен httpbin.org заблокирован
2026-08-05 01:22:51 - crawler - INFO - fetch_url_with_meta вызван для https://httpbin.org/status/200?seq=275
2026-08-05 01:22:51 - crawler - WARNING - Домен httpbin.org временно заблокирован Circuit Breaker
2026-08-05 01:22:51 - crawler - ERROR - Ошибка при обработке https://httpbin.org/status/200?seq=275: CircuitBreakerOpenError - Домен httpbin.org заблокирован
2026-08-05 01:22:51 - crawler - INFO - fetch_url_with_meta вызван для https://httpbin.org/status/404?seq=276
2026-08-05 01:22:51 - crawler - WARNING - Домен httpbin.org временно заблокирован Circuit Breaker
2026-08-05 01:22:51 - crawler - ERROR - Ошибка при обработке https://httpbin.org/status/404?seq=276: CircuitBreakerOpenError - Домен httpbin.org заблокирован
2026-08-05 01:22:51 - crawler - INFO - fetch_url_with_meta вызван для https://httpbin.org/status/500?seq=277
2026-08-05 01:22:51 - crawler - WARNING - Домен httpbin.org временно заблокирован Circuit Breaker
2026-08-05 01:22:51 - crawler - ERROR - Ошибка при обработке https://httpbin.org/status/500?seq=277: CircuitBreakerOpenError - Домен httpbin.org заблокирован
2026-08-05 01:22:51 - crawler - INFO - fetch_url_with_meta вызван для https://httpbin.org/status/503?seq=278
2026-08-05 01:22:51 - crawler - WARNING - Домен httpbin.org временно заблокирован Circuit Breaker
2026-08-05 01:22:51 - crawler - ERROR - Ошибка при обработке https://httpbin.org/status/503?seq=278: CircuitBreakerOpenError - Домен httpbin.org заблокирован
2026-08-05 01:22:51 - crawler - INFO - fetch_url_with_meta вызван для https://httpbin.org/status/429?seq=279
2026-08-05 01:22:51 - crawler - WARNING - Домен httpbin.org временно заблокирован Circuit Breaker
2026-08-05 01:22:51 - crawler - ERROR - Ошибка при обработке https://httpbin.org/status/429?seq=279: CircuitBreakerOpenError - Домен httpbin.org заблокирован
2026-08-05 01:22:51 - crawler - INFO - fetch_url_with_meta вызван для https://httpbin.org/get?seq=280
2026-08-05 01:22:51 - crawler - WARNING - Домен httpbin.org временно заблокирован Circuit Breaker
2026-08-05 01:22:51 - crawler - ERROR - Ошибка при обработке https://httpbin.org/get?seq=280: CircuitBreakerOpenError - Домен httpbin.org заблокирован
2026-08-05 01:22:51 - crawler - INFO - fetch_url_with_meta вызван для https://httpbin.org/delay/1?seq=281
2026-08-05 01:22:51 - crawler - WARNING - Домен httpbin.org временно заблокирован Circuit Breaker
2026-08-05 01:22:51 - crawler - ERROR - Ошибка при обработке https://httpbin.org/delay/1?seq=281: CircuitBreakerOpenError - Домен httpbin.org заблокирован
2026-08-05 01:22:51 - crawler - INFO - fetch_url_with_meta вызван для https://httpbin.org/delay/2?seq=282
2026-08-05 01:22:51 - crawler - WARNING - Домен httpbin.org временно заблокирован Circuit Breaker
2026-08-05 01:22:51 - crawler - ERROR - Ошибка при обработке https://httpbin.org/delay/2?seq=282: CircuitBreakerOpenError - Домен httpbin.org заблокирован
2026-08-05 01:22:51 - crawler - INFO - fetch_url_with_meta вызван для https://httpbin.org/html?seq=283
2026-08-05 01:22:51 - crawler - WARNING - Домен httpbin.org временно заблокирован Circuit Breaker
2026-08-05 01:22:51 - crawler - ERROR - Ошибка при обработке https://httpbin.org/html?seq=283: CircuitBreakerOpenError - Домен httpbin.org заблокирован
2026-08-05 01:22:51 - crawler - INFO - fetch_url_with_meta вызван для https://httpbin.org/forms/post?seq=284
2026-08-05 01:22:51 - crawler - WARNING - Домен httpbin.org временно заблокирован Circuit Breaker
2026-08-05 01:22:51 - crawler - ERROR - Ошибка при обработке https://httpbin.org/forms/post?seq=284: CircuitBreakerOpenError - Домен httpbin.org заблокирован
2026-08-05 01:22:51 - crawler - INFO - fetch_url_with_meta вызван для https://httpbin.org/bytes/1024?seq=285
2026-08-05 01:22:51 - crawler - WARNING - Домен httpbin.org временно заблокирован Circuit Breaker
2026-08-05 01:22:51 - crawler - ERROR - Ошибка при обработке https://httpbin.org/bytes/1024?seq=285: CircuitBreakerOpenError - Домен httpbin.org заблокирован
2026-08-05 01:22:51 - crawler - INFO - fetch_url_with_meta вызван для https://httpbin.org/status/200?seq=286
2026-08-05 01:22:51 - crawler - WARNING - Домен httpbin.org временно заблокирован Circuit Breaker
2026-08-05 01:22:51 - crawler - ERROR - Ошибка при обработке https://httpbin.org/status/200?seq=286: CircuitBreakerOpenError - Домен httpbin.org заблокирован
2026-08-05 01:22:51 - crawler - INFO - fetch_url_with_meta вызван для https://httpbin.org/status/404?seq=287
2026-08-05 01:22:51 - crawler - WARNING - Домен httpbin.org временно заблокирован Circuit Breaker
2026-08-05 01:22:51 - crawler - ERROR - Ошибка при обработке https://httpbin.org/status/404?seq=287: CircuitBreakerOpenError - Домен httpbin.org заблокирован
2026-08-05 01:22:51 - crawler - INFO - fetch_url_with_meta вызван для https://httpbin.org/status/500?seq=288
2026-08-05 01:22:51 - crawler - WARNING - Домен httpbin.org временно заблокирован Circuit Breaker
2026-08-05 01:22:51 - crawler - ERROR - Ошибка при обработке https://httpbin.org/status/500?seq=288: CircuitBreakerOpenError - Домен httpbin.org заблокирован
2026-08-05 01:22:51 - crawler - INFO - fetch_url_with_meta вызван для https://httpbin.org/status/503?seq=289
2026-08-05 01:22:51 - crawler - WARNING - Домен httpbin.org временно заблокирован Circuit Breaker
2026-08-05 01:22:51 - crawler - ERROR - Ошибка при обработке https://httpbin.org/status/503?seq=289: CircuitBreakerOpenError - Домен httpbin.org заблокирован
2026-08-05 01:22:51 - crawler - INFO - fetch_url_with_meta вызван для https://httpbin.org/status/429?seq=290
2026-08-05 01:22:51 - crawler - WARNING - Домен httpbin.org временно заблокирован Circuit Breaker
2026-08-05 01:22:51 - crawler - ERROR - Ошибка при обработке https://httpbin.org/status/429?seq=290: CircuitBreakerOpenError - Домен httpbin.org заблокирован
2026-08-05 01:22:51 - crawler - INFO - fetch_url_with_meta вызван для https://httpbin.org/get?seq=291
2026-08-05 01:22:51 - crawler - WARNING - Домен httpbin.org временно заблокирован Circuit Breaker
2026-08-05 01:22:51 - crawler - ERROR - Ошибка при обработке https://httpbin.org/get?seq=291: CircuitBreakerOpenError - Домен httpbin.org заблокирован
2026-08-05 01:22:51 - crawler - INFO - fetch_url_with_meta вызван для https://httpbin.org/delay/1?seq=292
2026-08-05 01:22:51 - crawler - WARNING - Домен httpbin.org временно заблокирован Circuit Breaker
2026-08-05 01:22:51 - crawler - ERROR - Ошибка при обработке https://httpbin.org/delay/1?seq=292: CircuitBreakerOpenError - Домен httpbin.org заблокирован
2026-08-05 01:22:51 - crawler - INFO - fetch_url_with_meta вызван для https://httpbin.org/delay/2?seq=293
2026-08-05 01:22:51 - crawler - WARNING - Домен httpbin.org временно заблокирован Circuit Breaker
2026-08-05 01:22:51 - crawler - ERROR - Ошибка при обработке https://httpbin.org/delay/2?seq=293: CircuitBreakerOpenError - Домен httpbin.org заблокирован
2026-08-05 01:22:51 - crawler - INFO - fetch_url_with_meta вызван для https://httpbin.org/html?seq=294
2026-08-05 01:22:51 - crawler - WARNING - Домен httpbin.org временно заблокирован Circuit Breaker
2026-08-05 01:22:51 - crawler - ERROR - Ошибка при обработке https://httpbin.org/html?seq=294: CircuitBreakerOpenError - Домен httpbin.org заблокирован
2026-08-05 01:22:51 - crawler - INFO - fetch_url_with_meta вызван для https://httpbin.org/forms/post?seq=295
2026-08-05 01:22:51 - crawler - WARNING - Домен httpbin.org временно заблокирован Circuit Breaker
2026-08-05 01:22:51 - crawler - ERROR - Ошибка при обработке https://httpbin.org/forms/post?seq=295: CircuitBreakerOpenError - Домен httpbin.org заблокирован
2026-08-05 01:22:51 - crawler - INFO - fetch_url_with_meta вызван для https://httpbin.org/bytes/1024?seq=296
2026-08-05 01:22:51 - crawler - WARNING - Домен httpbin.org временно заблокирован Circuit Breaker
2026-08-05 01:22:51 - crawler - ERROR - Ошибка при обработке https://httpbin.org/bytes/1024?seq=296: CircuitBreakerOpenError - Домен httpbin.org заблокирован
2026-08-05 01:22:51 - crawler - INFO - fetch_url_with_meta вызван для https://httpbin.org/status/200?seq=297
2026-08-05 01:22:51 - crawler - WARNING - Домен httpbin.org временно заблокирован Circuit Breaker
2026-08-05 01:22:51 - crawler - ERROR - Ошибка при обработке https://httpbin.org/status/200?seq=297: CircuitBreakerOpenError - Домен httpbin.org заблокирован
2026-08-05 01:22:51 - crawler - INFO - fetch_url_with_meta вызван для https://httpbin.org/status/404?seq=298
2026-08-05 01:22:51 - crawler - WARNING - Домен httpbin.org временно заблокирован Circuit Breaker
2026-08-05 01:22:51 - crawler - ERROR - Ошибка при обработке https://httpbin.org/status/404?seq=298: CircuitBreakerOpenError - Домен httpbin.org заблокирован
2026-08-05 01:22:51 - crawler - INFO - fetch_url_with_meta вызван для https://httpbin.org/status/500?seq=299
2026-08-05 01:22:51 - crawler - WARNING - Домен httpbin.org временно заблокирован Circuit Breaker
2026-08-05 01:22:51 - crawler - ERROR - Ошибка при обработке https://httpbin.org/status/500?seq=299: CircuitBreakerOpenError - Домен httpbin.org заблокирован
2026-08-05 01:22:51 - crawler - INFO - fetch_url_with_meta вызван для https://httpbin.org/status/503?seq=300
2026-08-05 01:22:51 - crawler - WARNING - Домен httpbin.org временно заблокирован Circuit Breaker
2026-08-05 01:22:51 - crawler - ERROR - Ошибка при обработке https://httpbin.org/status/503?seq=300: CircuitBreakerOpenError - Домен httpbin.org заблокирован
2026-08-05 01:22:51 - crawler - INFO - fetch_url_with_meta вызван для https://httpbin.org/status/429?seq=301
2026-08-05 01:22:51 - crawler - WARNING - Домен httpbin.org временно заблокирован Circuit Breaker
2026-08-05 01:22:51 - crawler - ERROR - Ошибка при обработке https://httpbin.org/status/429?seq=301: CircuitBreakerOpenError - Домен httpbin.org заблокирован
2026-08-05 01:22:51 - crawler - INFO - fetch_url_with_meta вызван для https://httpbin.org/get?seq=302
2026-08-05 01:22:51 - crawler - WARNING - Домен httpbin.org временно заблокирован Circuit Breaker
2026-08-05 01:22:51 - crawler - ERROR - Ошибка при обработке https://httpbin.org/get?seq=302: CircuitBreakerOpenError - Домен httpbin.org заблокирован
2026-08-05 01:22:51 - crawler - INFO - fetch_url_with_meta вызван для https://httpbin.org/delay/1?seq=303
2026-08-05 01:22:51 - crawler - WARNING - Домен httpbin.org временно заблокирован Circuit Breaker
2026-08-05 01:22:51 - crawler - ERROR - Ошибка при обработке https://httpbin.org/delay/1?seq=303: CircuitBreakerOpenError - Домен httpbin.org заблокирован
2026-08-05 01:22:51 - crawler - INFO - fetch_url_with_meta вызван для https://httpbin.org/delay/2?seq=304
2026-08-05 01:22:51 - crawler - WARNING - Домен httpbin.org временно заблокирован Circuit Breaker
2026-08-05 01:22:51 - crawler - ERROR - Ошибка при обработке https://httpbin.org/delay/2?seq=304: CircuitBreakerOpenError - Домен httpbin.org заблокирован
2026-08-05 01:22:51 - crawler - INFO - fetch_url_with_meta вызван для https://httpbin.org/html?seq=305
2026-08-05 01:22:51 - crawler - WARNING - Домен httpbin.org временно заблокирован Circuit Breaker
2026-08-05 01:22:51 - crawler - ERROR - Ошибка при обработке https://httpbin.org/html?seq=305: CircuitBreakerOpenError - Домен httpbin.org заблокирован
2026-08-05 01:22:51 - crawler - INFO - fetch_url_with_meta вызван для https://httpbin.org/forms/post?seq=306
2026-08-05 01:22:51 - crawler - WARNING - Домен httpbin.org временно заблокирован Circuit Breaker
2026-08-05 01:22:51 - crawler - ERROR - Ошибка при обработке https://httpbin.org/forms/post?seq=306: CircuitBreakerOpenError - Домен httpbin.org заблокирован
2026-08-05 01:22:51 - crawler - INFO - fetch_url_with_meta вызван для https://httpbin.org/bytes/1024?seq=307
2026-08-05 01:22:51 - crawler - WARNING - Домен httpbin.org временно заблокирован Circuit Breaker
2026-08-05 01:22:51 - crawler - ERROR - Ошибка при обработке https://httpbin.org/bytes/1024?seq=307: CircuitBreakerOpenError - Домен httpbin.org заблокирован
2026-08-05 01:22:52 - crawler - INFO - fetch_url_with_meta вызван для https://httpbin.org/status/200?seq=308
2026-08-05 01:22:52 - crawler - WARNING - Домен httpbin.org временно заблокирован Circuit Breaker
2026-08-05 01:22:52 - crawler - ERROR - Ошибка при обработке https://httpbin.org/status/200?seq=308: CircuitBreakerOpenError - Домен httpbin.org заблокирован
2026-08-05 01:22:52 - crawler - INFO - fetch_url_with_meta вызван для https://httpbin.org/status/404?seq=309
2026-08-05 01:22:52 - crawler - WARNING - Домен httpbin.org временно заблокирован Circuit Breaker
2026-08-05 01:22:52 - crawler - ERROR - Ошибка при обработке https://httpbin.org/status/404?seq=309: CircuitBreakerOpenError - Домен httpbin.org заблокирован
2026-08-05 01:22:52 - crawler - INFO - fetch_url_with_meta вызван для https://httpbin.org/status/500?seq=310
2026-08-05 01:22:52 - crawler - WARNING - Домен httpbin.org временно заблокирован Circuit Breaker
2026-08-05 01:22:52 - crawler - ERROR - Ошибка при обработке https://httpbin.org/status/500?seq=310: CircuitBreakerOpenError - Домен httpbin.org заблокирован
2026-08-05 01:22:52 - crawler - INFO - fetch_url_with_meta вызван для https://httpbin.org/status/503?seq=311
2026-08-05 01:22:52 - crawler - WARNING - Домен httpbin.org временно заблокирован Circuit Breaker
2026-08-05 01:22:52 - crawler - ERROR - Ошибка при обработке https://httpbin.org/status/503?seq=311: CircuitBreakerOpenError - Домен httpbin.org заблокирован
2026-08-05 01:22:52 - crawler - INFO - fetch_url_with_meta вызван для https://httpbin.org/status/429?seq=312
2026-08-05 01:22:52 - crawler - WARNING - Домен httpbin.org временно заблокирован Circuit Breaker
2026-08-05 01:22:52 - crawler - ERROR - Ошибка при обработке https://httpbin.org/status/429?seq=312: CircuitBreakerOpenError - Домен httpbin.org заблокирован
2026-08-05 01:22:52 - crawler - INFO - fetch_url_with_meta вызван для https://httpbin.org/get?seq=313
2026-08-05 01:22:52 - crawler - WARNING - Домен httpbin.org временно заблокирован Circuit Breaker
2026-08-05 01:22:52 - crawler - ERROR - Ошибка при обработке https://httpbin.org/get?seq=313: CircuitBreakerOpenError - Домен httpbin.org заблокирован
2026-08-05 01:22:52 - crawler - INFO - fetch_url_with_meta вызван для https://httpbin.org/delay/1?seq=314
2026-08-05 01:22:52 - crawler - WARNING - Домен httpbin.org временно заблокирован Circuit Breaker
2026-08-05 01:22:52 - crawler - ERROR - Ошибка при обработке https://httpbin.org/delay/1?seq=314: CircuitBreakerOpenError - Домен httpbin.org заблокирован
2026-08-05 01:22:52 - crawler - INFO - fetch_url_with_meta вызван для https://httpbin.org/delay/2?seq=315
2026-08-05 01:22:52 - crawler - WARNING - Домен httpbin.org временно заблокирован Circuit Breaker
2026-08-05 01:22:52 - crawler - ERROR - Ошибка при обработке https://httpbin.org/delay/2?seq=315: CircuitBreakerOpenError - Домен httpbin.org заблокирован
2026-08-05 01:22:52 - crawler - INFO - fetch_url_with_meta вызван для https://httpbin.org/html?seq=316
2026-08-05 01:22:52 - crawler - WARNING - Домен httpbin.org временно заблокирован Circuit Breaker
2026-08-05 01:22:52 - crawler - ERROR - Ошибка при обработке https://httpbin.org/html?seq=316: CircuitBreakerOpenError - Домен httpbin.org заблокирован
2026-08-05 01:22:52 - crawler - INFO - fetch_url_with_meta вызван для https://httpbin.org/forms/post?seq=317
2026-08-05 01:22:52 - crawler - WARNING - Домен httpbin.org временно заблокирован Circuit Breaker
2026-08-05 01:22:52 - crawler - ERROR - Ошибка при обработке https://httpbin.org/forms/post?seq=317: CircuitBreakerOpenError - Домен httpbin.org заблокирован
2026-08-05 01:22:52 - crawler - INFO - fetch_url_with_meta вызван для https://httpbin.org/bytes/1024?seq=318
2026-08-05 01:22:52 - crawler - WARNING - Домен httpbin.org временно заблокирован Circuit Breaker
2026-08-05 01:22:52 - crawler - ERROR - Ошибка при обработке https://httpbin.org/bytes/1024?seq=318: CircuitBreakerOpenError - Домен httpbin.org заблокирован
2026-08-05 01:22:52 - crawler - INFO - fetch_url_with_meta вызван для https://httpbin.org/status/200?seq=319
2026-08-05 01:22:52 - crawler - WARNING - Домен httpbin.org временно заблокирован Circuit Breaker
2026-08-05 01:22:52 - crawler - ERROR - Ошибка при обработке https://httpbin.org/status/200?seq=319: CircuitBreakerOpenError - Домен httpbin.org заблокирован
2026-08-05 01:22:52 - crawler - INFO - fetch_url_with_meta вызван для https://httpbin.org/status/404?seq=320
2026-08-05 01:22:52 - crawler - WARNING - Домен httpbin.org временно заблокирован Circuit Breaker
2026-08-05 01:22:52 - crawler - ERROR - Ошибка при обработке https://httpbin.org/status/404?seq=320: CircuitBreakerOpenError - Домен httpbin.org заблокирован
2026-08-05 01:22:52 - crawler - INFO - fetch_url_with_meta вызван для https://httpbin.org/status/500?seq=321
2026-08-05 01:22:52 - crawler - WARNING - Домен httpbin.org временно заблокирован Circuit Breaker
2026-08-05 01:22:52 - crawler - ERROR - Ошибка при обработке https://httpbin.org/status/500?seq=321: CircuitBreakerOpenError - Домен httpbin.org заблокирован
2026-08-05 01:22:52 - crawler - INFO - fetch_url_with_meta вызван для https://httpbin.org/status/503?seq=322
2026-08-05 01:22:52 - crawler - WARNING - Домен httpbin.org временно заблокирован Circuit Breaker
2026-08-05 01:22:52 - crawler - ERROR - Ошибка при обработке https://httpbin.org/status/503?seq=322: CircuitBreakerOpenError - Домен httpbin.org заблокирован
2026-08-05 01:22:52 - crawler - INFO - fetch_url_with_meta вызван для https://httpbin.org/status/429?seq=323
2026-08-05 01:22:52 - crawler - WARNING - Домен httpbin.org временно заблокирован Circuit Breaker
2026-08-05 01:22:52 - crawler - ERROR - Ошибка при обработке https://httpbin.org/status/429?seq=323: CircuitBreakerOpenError - Домен httpbin.org заблокирован
2026-08-05 01:22:52 - crawler - INFO - fetch_url_with_meta вызван для https://httpbin.org/get?seq=324
2026-08-05 01:22:52 - crawler - WARNING - Домен httpbin.org временно заблокирован Circuit Breaker
2026-08-05 01:22:52 - crawler - ERROR - Ошибка при обработке https://httpbin.org/get?seq=324: CircuitBreakerOpenError - Домен httpbin.org заблокирован
2026-08-05 01:22:52 - crawler - INFO - fetch_url_with_meta вызван для https://httpbin.org/delay/1?seq=325
2026-08-05 01:22:52 - crawler - WARNING - Домен httpbin.org временно заблокирован Circuit Breaker
2026-08-05 01:22:52 - crawler - ERROR - Ошибка при обработке https://httpbin.org/delay/1?seq=325: CircuitBreakerOpenError - Домен httpbin.org заблокирован
2026-08-05 01:22:52 - crawler - INFO - fetch_url_with_meta вызван для https://httpbin.org/delay/2?seq=326
2026-08-05 01:22:52 - crawler - WARNING - Домен httpbin.org временно заблокирован Circuit Breaker
2026-08-05 01:22:52 - crawler - ERROR - Ошибка при обработке https://httpbin.org/delay/2?seq=326: CircuitBreakerOpenError - Домен httpbin.org заблокирован
2026-08-05 01:22:52 - crawler - INFO - fetch_url_with_meta вызван для https://httpbin.org/html?seq=327
2026-08-05 01:22:52 - crawler - WARNING - Домен httpbin.org временно заблокирован Circuit Breaker
2026-08-05 01:22:52 - crawler - ERROR - Ошибка при обработке https://httpbin.org/html?seq=327: CircuitBreakerOpenError - Домен httpbin.org заблокирован
2026-08-05 01:22:52 - crawler - INFO - fetch_url_with_meta вызван для https://httpbin.org/forms/post?seq=328
2026-08-05 01:22:52 - crawler - WARNING - Домен httpbin.org временно заблокирован Circuit Breaker
2026-08-05 01:22:52 - crawler - ERROR - Ошибка при обработке https://httpbin.org/forms/post?seq=328: CircuitBreakerOpenError - Домен httpbin.org заблокирован
2026-08-05 01:22:52 - crawler - INFO - fetch_url_with_meta вызван для https://httpbin.org/bytes/1024?seq=329
2026-08-05 01:22:52 - crawler - WARNING - Домен httpbin.org временно заблокирован Circuit Breaker
2026-08-05 01:22:52 - crawler - ERROR - Ошибка при обработке https://httpbin.org/bytes/1024?seq=329: CircuitBreakerOpenError - Домен httpbin.org заблокирован
2026-08-05 01:22:52 - crawler - INFO - fetch_url_with_meta вызван для https://httpbin.org/status/200?seq=330
2026-08-05 01:22:52 - crawler - WARNING - Домен httpbin.org временно заблокирован Circuit Breaker
2026-08-05 01:22:52 - crawler - ERROR - Ошибка при обработке https://httpbin.org/status/200?seq=330: CircuitBreakerOpenError - Домен httpbin.org заблокирован
2026-08-05 01:22:52 - crawler - INFO - fetch_url_with_meta вызван для https://httpbin.org/status/404?seq=331
2026-08-05 01:22:52 - crawler - WARNING - Домен httpbin.org временно заблокирован Circuit Breaker
2026-08-05 01:22:52 - crawler - ERROR - Ошибка при обработке https://httpbin.org/status/404?seq=331: CircuitBreakerOpenError - Домен httpbin.org заблокирован
2026-08-05 01:22:52 - crawler - INFO - fetch_url_with_meta вызван для https://httpbin.org/status/500?seq=332
2026-08-05 01:22:52 - crawler - WARNING - Домен httpbin.org временно заблокирован Circuit Breaker
2026-08-05 01:22:52 - crawler - ERROR - Ошибка при обработке https://httpbin.org/status/500?seq=332: CircuitBreakerOpenError - Домен httpbin.org заблокирован
2026-08-05 01:22:52 - crawler - INFO - fetch_url_with_meta вызван для https://httpbin.org/status/503?seq=333
2026-08-05 01:22:52 - crawler - WARNING - Домен httpbin.org временно заблокирован Circuit Breaker
2026-08-05 01:22:52 - crawler - ERROR - Ошибка при обработке https://httpbin.org/status/503?seq=333: CircuitBreakerOpenError - Домен httpbin.org заблокирован
2026-08-05 01:22:52 - crawler - INFO - fetch_url_with_meta вызван для https://httpbin.org/status/429?seq=334
2026-08-05 01:22:52 - crawler - WARNING - Домен httpbin.org временно заблокирован Circuit Breaker
2026-08-05 01:22:52 - crawler - ERROR - Ошибка при обработке https://httpbin.org/status/429?seq=334: CircuitBreakerOpenError - Домен httpbin.org заблокирован
2026-08-05 01:22:52 - crawler - INFO - fetch_url_with_meta вызван для https://httpbin.org/get?seq=335
2026-08-05 01:22:52 - crawler - WARNING - Домен httpbin.org временно заблокирован Circuit Breaker
2026-08-05 01:22:52 - crawler - ERROR - Ошибка при обработке https://httpbin.org/get?seq=335: CircuitBreakerOpenError - Домен httpbin.org заблокирован
2026-08-05 01:22:52 - crawler - INFO - fetch_url_with_meta вызван для https://httpbin.org/delay/1?seq=336
2026-08-05 01:22:52 - crawler - WARNING - Домен httpbin.org временно заблокирован Circuit Breaker
2026-08-05 01:22:52 - crawler - ERROR - Ошибка при обработке https://httpbin.org/delay/1?seq=336: CircuitBreakerOpenError - Домен httpbin.org заблокирован
2026-08-05 01:22:52 - crawler - INFO - fetch_url_with_meta вызван для https://httpbin.org/delay/2?seq=337
2026-08-05 01:22:52 - crawler - WARNING - Домен httpbin.org временно заблокирован Circuit Breaker
2026-08-05 01:22:52 - crawler - ERROR - Ошибка при обработке https://httpbin.org/delay/2?seq=337: CircuitBreakerOpenError - Домен httpbin.org заблокирован
2026-08-05 01:22:52 - crawler - INFO - fetch_url_with_meta вызван для https://httpbin.org/html?seq=338
2026-08-05 01:22:52 - crawler - WARNING - Домен httpbin.org временно заблокирован Circuit Breaker
2026-08-05 01:22:52 - crawler - ERROR - Ошибка при обработке https://httpbin.org/html?seq=338: CircuitBreakerOpenError - Домен httpbin.org заблокирован
2026-08-05 01:22:52 - crawler - INFO - fetch_url_with_meta вызван для https://httpbin.org/forms/post?seq=339
2026-08-05 01:22:52 - crawler - WARNING - Домен httpbin.org временно заблокирован Circuit Breaker
2026-08-05 01:22:52 - crawler - ERROR - Ошибка при обработке https://httpbin.org/forms/post?seq=339: CircuitBreakerOpenError - Домен httpbin.org заблокирован
2026-08-05 01:22:52 - crawler - INFO - fetch_url_with_meta вызван для https://httpbin.org/bytes/1024?seq=340
2026-08-05 01:22:52 - crawler - WARNING - Домен httpbin.org временно заблокирован Circuit Breaker
2026-08-05 01:22:52 - crawler - ERROR - Ошибка при обработке https://httpbin.org/bytes/1024?seq=340: CircuitBreakerOpenError - Домен httpbin.org заблокирован
2026-08-05 01:22:52 - crawler - INFO - fetch_url_with_meta вызван для https://httpbin.org/status/200?seq=341
2026-08-05 01:22:52 - crawler - WARNING - Домен httpbin.org временно заблокирован Circuit Breaker
2026-08-05 01:22:52 - crawler - ERROR - Ошибка при обработке https://httpbin.org/status/200?seq=341: CircuitBreakerOpenError - Домен httpbin.org заблокирован
2026-08-05 01:22:52 - crawler - INFO - fetch_url_with_meta вызван для https://httpbin.org/status/404?seq=342
2026-08-05 01:22:52 - crawler - WARNING - Домен httpbin.org временно заблокирован Circuit Breaker
2026-08-05 01:22:52 - crawler - ERROR - Ошибка при обработке https://httpbin.org/status/404?seq=342: CircuitBreakerOpenError - Домен httpbin.org заблокирован
2026-08-05 01:22:52 - crawler - INFO - fetch_url_with_meta вызван для https://httpbin.org/status/500?seq=343
2026-08-05 01:22:52 - crawler - WARNING - Домен httpbin.org временно заблокирован Circuit Breaker
2026-08-05 01:22:52 - crawler - ERROR - Ошибка при обработке https://httpbin.org/status/500?seq=343: CircuitBreakerOpenError - Домен httpbin.org заблокирован
2026-08-05 01:22:52 - crawler - INFO - fetch_url_with_meta вызван для https://httpbin.org/status/503?seq=344
2026-08-05 01:22:52 - crawler - WARNING - Домен httpbin.org временно заблокирован Circuit Breaker
2026-08-05 01:22:52 - crawler - ERROR - Ошибка при обработке https://httpbin.org/status/503?seq=344: CircuitBreakerOpenError - Домен httpbin.org заблокирован
2026-08-05 01:22:52 - crawler - INFO - fetch_url_with_meta вызван для https://httpbin.org/status/429?seq=345
2026-08-05 01:22:52 - crawler - WARNING - Домен httpbin.org временно заблокирован Circuit Breaker
2026-08-05 01:22:52 - crawler - ERROR - Ошибка при обработке https://httpbin.org/status/429?seq=345: CircuitBreakerOpenError - Домен httpbin.org заблокирован
2026-08-05 01:22:52 - crawler - INFO - fetch_url_with_meta вызван для https://httpbin.org/get?seq=346
2026-08-05 01:22:52 - crawler - WARNING - Домен httpbin.org временно заблокирован Circuit Breaker
2026-08-05 01:22:52 - crawler - ERROR - Ошибка при обработке https://httpbin.org/get?seq=346: CircuitBreakerOpenError - Домен httpbin.org заблокирован
2026-08-05 01:22:52 - crawler - INFO - fetch_url_with_meta вызван для https://httpbin.org/delay/1?seq=347
2026-08-05 01:22:52 - crawler - WARNING - Домен httpbin.org временно заблокирован Circuit Breaker
2026-08-05 01:22:52 - crawler - ERROR - Ошибка при обработке https://httpbin.org/delay/1?seq=347: CircuitBreakerOpenError - Домен httpbin.org заблокирован
2026-08-05 01:22:52 - crawler - INFO - fetch_url_with_meta вызван для https://httpbin.org/delay/2?seq=348
2026-08-05 01:22:52 - crawler - WARNING - Домен httpbin.org временно заблокирован Circuit Breaker
2026-08-05 01:22:52 - crawler - ERROR - Ошибка при обработке https://httpbin.org/delay/2?seq=348: CircuitBreakerOpenError - Домен httpbin.org заблокирован
2026-08-05 01:22:52 - crawler - INFO - fetch_url_with_meta вызван для https://httpbin.org/html?seq=349
2026-08-05 01:22:52 - crawler - WARNING - Домен httpbin.org временно заблокирован Circuit Breaker
2026-08-05 01:22:52 - crawler - ERROR - Ошибка при обработке https://httpbin.org/html?seq=349: CircuitBreakerOpenError - Домен httpbin.org заблокирован
2026-08-05 01:22:52 - crawler - INFO - fetch_url_with_meta вызван для https://httpbin.org/forms/post?seq=350
2026-08-05 01:22:52 - crawler - WARNING - Домен httpbin.org временно заблокирован Circuit Breaker
2026-08-05 01:22:52 - crawler - ERROR - Ошибка при обработке https://httpbin.org/forms/post?seq=350: CircuitBreakerOpenError - Домен httpbin.org заблокирован
2026-08-05 01:22:52 - crawler - INFO - fetch_url_with_meta вызван для https://httpbin.org/bytes/1024?seq=351
2026-08-05 01:22:52 - crawler - WARNING - Домен httpbin.org временно заблокирован Circuit Breaker
2026-08-05 01:22:52 - crawler - ERROR - Ошибка при обработке https://httpbin.org/bytes/1024?seq=351: CircuitBreakerOpenError - Домен httpbin.org заблокирован
2026-08-05 01:22:52 - crawler - INFO - fetch_url_with_meta вызван для https://httpbin.org/status/200?seq=352
2026-08-05 01:22:52 - crawler - WARNING - Домен httpbin.org временно заблокирован Circuit Breaker
2026-08-05 01:22:52 - crawler - ERROR - Ошибка при обработке https://httpbin.org/status/200?seq=352: CircuitBreakerOpenError - Домен httpbin.org заблокирован
2026-08-05 01:22:52 - crawler - INFO - fetch_url_with_meta вызван для https://httpbin.org/status/404?seq=353
2026-08-05 01:22:52 - crawler - WARNING - Домен httpbin.org временно заблокирован Circuit Breaker
2026-08-05 01:22:52 - crawler - ERROR - Ошибка при обработке https://httpbin.org/status/404?seq=353: CircuitBreakerOpenError - Домен httpbin.org заблокирован
2026-08-05 01:22:52 - crawler - INFO - fetch_url_with_meta вызван для https://httpbin.org/status/500?seq=354
2026-08-05 01:22:52 - crawler - WARNING - Домен httpbin.org временно заблокирован Circuit Breaker
2026-08-05 01:22:52 - crawler - ERROR - Ошибка при обработке https://httpbin.org/status/500?seq=354: CircuitBreakerOpenError - Домен httpbin.org заблокирован
2026-08-05 01:22:52 - crawler - INFO - fetch_url_with_meta вызван для https://httpbin.org/status/503?seq=355
2026-08-05 01:22:52 - crawler - WARNING - Домен httpbin.org временно заблокирован Circuit Breaker
2026-08-05 01:22:52 - crawler - ERROR - Ошибка при обработке https://httpbin.org/status/503?seq=355: CircuitBreakerOpenError - Домен httpbin.org заблокирован
2026-08-05 01:22:52 - crawler - INFO - fetch_url_with_meta вызван для https://httpbin.org/status/429?seq=356
2026-08-05 01:22:52 - crawler - WARNING - Домен httpbin.org временно заблокирован Circuit Breaker
2026-08-05 01:22:52 - crawler - ERROR - Ошибка при обработке https://httpbin.org/status/429?seq=356: CircuitBreakerOpenError - Домен httpbin.org заблокирован
2026-08-05 01:22:52 - crawler - INFO - fetch_url_with_meta вызван для https://httpbin.org/get?seq=357
2026-08-05 01:22:52 - crawler - WARNING - Домен httpbin.org временно заблокирован Circuit Breaker
2026-08-05 01:22:52 - crawler - ERROR - Ошибка при обработке https://httpbin.org/get?seq=357: CircuitBreakerOpenError - Домен httpbin.org заблокирован
2026-08-05 01:22:52 - crawler - INFO - fetch_url_with_meta вызван для https://httpbin.org/delay/1?seq=358
2026-08-05 01:22:52 - crawler - WARNING - Домен httpbin.org временно заблокирован Circuit Breaker
2026-08-05 01:22:52 - crawler - ERROR - Ошибка при обработке https://httpbin.org/delay/1?seq=358: CircuitBreakerOpenError - Домен httpbin.org заблокирован
2026-08-05 01:22:52 - crawler - INFO - fetch_url_with_meta вызван для https://httpbin.org/delay/2?seq=359
2026-08-05 01:22:52 - crawler - WARNING - Домен httpbin.org временно заблокирован Circuit Breaker
2026-08-05 01:22:52 - crawler - ERROR - Ошибка при обработке https://httpbin.org/delay/2?seq=359: CircuitBreakerOpenError - Домен httpbin.org заблокирован
2026-08-05 01:22:52 - crawler - INFO - fetch_url_with_meta вызван для https://httpbin.org/html?seq=360
2026-08-05 01:22:52 - crawler - WARNING - Домен httpbin.org временно заблокирован Circuit Breaker
2026-08-05 01:22:52 - crawler - ERROR - Ошибка при обработке https://httpbin.org/html?seq=360: CircuitBreakerOpenError - Домен httpbin.org заблокирован
2026-08-05 01:22:52 - crawler - INFO - fetch_url_with_meta вызван для https://httpbin.org/forms/post?seq=361
2026-08-05 01:22:52 - crawler - WARNING - Домен httpbin.org временно заблокирован Circuit Breaker
2026-08-05 01:22:52 - crawler - ERROR - Ошибка при обработке https://httpbin.org/forms/post?seq=361: CircuitBreakerOpenError - Домен httpbin.org заблокирован
2026-08-05 01:22:52 - crawler - INFO - fetch_url_with_meta вызван для https://httpbin.org/bytes/1024?seq=362
2026-08-05 01:22:52 - crawler - WARNING - Домен httpbin.org временно заблокирован Circuit Breaker
2026-08-05 01:22:52 - crawler - ERROR - Ошибка при обработке https://httpbin.org/bytes/1024?seq=362: CircuitBreakerOpenError - Домен httpbin.org заблокирован
2026-08-05 01:22:52 - crawler - INFO - fetch_url_with_meta вызван для https://httpbin.org/status/200?seq=363
2026-08-05 01:22:52 - crawler - WARNING - Домен httpbin.org временно заблокирован Circuit Breaker
2026-08-05 01:22:52 - crawler - ERROR - Ошибка при обработке https://httpbin.org/status/200?seq=363: CircuitBreakerOpenError - Домен httpbin.org заблокирован
2026-08-05 01:22:52 - crawler - INFO - fetch_url_with_meta вызван для https://httpbin.org/status/404?seq=364
2026-08-05 01:22:52 - crawler - WARNING - Домен httpbin.org временно заблокирован Circuit Breaker
2026-08-05 01:22:52 - crawler - ERROR - Ошибка при обработке https://httpbin.org/status/404?seq=364: CircuitBreakerOpenError - Домен httpbin.org заблокирован
2026-08-05 01:22:52 - crawler - INFO - fetch_url_with_meta вызван для https://httpbin.org/status/500?seq=365
2026-08-05 01:22:52 - crawler - WARNING - Домен httpbin.org временно заблокирован Circuit Breaker
2026-08-05 01:22:52 - crawler - ERROR - Ошибка при обработке https://httpbin.org/status/500?seq=365: CircuitBreakerOpenError - Домен httpbin.org заблокирован
2026-08-05 01:22:52 - crawler - INFO - fetch_url_with_meta вызван для https://httpbin.org/status/503?seq=366
2026-08-05 01:22:52 - crawler - WARNING - Домен httpbin.org временно заблокирован Circuit Breaker
2026-08-05 01:22:52 - crawler - ERROR - Ошибка при обработке https://httpbin.org/status/503?seq=366: CircuitBreakerOpenError - Домен httpbin.org заблокирован
2026-08-05 01:22:52 - crawler - INFO - fetch_url_with_meta вызван для https://httpbin.org/status/429?seq=367
2026-08-05 01:22:52 - crawler - WARNING - Домен httpbin.org временно заблокирован Circuit Breaker
2026-08-05 01:22:52 - crawler - ERROR - Ошибка при обработке https://httpbin.org/status/429?seq=367: CircuitBreakerOpenError - Домен httpbin.org заблокирован
2026-08-05 01:22:52 - crawler - INFO - fetch_url_with_meta вызван для https://httpbin.org/get?seq=368
2026-08-05 01:22:52 - crawler - WARNING - Домен httpbin.org временно заблокирован Circuit Breaker
2026-08-05 01:22:52 - crawler - ERROR - Ошибка при обработке https://httpbin.org/get?seq=368: CircuitBreakerOpenError - Домен httpbin.org заблокирован
2026-08-05 01:22:52 - crawler - INFO - fetch_url_with_meta вызван для https://httpbin.org/delay/1?seq=369
2026-08-05 01:22:52 - crawler - WARNING - Домен httpbin.org временно заблокирован Circuit Breaker
2026-08-05 01:22:52 - crawler - ERROR - Ошибка при обработке https://httpbin.org/delay/1?seq=369: CircuitBreakerOpenError - Домен httpbin.org заблокирован
2026-08-05 01:22:52 - crawler - INFO - fetch_url_with_meta вызван для https://httpbin.org/delay/2?seq=370
2026-08-05 01:22:52 - crawler - WARNING - Домен httpbin.org временно заблокирован Circuit Breaker
2026-08-05 01:22:52 - crawler - ERROR - Ошибка при обработке https://httpbin.org/delay/2?seq=370: CircuitBreakerOpenError - Домен httpbin.org заблокирован
2026-08-05 01:22:52 - crawler - INFO - fetch_url_with_meta вызван для https://httpbin.org/html?seq=371
2026-08-05 01:22:52 - crawler - WARNING - Домен httpbin.org временно заблокирован Circuit Breaker
2026-08-05 01:22:52 - crawler - ERROR - Ошибка при обработке https://httpbin.org/html?seq=371: CircuitBreakerOpenError - Домен httpbin.org заблокирован
2026-08-05 01:22:52 - crawler - INFO - fetch_url_with_meta вызван для https://httpbin.org/forms/post?seq=372
2026-08-05 01:22:52 - crawler - WARNING - Домен httpbin.org временно заблокирован Circuit Breaker
2026-08-05 01:22:52 - crawler - ERROR - Ошибка при обработке https://httpbin.org/forms/post?seq=372: CircuitBreakerOpenError - Домен httpbin.org заблокирован
2026-08-05 01:22:52 - crawler - INFO - fetch_url_with_meta вызван для https://httpbin.org/bytes/1024?seq=373
2026-08-05 01:22:52 - crawler - WARNING - Домен httpbin.org временно заблокирован Circuit Breaker
2026-08-05 01:22:52 - crawler - ERROR - Ошибка при обработке https://httpbin.org/bytes/1024?seq=373: CircuitBreakerOpenError - Домен httpbin.org заблокирован
2026-08-05 01:22:52 - crawler - INFO - fetch_url_with_meta вызван для https://httpbin.org/status/200?seq=374
2026-08-05 01:22:52 - crawler - WARNING - Домен httpbin.org временно заблокирован Circuit Breaker
2026-08-05 01:22:52 - crawler - ERROR - Ошибка при обработке https://httpbin.org/status/200?seq=374: CircuitBreakerOpenError - Домен httpbin.org заблокирован
2026-08-05 01:22:52 - crawler - INFO - fetch_url_with_meta вызван для https://httpbin.org/status/404?seq=375
2026-08-05 01:22:52 - crawler - WARNING - Домен httpbin.org временно заблокирован Circuit Breaker
2026-08-05 01:22:52 - crawler - ERROR - Ошибка при обработке https://httpbin.org/status/404?seq=375: CircuitBreakerOpenError - Домен httpbin.org заблокирован
2026-08-05 01:22:52 - crawler - INFO - fetch_url_with_meta вызван для https://httpbin.org/status/500?seq=376
2026-08-05 01:22:52 - crawler - WARNING - Домен httpbin.org временно заблокирован Circuit Breaker
2026-08-05 01:22:52 - crawler - ERROR - Ошибка при обработке https://httpbin.org/status/500?seq=376: CircuitBreakerOpenError - Домен httpbin.org заблокирован
2026-08-05 01:22:52 - crawler - INFO - fetch_url_with_meta вызван для https://httpbin.org/status/503?seq=377
2026-08-05 01:22:52 - crawler - WARNING - Домен httpbin.org временно заблокирован Circuit Breaker
2026-08-05 01:22:52 - crawler - ERROR - Ошибка при обработке https://httpbin.org/status/503?seq=377: CircuitBreakerOpenError - Домен httpbin.org заблокирован
2026-08-05 01:22:52 - crawler - INFO - fetch_url_with_meta вызван для https://httpbin.org/status/429?seq=378
2026-08-05 01:22:52 - crawler - WARNING - Домен httpbin.org временно заблокирован Circuit Breaker
2026-08-05 01:22:52 - crawler - ERROR - Ошибка при обработке https://httpbin.org/status/429?seq=378: CircuitBreakerOpenError - Домен httpbin.org заблокирован
2026-08-05 01:22:52 - crawler - INFO - fetch_url_with_meta вызван для https://httpbin.org/get?seq=379
2026-08-05 01:22:52 - crawler - WARNING - Домен httpbin.org временно заблокирован Circuit Breaker
2026-08-05 01:22:52 - crawler - ERROR - Ошибка при обработке https://httpbin.org/get?seq=379: CircuitBreakerOpenError - Домен httpbin.org заблокирован
2026-08-05 01:22:52 - crawler - INFO - fetch_url_with_meta вызван для https://httpbin.org/delay/1?seq=380
2026-08-05 01:22:52 - crawler - WARNING - Домен httpbin.org временно заблокирован Circuit Breaker
2026-08-05 01:22:52 - crawler - ERROR - Ошибка при обработке https://httpbin.org/delay/1?seq=380: CircuitBreakerOpenError - Домен httpbin.org заблокирован
2026-08-05 01:22:52 - crawler - INFO - fetch_url_with_meta вызван для https://httpbin.org/delay/2?seq=381
2026-08-05 01:22:52 - crawler - WARNING - Домен httpbin.org временно заблокирован Circuit Breaker
2026-08-05 01:22:52 - crawler - ERROR - Ошибка при обработке https://httpbin.org/delay/2?seq=381: CircuitBreakerOpenError - Домен httpbin.org заблокирован
2026-08-05 01:22:52 - crawler - INFO - fetch_url_with_meta вызван для https://httpbin.org/html?seq=382
2026-08-05 01:22:52 - crawler - WARNING - Домен httpbin.org временно заблокирован Circuit Breaker
2026-08-05 01:22:52 - crawler - ERROR - Ошибка при обработке https://httpbin.org/html?seq=382: CircuitBreakerOpenError - Домен httpbin.org заблокирован
2026-08-05 01:22:52 - crawler - INFO - fetch_url_with_meta вызван для https://httpbin.org/forms/post?seq=383
2026-08-05 01:22:52 - crawler - WARNING - Домен httpbin.org временно заблокирован Circuit Breaker
2026-08-05 01:22:52 - crawler - ERROR - Ошибка при обработке https://httpbin.org/forms/post?seq=383: CircuitBreakerOpenError - Домен httpbin.org заблокирован
2026-08-05 01:22:52 - crawler - INFO - fetch_url_with_meta вызван для https://httpbin.org/bytes/1024?seq=384
2026-08-05 01:22:52 - crawler - WARNING - Домен httpbin.org временно заблокирован Circuit Breaker
2026-08-05 01:22:52 - crawler - ERROR - Ошибка при обработке https://httpbin.org/bytes/1024?seq=384: CircuitBreakerOpenError - Домен httpbin.org заблокирован
2026-08-05 01:22:52 - crawler - INFO - fetch_url_with_meta вызван для https://httpbin.org/status/200?seq=385
2026-08-05 01:22:52 - crawler - WARNING - Домен httpbin.org временно заблокирован Circuit Breaker
2026-08-05 01:22:52 - crawler - ERROR - Ошибка при обработке https://httpbin.org/status/200?seq=385: CircuitBreakerOpenError - Домен httpbin.org заблокирован
2026-08-05 01:22:52 - crawler - INFO - fetch_url_with_meta вызван для https://httpbin.org/status/404?seq=386
2026-08-05 01:22:52 - crawler - WARNING - Домен httpbin.org временно заблокирован Circuit Breaker
2026-08-05 01:22:52 - crawler - ERROR - Ошибка при обработке https://httpbin.org/status/404?seq=386: CircuitBreakerOpenError - Домен httpbin.org заблокирован
2026-08-05 01:22:52 - crawler - INFO - fetch_url_with_meta вызван для https://httpbin.org/status/500?seq=387
2026-08-05 01:22:52 - crawler - WARNING - Домен httpbin.org временно заблокирован Circuit Breaker
2026-08-05 01:22:52 - crawler - ERROR - Ошибка при обработке https://httpbin.org/status/500?seq=387: CircuitBreakerOpenError - Домен httpbin.org заблокирован
2026-08-05 01:22:52 - crawler - INFO - fetch_url_with_meta вызван для https://httpbin.org/status/503?seq=388
2026-08-05 01:22:52 - crawler - WARNING - Домен httpbin.org временно заблокирован Circuit Breaker
2026-08-05 01:22:52 - crawler - ERROR - Ошибка при обработке https://httpbin.org/status/503?seq=388: CircuitBreakerOpenError - Домен httpbin.org заблокирован
2026-08-05 01:22:52 - crawler - INFO - fetch_url_with_meta вызван для https://httpbin.org/status/429?seq=389
2026-08-05 01:22:52 - crawler - WARNING - Домен httpbin.org временно заблокирован Circuit Breaker
2026-08-05 01:22:52 - crawler - ERROR - Ошибка при обработке https://httpbin.org/status/429?seq=389: CircuitBreakerOpenError - Домен httpbin.org заблокирован
2026-08-05 01:22:52 - crawler - INFO - fetch_url_with_meta вызван для https://httpbin.org/get?seq=390
2026-08-05 01:22:52 - crawler - WARNING - Домен httpbin.org временно заблокирован Circuit Breaker
2026-08-05 01:22:52 - crawler - ERROR - Ошибка при обработке https://httpbin.org/get?seq=390: CircuitBreakerOpenError - Домен httpbin.org заблокирован
2026-08-05 01:22:52 - crawler - INFO - fetch_url_with_meta вызван для https://httpbin.org/delay/1?seq=391
2026-08-05 01:22:52 - crawler - WARNING - Домен httpbin.org временно заблокирован Circuit Breaker
2026-08-05 01:22:52 - crawler - ERROR - Ошибка при обработке https://httpbin.org/delay/1?seq=391: CircuitBreakerOpenError - Домен httpbin.org заблокирован
2026-08-05 01:22:52 - crawler - INFO - fetch_url_with_meta вызван для https://httpbin.org/delay/2?seq=392
2026-08-05 01:22:52 - crawler - WARNING - Домен httpbin.org временно заблокирован Circuit Breaker
2026-08-05 01:22:52 - crawler - ERROR - Ошибка при обработке https://httpbin.org/delay/2?seq=392: CircuitBreakerOpenError - Домен httpbin.org заблокирован
2026-08-05 01:22:52 - crawler - INFO - fetch_url_with_meta вызван для https://httpbin.org/html?seq=393
2026-08-05 01:22:52 - crawler - WARNING - Домен httpbin.org временно заблокирован Circuit Breaker
2026-08-05 01:22:52 - crawler - ERROR - Ошибка при обработке https://httpbin.org/html?seq=393: CircuitBreakerOpenError - Домен httpbin.org заблокирован
2026-08-05 01:22:52 - crawler - INFO - fetch_url_with_meta вызван для https://httpbin.org/forms/post?seq=394
2026-08-05 01:22:52 - crawler - WARNING - Домен httpbin.org временно заблокирован Circuit Breaker
2026-08-05 01:22:52 - crawler - ERROR - Ошибка при обработке https://httpbin.org/forms/post?seq=394: CircuitBreakerOpenError - Домен httpbin.org заблокирован
2026-08-05 01:22:52 - crawler - INFO - fetch_url_with_meta вызван для https://httpbin.org/bytes/1024?seq=395
2026-08-05 01:22:52 - crawler - WARNING - Домен httpbin.org временно заблокирован Circuit Breaker
2026-08-05 01:22:52 - crawler - ERROR - Ошибка при обработке https://httpbin.org/bytes/1024?seq=395: CircuitBreakerOpenError - Домен httpbin.org заблокирован
2026-08-05 01:22:52 - crawler - INFO - fetch_url_with_meta вызван для https://httpbin.org/status/200?seq=396
2026-08-05 01:22:52 - crawler - WARNING - Домен httpbin.org временно заблокирован Circuit Breaker
2026-08-05 01:22:52 - crawler - ERROR - Ошибка при обработке https://httpbin.org/status/200?seq=396: CircuitBreakerOpenError - Домен httpbin.org заблокирован
2026-08-05 01:22:52 - crawler - INFO - fetch_url_with_meta вызван для https://httpbin.org/status/404?seq=397
2026-08-05 01:22:52 - crawler - WARNING - Домен httpbin.org временно заблокирован Circuit Breaker
2026-08-05 01:22:52 - crawler - ERROR - Ошибка при обработке https://httpbin.org/status/404?seq=397: CircuitBreakerOpenError - Домен httpbin.org заблокирован
2026-08-05 01:22:52 - crawler - INFO - fetch_url_with_meta вызван для https://httpbin.org/status/500?seq=398
2026-08-05 01:22:52 - crawler - WARNING - Домен httpbin.org временно заблокирован Circuit Breaker
2026-08-05 01:22:52 - crawler - ERROR - Ошибка при обработке https://httpbin.org/status/500?seq=398: CircuitBreakerOpenError - Домен httpbin.org заблокирован
2026-08-05 01:22:52 - crawler - INFO - fetch_url_with_meta вызван для https://httpbin.org/status/503?seq=399
2026-08-05 01:22:52 - crawler - WARNING - Домен httpbin.org временно заблокирован Circuit Breaker
2026-08-05 01:22:52 - crawler - ERROR - Ошибка при обработке https://httpbin.org/status/503?seq=399: CircuitBreakerOpenError - Домен httpbin.org заблокирован
2026-08-05 01:22:52 - crawler - INFO - fetch_url_with_meta вызван для https://httpbin.org/status/429?seq=400
2026-08-05 01:22:52 - crawler - WARNING - Домен httpbin.org временно заблокирован Circuit Breaker
2026-08-05 01:22:52 - crawler - ERROR - Ошибка при обработке https://httpbin.org/status/429?seq=400: CircuitBreakerOpenError - Домен httpbin.org заблокирован
2026-08-05 01:22:52 - crawler - INFO - fetch_url_with_meta вызван для https://httpbin.org/get?seq=401
2026-08-05 01:22:52 - crawler - WARNING - Домен httpbin.org временно заблокирован Circuit Breaker
2026-08-05 01:22:52 - crawler - ERROR - Ошибка при обработке https://httpbin.org/get?seq=401: CircuitBreakerOpenError - Домен httpbin.org заблокирован
2026-08-05 01:22:52 - crawler - INFO - fetch_url_with_meta вызван для https://httpbin.org/delay/1?seq=402
2026-08-05 01:22:52 - crawler - WARNING - Домен httpbin.org временно заблокирован Circuit Breaker
2026-08-05 01:22:52 - crawler - ERROR - Ошибка при обработке https://httpbin.org/delay/1?seq=402: CircuitBreakerOpenError - Домен httpbin.org заблокирован
2026-08-05 01:22:52 - crawler - INFO - fetch_url_with_meta вызван для https://httpbin.org/delay/2?seq=403
2026-08-05 01:22:52 - crawler - WARNING - Домен httpbin.org временно заблокирован Circuit Breaker
2026-08-05 01:22:52 - crawler - ERROR - Ошибка при обработке https://httpbin.org/delay/2?seq=403: CircuitBreakerOpenError - Домен httpbin.org заблокирован
2026-08-05 01:22:53 - crawler - INFO - fetch_url_with_meta вызван для https://httpbin.org/html?seq=404
2026-08-05 01:22:53 - crawler - WARNING - Домен httpbin.org временно заблокирован Circuit Breaker
2026-08-05 01:22:53 - crawler - ERROR - Ошибка при обработке https://httpbin.org/html?seq=404: CircuitBreakerOpenError - Домен httpbin.org заблокирован
2026-08-05 01:22:53 - crawler - INFO - fetch_url_with_meta вызван для https://httpbin.org/forms/post?seq=405
2026-08-05 01:22:53 - crawler - WARNING - Домен httpbin.org временно заблокирован Circuit Breaker
2026-08-05 01:22:53 - crawler - ERROR - Ошибка при обработке https://httpbin.org/forms/post?seq=405: CircuitBreakerOpenError - Домен httpbin.org заблокирован
2026-08-05 01:22:53 - crawler - INFO - fetch_url_with_meta вызван для https://httpbin.org/bytes/1024?seq=406
2026-08-05 01:22:53 - crawler - WARNING - Домен httpbin.org временно заблокирован Circuit Breaker
2026-08-05 01:22:53 - crawler - ERROR - Ошибка при обработке https://httpbin.org/bytes/1024?seq=406: CircuitBreakerOpenError - Домен httpbin.org заблокирован
2026-08-05 01:22:53 - crawler - INFO - fetch_url_with_meta вызван для https://httpbin.org/status/200?seq=407
2026-08-05 01:22:53 - crawler - WARNING - Домен httpbin.org временно заблокирован Circuit Breaker
2026-08-05 01:22:53 - crawler - ERROR - Ошибка при обработке https://httpbin.org/status/200?seq=407: CircuitBreakerOpenError - Домен httpbin.org заблокирован
2026-08-05 01:22:53 - crawler - INFO - fetch_url_with_meta вызван для https://httpbin.org/status/404?seq=408
2026-08-05 01:22:53 - crawler - WARNING - Домен httpbin.org временно заблокирован Circuit Breaker
2026-08-05 01:22:53 - crawler - ERROR - Ошибка при обработке https://httpbin.org/status/404?seq=408: CircuitBreakerOpenError - Домен httpbin.org заблокирован
2026-08-05 01:22:53 - crawler - INFO - fetch_url_with_meta вызван для https://httpbin.org/status/500?seq=409
2026-08-05 01:22:53 - crawler - WARNING - Домен httpbin.org временно заблокирован Circuit Breaker
2026-08-05 01:22:53 - crawler - ERROR - Ошибка при обработке https://httpbin.org/status/500?seq=409: CircuitBreakerOpenError - Домен httpbin.org заблокирован
2026-08-05 01:22:53 - crawler - INFO - fetch_url_with_meta вызван для https://httpbin.org/status/503?seq=410
2026-08-05 01:22:53 - crawler - WARNING - Домен httpbin.org временно заблокирован Circuit Breaker
2026-08-05 01:22:53 - crawler - ERROR - Ошибка при обработке https://httpbin.org/status/503?seq=410: CircuitBreakerOpenError - Домен httpbin.org заблокирован
2026-08-05 01:22:53 - crawler - INFO - fetch_url_with_meta вызван для https://httpbin.org/status/429?seq=411
2026-08-05 01:22:53 - crawler - WARNING - Домен httpbin.org временно заблокирован Circuit Breaker
2026-08-05 01:22:53 - crawler - ERROR - Ошибка при обработке https://httpbin.org/status/429?seq=411: CircuitBreakerOpenError - Домен httpbin.org заблокирован
2026-08-05 01:22:53 - crawler - INFO - fetch_url_with_meta вызван для https://httpbin.org/get?seq=412
2026-08-05 01:22:53 - crawler - WARNING - Домен httpbin.org временно заблокирован Circuit Breaker
2026-08-05 01:22:53 - crawler - ERROR - Ошибка при обработке https://httpbin.org/get?seq=412: CircuitBreakerOpenError - Домен httpbin.org заблокирован
2026-08-05 01:22:53 - crawler - INFO - fetch_url_with_meta вызван для https://httpbin.org/delay/1?seq=413
2026-08-05 01:22:53 - crawler - WARNING - Домен httpbin.org временно заблокирован Circuit Breaker
2026-08-05 01:22:53 - crawler - ERROR - Ошибка при обработке https://httpbin.org/delay/1?seq=413: CircuitBreakerOpenError - Домен httpbin.org заблокирован
2026-08-05 01:22:53 - crawler - INFO - fetch_url_with_meta вызван для https://httpbin.org/delay/2?seq=414
2026-08-05 01:22:53 - crawler - WARNING - Домен httpbin.org временно заблокирован Circuit Breaker
2026-08-05 01:22:53 - crawler - ERROR - Ошибка при обработке https://httpbin.org/delay/2?seq=414: CircuitBreakerOpenError - Домен httpbin.org заблокирован
2026-08-05 01:22:53 - crawler - INFO - fetch_url_with_meta вызван для https://httpbin.org/html?seq=415
2026-08-05 01:22:53 - crawler - WARNING - Домен httpbin.org временно заблокирован Circuit Breaker
2026-08-05 01:22:53 - crawler - ERROR - Ошибка при обработке https://httpbin.org/html?seq=415: CircuitBreakerOpenError - Домен httpbin.org заблокирован
2026-08-05 01:22:53 - crawler - INFO - fetch_url_with_meta вызван для https://httpbin.org/forms/post?seq=416
2026-08-05 01:22:53 - crawler - WARNING - Домен httpbin.org временно заблокирован Circuit Breaker
2026-08-05 01:22:53 - crawler - ERROR - Ошибка при обработке https://httpbin.org/forms/post?seq=416: CircuitBreakerOpenError - Домен httpbin.org заблокирован
2026-08-05 01:22:53 - crawler - INFO - fetch_url_with_meta вызван для https://httpbin.org/bytes/1024?seq=417
2026-08-05 01:22:53 - crawler - WARNING - Домен httpbin.org временно заблокирован Circuit Breaker
2026-08-05 01:22:53 - crawler - ERROR - Ошибка при обработке https://httpbin.org/bytes/1024?seq=417: CircuitBreakerOpenError - Домен httpbin.org заблокирован
2026-08-05 01:22:53 - crawler - INFO - fetch_url_with_meta вызван для https://httpbin.org/status/200?seq=418
2026-08-05 01:22:53 - crawler - WARNING - Домен httpbin.org временно заблокирован Circuit Breaker
2026-08-05 01:22:53 - crawler - ERROR - Ошибка при обработке https://httpbin.org/status/200?seq=418: CircuitBreakerOpenError - Домен httpbin.org заблокирован
2026-08-05 01:22:53 - crawler - INFO - fetch_url_with_meta вызван для https://httpbin.org/status/404?seq=419
2026-08-05 01:22:53 - crawler - WARNING - Домен httpbin.org временно заблокирован Circuit Breaker
2026-08-05 01:22:53 - crawler - ERROR - Ошибка при обработке https://httpbin.org/status/404?seq=419: CircuitBreakerOpenError - Домен httpbin.org заблокирован
2026-08-05 01:22:53 - crawler - INFO - fetch_url_with_meta вызван для https://httpbin.org/status/500?seq=420
2026-08-05 01:22:53 - crawler - WARNING - Домен httpbin.org временно заблокирован Circuit Breaker
2026-08-05 01:22:53 - crawler - ERROR - Ошибка при обработке https://httpbin.org/status/500?seq=420: CircuitBreakerOpenError - Домен httpbin.org заблокирован
2026-08-05 01:22:53 - crawler - INFO - fetch_url_with_meta вызван для https://httpbin.org/status/503?seq=421
2026-08-05 01:22:53 - crawler - WARNING - Домен httpbin.org временно заблокирован Circuit Breaker
2026-08-05 01:22:53 - crawler - ERROR - Ошибка при обработке https://httpbin.org/status/503?seq=421: CircuitBreakerOpenError - Домен httpbin.org заблокирован
2026-08-05 01:22:53 - crawler - INFO - fetch_url_with_meta вызван для https://httpbin.org/status/429?seq=422
2026-08-05 01:22:53 - crawler - WARNING - Домен httpbin.org временно заблокирован Circuit Breaker
2026-08-05 01:22:53 - crawler - ERROR - Ошибка при обработке https://httpbin.org/status/429?seq=422: CircuitBreakerOpenError - Домен httpbin.org заблокирован
2026-08-05 01:22:53 - crawler - INFO - fetch_url_with_meta вызван для https://httpbin.org/get?seq=423
2026-08-05 01:22:53 - crawler - WARNING - Домен httpbin.org временно заблокирован Circuit Breaker
2026-08-05 01:22:53 - crawler - ERROR - Ошибка при обработке https://httpbin.org/get?seq=423: CircuitBreakerOpenError - Домен httpbin.org заблокирован
2026-08-05 01:22:53 - crawler - INFO - fetch_url_with_meta вызван для https://httpbin.org/delay/1?seq=424
2026-08-05 01:22:53 - crawler - WARNING - Домен httpbin.org временно заблокирован Circuit Breaker
2026-08-05 01:22:53 - crawler - ERROR - Ошибка при обработке https://httpbin.org/delay/1?seq=424: CircuitBreakerOpenError - Домен httpbin.org заблокирован
2026-08-05 01:22:53 - crawler - INFO - fetch_url_with_meta вызван для https://httpbin.org/delay/2?seq=425
2026-08-05 01:22:53 - crawler - WARNING - Домен httpbin.org временно заблокирован Circuit Breaker
2026-08-05 01:22:53 - crawler - ERROR - Ошибка при обработке https://httpbin.org/delay/2?seq=425: CircuitBreakerOpenError - Домен httpbin.org заблокирован
2026-08-05 01:22:53 - crawler - INFO - fetch_url_with_meta вызван для https://httpbin.org/html?seq=426
2026-08-05 01:22:53 - crawler - WARNING - Домен httpbin.org временно заблокирован Circuit Breaker
2026-08-05 01:22:53 - crawler - ERROR - Ошибка при обработке https://httpbin.org/html?seq=426: CircuitBreakerOpenError - Домен httpbin.org заблокирован
2026-08-05 01:22:53 - crawler - INFO - fetch_url_with_meta вызван для https://httpbin.org/forms/post?seq=427
2026-08-05 01:22:53 - crawler - WARNING - Домен httpbin.org временно заблокирован Circuit Breaker
2026-08-05 01:22:53 - crawler - ERROR - Ошибка при обработке https://httpbin.org/forms/post?seq=427: CircuitBreakerOpenError - Домен httpbin.org заблокирован
2026-08-05 01:22:53 - crawler - INFO - fetch_url_with_meta вызван для https://httpbin.org/bytes/1024?seq=428
2026-08-05 01:22:53 - crawler - WARNING - Домен httpbin.org временно заблокирован Circuit Breaker
2026-08-05 01:22:53 - crawler - ERROR - Ошибка при обработке https://httpbin.org/bytes/1024?seq=428: CircuitBreakerOpenError - Домен httpbin.org заблокирован
2026-08-05 01:22:53 - crawler - INFO - fetch_url_with_meta вызван для https://httpbin.org/status/200?seq=429
2026-08-05 01:22:53 - crawler - WARNING - Домен httpbin.org временно заблокирован Circuit Breaker
2026-08-05 01:22:53 - crawler - ERROR - Ошибка при обработке https://httpbin.org/status/200?seq=429: CircuitBreakerOpenError - Домен httpbin.org заблокирован
2026-08-05 01:22:53 - crawler - INFO - fetch_url_with_meta вызван для https://httpbin.org/status/404?seq=430
2026-08-05 01:22:53 - crawler - WARNING - Домен httpbin.org временно заблокирован Circuit Breaker
2026-08-05 01:22:53 - crawler - ERROR - Ошибка при обработке https://httpbin.org/status/404?seq=430: CircuitBreakerOpenError - Домен httpbin.org заблокирован
2026-08-05 01:22:53 - crawler - INFO - fetch_url_with_meta вызван для https://httpbin.org/status/500?seq=431
2026-08-05 01:22:53 - crawler - WARNING - Домен httpbin.org временно заблокирован Circuit Breaker
2026-08-05 01:22:53 - crawler - ERROR - Ошибка при обработке https://httpbin.org/status/500?seq=431: CircuitBreakerOpenError - Домен httpbin.org заблокирован
2026-08-05 01:22:53 - crawler - INFO - fetch_url_with_meta вызван для https://httpbin.org/status/503?seq=432
2026-08-05 01:22:53 - crawler - WARNING - Домен httpbin.org временно заблокирован Circuit Breaker
2026-08-05 01:22:53 - crawler - ERROR - Ошибка при обработке https://httpbin.org/status/503?seq=432: CircuitBreakerOpenError - Домен httpbin.org заблокирован
2026-08-05 01:22:53 - crawler - INFO - fetch_url_with_meta вызван для https://httpbin.org/status/429?seq=433
2026-08-05 01:22:53 - crawler - WARNING - Домен httpbin.org временно заблокирован Circuit Breaker
2026-08-05 01:22:53 - crawler - ERROR - Ошибка при обработке https://httpbin.org/status/429?seq=433: CircuitBreakerOpenError - Домен httpbin.org заблокирован
2026-08-05 01:22:53 - crawler - INFO - fetch_url_with_meta вызван для https://httpbin.org/get?seq=434
2026-08-05 01:22:53 - crawler - WARNING - Домен httpbin.org временно заблокирован Circuit Breaker
2026-08-05 01:22:53 - crawler - ERROR - Ошибка при обработке https://httpbin.org/get?seq=434: CircuitBreakerOpenError - Домен httpbin.org заблокирован
2026-08-05 01:22:53 - crawler - INFO - fetch_url_with_meta вызван для https://httpbin.org/delay/1?seq=435
2026-08-05 01:22:53 - crawler - WARNING - Домен httpbin.org временно заблокирован Circuit Breaker
2026-08-05 01:22:53 - crawler - ERROR - Ошибка при обработке https://httpbin.org/delay/1?seq=435: CircuitBreakerOpenError - Домен httpbin.org заблокирован
2026-08-05 01:22:53 - crawler - INFO - fetch_url_with_meta вызван для https://httpbin.org/delay/2?seq=436
2026-08-05 01:22:53 - crawler - WARNING - Домен httpbin.org временно заблокирован Circuit Breaker
2026-08-05 01:22:53 - crawler - ERROR - Ошибка при обработке https://httpbin.org/delay/2?seq=436: CircuitBreakerOpenError - Домен httpbin.org заблокирован
2026-08-05 01:22:53 - crawler - INFO - fetch_url_with_meta вызван для https://httpbin.org/html?seq=437
2026-08-05 01:22:53 - crawler - WARNING - Домен httpbin.org временно заблокирован Circuit Breaker
2026-08-05 01:22:53 - crawler - ERROR - Ошибка при обработке https://httpbin.org/html?seq=437: CircuitBreakerOpenError - Домен httpbin.org заблокирован
2026-08-05 01:22:53 - crawler - INFO - fetch_url_with_meta вызван для https://httpbin.org/forms/post?seq=438
2026-08-05 01:22:53 - crawler - WARNING - Домен httpbin.org временно заблокирован Circuit Breaker
2026-08-05 01:22:53 - crawler - ERROR - Ошибка при обработке https://httpbin.org/forms/post?seq=438: CircuitBreakerOpenError - Домен httpbin.org заблокирован
2026-08-05 01:22:53 - crawler - INFO - fetch_url_with_meta вызван для https://httpbin.org/bytes/1024?seq=439
2026-08-05 01:22:53 - crawler - WARNING - Домен httpbin.org временно заблокирован Circuit Breaker
2026-08-05 01:22:53 - crawler - ERROR - Ошибка при обработке https://httpbin.org/bytes/1024?seq=439: CircuitBreakerOpenError - Домен httpbin.org заблокирован
2026-08-05 01:22:53 - crawler - INFO - fetch_url_with_meta вызван для https://httpbin.org/status/200?seq=440
2026-08-05 01:22:53 - crawler - WARNING - Домен httpbin.org временно заблокирован Circuit Breaker
2026-08-05 01:22:53 - crawler - ERROR - Ошибка при обработке https://httpbin.org/status/200?seq=440: CircuitBreakerOpenError - Домен httpbin.org заблокирован
2026-08-05 01:22:53 - crawler - INFO - fetch_url_with_meta вызван для https://httpbin.org/status/404?seq=441
2026-08-05 01:22:53 - crawler - WARNING - Домен httpbin.org временно заблокирован Circuit Breaker
2026-08-05 01:22:53 - crawler - ERROR - Ошибка при обработке https://httpbin.org/status/404?seq=441: CircuitBreakerOpenError - Домен httpbin.org заблокирован
2026-08-05 01:22:53 - crawler - INFO - fetch_url_with_meta вызван для https://httpbin.org/status/500?seq=442
2026-08-05 01:22:53 - crawler - WARNING - Домен httpbin.org временно заблокирован Circuit Breaker
2026-08-05 01:22:53 - crawler - ERROR - Ошибка при обработке https://httpbin.org/status/500?seq=442: CircuitBreakerOpenError - Домен httpbin.org заблокирован
2026-08-05 01:22:53 - crawler - INFO - fetch_url_with_meta вызван для https://httpbin.org/status/503?seq=443
2026-08-05 01:22:53 - crawler - WARNING - Домен httpbin.org временно заблокирован Circuit Breaker
2026-08-05 01:22:53 - crawler - ERROR - Ошибка при обработке https://httpbin.org/status/503?seq=443: CircuitBreakerOpenError - Домен httpbin.org заблокирован
2026-08-05 01:22:53 - crawler - INFO - fetch_url_with_meta вызван для https://httpbin.org/status/429?seq=444
2026-08-05 01:22:53 - crawler - WARNING - Домен httpbin.org временно заблокирован Circuit Breaker
2026-08-05 01:22:53 - crawler - ERROR - Ошибка при обработке https://httpbin.org/status/429?seq=444: CircuitBreakerOpenError - Домен httpbin.org заблокирован
2026-08-05 01:22:53 - crawler - INFO - fetch_url_with_meta вызван для https://httpbin.org/get?seq=445
2026-08-05 01:22:53 - crawler - WARNING - Домен httpbin.org временно заблокирован Circuit Breaker
2026-08-05 01:22:53 - crawler - ERROR - Ошибка при обработке https://httpbin.org/get?seq=445: CircuitBreakerOpenError - Домен httpbin.org заблокирован
2026-08-05 01:22:53 - crawler - INFO - fetch_url_with_meta вызван для https://httpbin.org/delay/1?seq=446
2026-08-05 01:22:53 - crawler - WARNING - Домен httpbin.org временно заблокирован Circuit Breaker
2026-08-05 01:22:53 - crawler - ERROR - Ошибка при обработке https://httpbin.org/delay/1?seq=446: CircuitBreakerOpenError - Домен httpbin.org заблокирован
2026-08-05 01:22:53 - crawler - INFO - fetch_url_with_meta вызван для https://httpbin.org/delay/2?seq=447
2026-08-05 01:22:53 - crawler - WARNING - Домен httpbin.org временно заблокирован Circuit Breaker
2026-08-05 01:22:53 - crawler - ERROR - Ошибка при обработке https://httpbin.org/delay/2?seq=447: CircuitBreakerOpenError - Домен httpbin.org заблокирован
2026-08-05 01:22:53 - crawler - INFO - fetch_url_with_meta вызван для https://httpbin.org/html?seq=448
2026-08-05 01:22:53 - crawler - WARNING - Домен httpbin.org временно заблокирован Circuit Breaker
2026-08-05 01:22:53 - crawler - ERROR - Ошибка при обработке https://httpbin.org/html?seq=448: CircuitBreakerOpenError - Домен httpbin.org заблокирован
2026-08-05 01:22:53 - crawler - INFO - fetch_url_with_meta вызван для https://httpbin.org/forms/post?seq=449
2026-08-05 01:22:53 - crawler - WARNING - Домен httpbin.org временно заблокирован Circuit Breaker
2026-08-05 01:22:53 - crawler - ERROR - Ошибка при обработке https://httpbin.org/forms/post?seq=449: CircuitBreakerOpenError - Домен httpbin.org заблокирован
2026-08-05 01:22:53 - crawler - INFO - fetch_url_with_meta вызван для https://httpbin.org/bytes/1024?seq=450
2026-08-05 01:22:53 - crawler - WARNING - Домен httpbin.org временно заблокирован Circuit Breaker
2026-08-05 01:22:53 - crawler - ERROR - Ошибка при обработке https://httpbin.org/bytes/1024?seq=450: CircuitBreakerOpenError - Домен httpbin.org заблокирован
2026-08-05 01:22:53 - crawler - INFO - fetch_url_with_meta вызван для https://httpbin.org/status/200?seq=451
2026-08-05 01:22:53 - crawler - WARNING - Домен httpbin.org временно заблокирован Circuit Breaker
2026-08-05 01:22:53 - crawler - ERROR - Ошибка при обработке https://httpbin.org/status/200?seq=451: CircuitBreakerOpenError - Домен httpbin.org заблокирован
2026-08-05 01:22:53 - crawler - INFO - fetch_url_with_meta вызван для https://httpbin.org/status/404?seq=452
2026-08-05 01:22:53 - crawler - WARNING - Домен httpbin.org временно заблокирован Circuit Breaker
2026-08-05 01:22:53 - crawler - ERROR - Ошибка при обработке https://httpbin.org/status/404?seq=452: CircuitBreakerOpenError - Домен httpbin.org заблокирован
2026-08-05 01:22:53 - crawler - INFO - fetch_url_with_meta вызван для https://httpbin.org/status/500?seq=453
2026-08-05 01:22:53 - crawler - WARNING - Домен httpbin.org временно заблокирован Circuit Breaker
2026-08-05 01:22:53 - crawler - ERROR - Ошибка при обработке https://httpbin.org/status/500?seq=453: CircuitBreakerOpenError - Домен httpbin.org заблокирован
2026-08-05 01:22:53 - crawler - INFO - fetch_url_with_meta вызван для https://httpbin.org/status/503?seq=454
2026-08-05 01:22:53 - crawler - WARNING - Домен httpbin.org временно заблокирован Circuit Breaker
2026-08-05 01:22:53 - crawler - ERROR - Ошибка при обработке https://httpbin.org/status/503?seq=454: CircuitBreakerOpenError - Домен httpbin.org заблокирован
2026-08-05 01:22:53 - crawler - INFO - fetch_url_with_meta вызван для https://httpbin.org/status/429?seq=455
2026-08-05 01:22:53 - crawler - WARNING - Домен httpbin.org временно заблокирован Circuit Breaker
2026-08-05 01:22:53 - crawler - ERROR - Ошибка при обработке https://httpbin.org/status/429?seq=455: CircuitBreakerOpenError - Домен httpbin.org заблокирован
2026-08-05 01:22:53 - crawler - INFO - fetch_url_with_meta вызван для https://httpbin.org/get?seq=456
2026-08-05 01:22:53 - crawler - WARNING - Домен httpbin.org временно заблокирован Circuit Breaker
2026-08-05 01:22:53 - crawler - ERROR - Ошибка при обработке https://httpbin.org/get?seq=456: CircuitBreakerOpenError - Домен httpbin.org заблокирован
2026-08-05 01:22:53 - crawler - INFO - fetch_url_with_meta вызван для https://httpbin.org/delay/1?seq=457
2026-08-05 01:22:53 - crawler - WARNING - Домен httpbin.org временно заблокирован Circuit Breaker
2026-08-05 01:22:53 - crawler - ERROR - Ошибка при обработке https://httpbin.org/delay/1?seq=457: CircuitBreakerOpenError - Домен httpbin.org заблокирован
2026-08-05 01:22:53 - crawler - INFO - fetch_url_with_meta вызван для https://httpbin.org/delay/2?seq=458
2026-08-05 01:22:53 - crawler - WARNING - Домен httpbin.org временно заблокирован Circuit Breaker
2026-08-05 01:22:53 - crawler - ERROR - Ошибка при обработке https://httpbin.org/delay/2?seq=458: CircuitBreakerOpenError - Домен httpbin.org заблокирован
2026-08-05 01:22:53 - crawler - INFO - fetch_url_with_meta вызван для https://httpbin.org/html?seq=459
2026-08-05 01:22:53 - crawler - WARNING - Домен httpbin.org временно заблокирован Circuit Breaker
2026-08-05 01:22:53 - crawler - ERROR - Ошибка при обработке https://httpbin.org/html?seq=459: CircuitBreakerOpenError - Домен httpbin.org заблокирован
2026-08-05 01:22:53 - crawler - INFO - fetch_url_with_meta вызван для https://httpbin.org/forms/post?seq=460
2026-08-05 01:22:53 - crawler - WARNING - Домен httpbin.org временно заблокирован Circuit Breaker
2026-08-05 01:22:53 - crawler - ERROR - Ошибка при обработке https://httpbin.org/forms/post?seq=460: CircuitBreakerOpenError - Домен httpbin.org заблокирован
2026-08-05 01:22:53 - crawler - INFO - fetch_url_with_meta вызван для https://httpbin.org/bytes/1024?seq=461
2026-08-05 01:22:53 - crawler - WARNING - Домен httpbin.org временно заблокирован Circuit Breaker
2026-08-05 01:22:53 - crawler - ERROR - Ошибка при обработке https://httpbin.org/bytes/1024?seq=461: CircuitBreakerOpenError - Домен httpbin.org заблокирован
2026-08-05 01:22:53 - crawler - INFO - fetch_url_with_meta вызван для https://httpbin.org/status/200?seq=462
2026-08-05 01:22:53 - crawler - WARNING - Домен httpbin.org временно заблокирован Circuit Breaker
2026-08-05 01:22:53 - crawler - ERROR - Ошибка при обработке https://httpbin.org/status/200?seq=462: CircuitBreakerOpenError - Домен httpbin.org заблокирован
2026-08-05 01:22:53 - crawler - INFO - fetch_url_with_meta вызван для https://httpbin.org/status/404?seq=463
2026-08-05 01:22:53 - crawler - WARNING - Домен httpbin.org временно заблокирован Circuit Breaker
2026-08-05 01:22:53 - crawler - ERROR - Ошибка при обработке https://httpbin.org/status/404?seq=463: CircuitBreakerOpenError - Домен httpbin.org заблокирован
2026-08-05 01:22:53 - crawler - INFO - fetch_url_with_meta вызван для https://httpbin.org/status/500?seq=464
2026-08-05 01:22:53 - crawler - WARNING - Домен httpbin.org временно заблокирован Circuit Breaker
2026-08-05 01:22:53 - crawler - ERROR - Ошибка при обработке https://httpbin.org/status/500?seq=464: CircuitBreakerOpenError - Домен httpbin.org заблокирован
2026-08-05 01:22:53 - crawler - INFO - fetch_url_with_meta вызван для https://httpbin.org/status/503?seq=465
2026-08-05 01:22:53 - crawler - WARNING - Домен httpbin.org временно заблокирован Circuit Breaker
2026-08-05 01:22:53 - crawler - ERROR - Ошибка при обработке https://httpbin.org/status/503?seq=465: CircuitBreakerOpenError - Домен httpbin.org заблокирован
2026-08-05 01:22:53 - crawler - INFO - fetch_url_with_meta вызван для https://httpbin.org/status/429?seq=466
2026-08-05 01:22:53 - crawler - WARNING - Домен httpbin.org временно заблокирован Circuit Breaker
2026-08-05 01:22:53 - crawler - ERROR - Ошибка при обработке https://httpbin.org/status/429?seq=466: CircuitBreakerOpenError - Домен httpbin.org заблокирован
2026-08-05 01:22:53 - crawler - INFO - fetch_url_with_meta вызван для https://httpbin.org/get?seq=467
2026-08-05 01:22:53 - crawler - WARNING - Домен httpbin.org временно заблокирован Circuit Breaker
2026-08-05 01:22:53 - crawler - ERROR - Ошибка при обработке https://httpbin.org/get?seq=467: CircuitBreakerOpenError - Домен httpbin.org заблокирован
2026-08-05 01:22:53 - crawler - INFO - fetch_url_with_meta вызван для https://httpbin.org/delay/1?seq=468
2026-08-05 01:22:53 - crawler - WARNING - Домен httpbin.org временно заблокирован Circuit Breaker
2026-08-05 01:22:53 - crawler - ERROR - Ошибка при обработке https://httpbin.org/delay/1?seq=468: CircuitBreakerOpenError - Домен httpbin.org заблокирован
2026-08-05 01:22:53 - crawler - INFO - fetch_url_with_meta вызван для https://httpbin.org/delay/2?seq=469
2026-08-05 01:22:53 - crawler - WARNING - Домен httpbin.org временно заблокирован Circuit Breaker
2026-08-05 01:22:53 - crawler - ERROR - Ошибка при обработке https://httpbin.org/delay/2?seq=469: CircuitBreakerOpenError - Домен httpbin.org заблокирован
2026-08-05 01:22:53 - crawler - INFO - fetch_url_with_meta вызван для https://httpbin.org/html?seq=470
2026-08-05 01:22:53 - crawler - WARNING - Домен httpbin.org временно заблокирован Circuit Breaker
2026-08-05 01:22:53 - crawler - ERROR - Ошибка при обработке https://httpbin.org/html?seq=470: CircuitBreakerOpenError - Домен httpbin.org заблокирован
2026-08-05 01:22:53 - crawler - INFO - fetch_url_with_meta вызван для https://httpbin.org/forms/post?seq=471
2026-08-05 01:22:53 - crawler - WARNING - Домен httpbin.org временно заблокирован Circuit Breaker
2026-08-05 01:22:53 - crawler - ERROR - Ошибка при обработке https://httpbin.org/forms/post?seq=471: CircuitBreakerOpenError - Домен httpbin.org заблокирован
2026-08-05 01:22:53 - crawler - INFO - fetch_url_with_meta вызван для https://httpbin.org/bytes/1024?seq=472
2026-08-05 01:22:53 - crawler - WARNING - Домен httpbin.org временно заблокирован Circuit Breaker
2026-08-05 01:22:53 - crawler - ERROR - Ошибка при обработке https://httpbin.org/bytes/1024?seq=472: CircuitBreakerOpenError - Домен httpbin.org заблокирован
2026-08-05 01:22:53 - crawler - INFO - fetch_url_with_meta вызван для https://httpbin.org/status/200?seq=473
2026-08-05 01:22:53 - crawler - WARNING - Домен httpbin.org временно заблокирован Circuit Breaker
2026-08-05 01:22:53 - crawler - ERROR - Ошибка при обработке https://httpbin.org/status/200?seq=473: CircuitBreakerOpenError - Домен httpbin.org заблокирован
2026-08-05 01:22:53 - crawler - INFO - fetch_url_with_meta вызван для https://httpbin.org/status/404?seq=474
2026-08-05 01:22:53 - crawler - WARNING - Домен httpbin.org временно заблокирован Circuit Breaker
2026-08-05 01:22:53 - crawler - ERROR - Ошибка при обработке https://httpbin.org/status/404?seq=474: CircuitBreakerOpenError - Домен httpbin.org заблокирован
2026-08-05 01:22:53 - crawler - INFO - fetch_url_with_meta вызван для https://httpbin.org/status/500?seq=475
2026-08-05 01:22:53 - crawler - WARNING - Домен httpbin.org временно заблокирован Circuit Breaker
2026-08-05 01:22:53 - crawler - ERROR - Ошибка при обработке https://httpbin.org/status/500?seq=475: CircuitBreakerOpenError - Домен httpbin.org заблокирован
2026-08-05 01:22:53 - crawler - INFO - fetch_url_with_meta вызван для https://httpbin.org/status/503?seq=476
2026-08-05 01:22:53 - crawler - WARNING - Домен httpbin.org временно заблокирован Circuit Breaker
2026-08-05 01:22:53 - crawler - ERROR - Ошибка при обработке https://httpbin.org/status/503?seq=476: CircuitBreakerOpenError - Домен httpbin.org заблокирован
2026-08-05 01:22:53 - crawler - INFO - fetch_url_with_meta вызван для https://httpbin.org/status/429?seq=477
2026-08-05 01:22:53 - crawler - WARNING - Домен httpbin.org временно заблокирован Circuit Breaker
2026-08-05 01:22:53 - crawler - ERROR - Ошибка при обработке https://httpbin.org/status/429?seq=477: CircuitBreakerOpenError - Домен httpbin.org заблокирован
2026-08-05 01:22:53 - crawler - INFO - fetch_url_with_meta вызван для https://httpbin.org/get?seq=478
2026-08-05 01:22:53 - crawler - WARNING - Домен httpbin.org временно заблокирован Circuit Breaker
2026-08-05 01:22:53 - crawler - ERROR - Ошибка при обработке https://httpbin.org/get?seq=478: CircuitBreakerOpenError - Домен httpbin.org заблокирован
2026-08-05 01:22:53 - crawler - INFO - fetch_url_with_meta вызван для https://httpbin.org/delay/1?seq=479
2026-08-05 01:22:53 - crawler - WARNING - Домен httpbin.org временно заблокирован Circuit Breaker
2026-08-05 01:22:53 - crawler - ERROR - Ошибка при обработке https://httpbin.org/delay/1?seq=479: CircuitBreakerOpenError - Домен httpbin.org заблокирован
2026-08-05 01:22:53 - crawler - INFO - fetch_url_with_meta вызван для https://httpbin.org/delay/2?seq=480
2026-08-05 01:22:53 - crawler - WARNING - Домен httpbin.org временно заблокирован Circuit Breaker
2026-08-05 01:22:53 - crawler - ERROR - Ошибка при обработке https://httpbin.org/delay/2?seq=480: CircuitBreakerOpenError - Домен httpbin.org заблокирован
2026-08-05 01:22:53 - crawler - INFO - fetch_url_with_meta вызван для https://httpbin.org/html?seq=481
2026-08-05 01:22:53 - crawler - WARNING - Домен httpbin.org временно заблокирован Circuit Breaker
2026-08-05 01:22:53 - crawler - ERROR - Ошибка при обработке https://httpbin.org/html?seq=481: CircuitBreakerOpenError - Домен httpbin.org заблокирован
2026-08-05 01:22:53 - crawler - INFO - fetch_url_with_meta вызван для https://httpbin.org/forms/post?seq=482
2026-08-05 01:22:53 - crawler - WARNING - Домен httpbin.org временно заблокирован Circuit Breaker
2026-08-05 01:22:53 - crawler - ERROR - Ошибка при обработке https://httpbin.org/forms/post?seq=482: CircuitBreakerOpenError - Домен httpbin.org заблокирован
2026-08-05 01:22:53 - crawler - INFO - fetch_url_with_meta вызван для https://httpbin.org/bytes/1024?seq=483
2026-08-05 01:22:53 - crawler - WARNING - Домен httpbin.org временно заблокирован Circuit Breaker
2026-08-05 01:22:53 - crawler - ERROR - Ошибка при обработке https://httpbin.org/bytes/1024?seq=483: CircuitBreakerOpenError - Домен httpbin.org заблокирован
2026-08-05 01:22:54 - crawler - INFO - fetch_url_with_meta вызван для https://httpbin.org/status/200?seq=484
2026-08-05 01:22:54 - crawler - WARNING - Домен httpbin.org временно заблокирован Circuit Breaker
2026-08-05 01:22:54 - crawler - ERROR - Ошибка при обработке https://httpbin.org/status/200?seq=484: CircuitBreakerOpenError - Домен httpbin.org заблокирован
2026-08-05 01:22:54 - crawler - INFO - fetch_url_with_meta вызван для https://httpbin.org/status/404?seq=485
2026-08-05 01:22:54 - crawler - WARNING - Домен httpbin.org временно заблокирован Circuit Breaker
2026-08-05 01:22:54 - crawler - ERROR - Ошибка при обработке https://httpbin.org/status/404?seq=485: CircuitBreakerOpenError - Домен httpbin.org заблокирован
2026-08-05 01:22:54 - crawler - INFO - fetch_url_with_meta вызван для https://httpbin.org/status/500?seq=486
2026-08-05 01:22:54 - crawler - WARNING - Домен httpbin.org временно заблокирован Circuit Breaker
2026-08-05 01:22:54 - crawler - ERROR - Ошибка при обработке https://httpbin.org/status/500?seq=486: CircuitBreakerOpenError - Домен httpbin.org заблокирован
2026-08-05 01:22:54 - crawler - INFO - fetch_url_with_meta вызван для https://httpbin.org/status/503?seq=487
2026-08-05 01:22:54 - crawler - WARNING - Домен httpbin.org временно заблокирован Circuit Breaker
2026-08-05 01:22:54 - crawler - ERROR - Ошибка при обработке https://httpbin.org/status/503?seq=487: CircuitBreakerOpenError - Домен httpbin.org заблокирован
2026-08-05 01:22:54 - crawler - INFO - fetch_url_with_meta вызван для https://httpbin.org/status/429?seq=488
2026-08-05 01:22:54 - crawler - WARNING - Домен httpbin.org временно заблокирован Circuit Breaker
2026-08-05 01:22:54 - crawler - ERROR - Ошибка при обработке https://httpbin.org/status/429?seq=488: CircuitBreakerOpenError - Домен httpbin.org заблокирован
2026-08-05 01:22:54 - crawler - INFO - fetch_url_with_meta вызван для https://httpbin.org/get?seq=489
2026-08-05 01:22:54 - crawler - WARNING - Домен httpbin.org временно заблокирован Circuit Breaker
2026-08-05 01:22:54 - crawler - ERROR - Ошибка при обработке https://httpbin.org/get?seq=489: CircuitBreakerOpenError - Домен httpbin.org заблокирован
2026-08-05 01:22:54 - crawler - INFO - fetch_url_with_meta вызван для https://httpbin.org/delay/1?seq=490
2026-08-05 01:22:54 - crawler - WARNING - Домен httpbin.org временно заблокирован Circuit Breaker
2026-08-05 01:22:54 - crawler - ERROR - Ошибка при обработке https://httpbin.org/delay/1?seq=490: CircuitBreakerOpenError - Домен httpbin.org заблокирован
2026-08-05 01:22:54 - crawler - INFO - fetch_url_with_meta вызван для https://httpbin.org/delay/2?seq=491
2026-08-05 01:22:54 - crawler - WARNING - Домен httpbin.org временно заблокирован Circuit Breaker
2026-08-05 01:22:54 - crawler - ERROR - Ошибка при обработке https://httpbin.org/delay/2?seq=491: CircuitBreakerOpenError - Домен httpbin.org заблокирован
2026-08-05 01:22:54 - crawler - INFO - fetch_url_with_meta вызван для https://httpbin.org/html?seq=492
2026-08-05 01:22:54 - crawler - WARNING - Домен httpbin.org временно заблокирован Circuit Breaker
2026-08-05 01:22:54 - crawler - ERROR - Ошибка при обработке https://httpbin.org/html?seq=492: CircuitBreakerOpenError - Домен httpbin.org заблокирован
2026-08-05 01:22:54 - crawler - INFO - fetch_url_with_meta вызван для https://httpbin.org/forms/post?seq=493
2026-08-05 01:22:54 - crawler - WARNING - Домен httpbin.org временно заблокирован Circuit Breaker
2026-08-05 01:22:54 - crawler - ERROR - Ошибка при обработке https://httpbin.org/forms/post?seq=493: CircuitBreakerOpenError - Домен httpbin.org заблокирован
2026-08-05 01:22:54 - crawler - INFO - fetch_url_with_meta вызван для https://httpbin.org/bytes/1024?seq=494
2026-08-05 01:22:54 - crawler - WARNING - Домен httpbin.org временно заблокирован Circuit Breaker
2026-08-05 01:22:54 - crawler - ERROR - Ошибка при обработке https://httpbin.org/bytes/1024?seq=494: CircuitBreakerOpenError - Домен httpbin.org заблокирован
2026-08-05 01:22:54 - crawler - INFO - fetch_url_with_meta вызван для https://httpbin.org/status/200?seq=495
2026-08-05 01:22:54 - crawler - WARNING - Домен httpbin.org временно заблокирован Circuit Breaker
2026-08-05 01:22:54 - crawler - ERROR - Ошибка при обработке https://httpbin.org/status/200?seq=495: CircuitBreakerOpenError - Домен httpbin.org заблокирован
2026-08-05 01:22:54 - crawler - INFO - fetch_url_with_meta вызван для https://httpbin.org/status/404?seq=496
2026-08-05 01:22:54 - crawler - WARNING - Домен httpbin.org временно заблокирован Circuit Breaker
2026-08-05 01:22:54 - crawler - ERROR - Ошибка при обработке https://httpbin.org/status/404?seq=496: CircuitBreakerOpenError - Домен httpbin.org заблокирован
2026-08-05 01:22:54 - crawler - INFO - fetch_url_with_meta вызван для https://httpbin.org/status/500?seq=497
2026-08-05 01:22:54 - crawler - WARNING - Домен httpbin.org временно заблокирован Circuit Breaker
2026-08-05 01:22:54 - crawler - ERROR - Ошибка при обработке https://httpbin.org/status/500?seq=497: CircuitBreakerOpenError - Домен httpbin.org заблокирован
2026-08-05 01:22:54 - crawler - INFO - fetch_url_with_meta вызван для https://httpbin.org/status/503?seq=498
2026-08-05 01:22:54 - crawler - WARNING - Домен httpbin.org временно заблокирован Circuit Breaker
2026-08-05 01:22:54 - crawler - ERROR - Ошибка при обработке https://httpbin.org/status/503?seq=498: CircuitBreakerOpenError - Домен httpbin.org заблокирован
2026-08-05 01:22:54 - crawler - INFO - fetch_url_with_meta вызван для https://httpbin.org/status/429?seq=499
2026-08-05 01:22:54 - crawler - WARNING - Домен httpbin.org временно заблокирован Circuit Breaker
2026-08-05 01:22:54 - crawler - ERROR - Ошибка при обработке https://httpbin.org/status/429?seq=499: CircuitBreakerOpenError - Домен httpbin.org заблокирован
2026-08-05 01:22:54 - crawler - INFO - fetch_url_with_meta вызван для https://httpbin.org/get?seq=500
2026-08-05 01:22:54 - crawler - WARNING - Домен httpbin.org временно заблокирован Circuit Breaker
2026-08-05 01:22:54 - crawler - ERROR - Ошибка при обработке https://httpbin.org/get?seq=500: CircuitBreakerOpenError - Домен httpbin.org заблокирован
2026-08-05 01:22:54 - crawler - INFO - fetch_url_with_meta вызван для https://httpbin.org/delay/1?seq=501
2026-08-05 01:22:54 - crawler - WARNING - Домен httpbin.org временно заблокирован Circuit Breaker
2026-08-05 01:22:54 - crawler - ERROR - Ошибка при обработке https://httpbin.org/delay/1?seq=501: CircuitBreakerOpenError - Домен httpbin.org заблокирован
2026-08-05 01:22:54 - crawler - INFO - fetch_url_with_meta вызван для https://httpbin.org/delay/2?seq=502
2026-08-05 01:22:54 - crawler - WARNING - Домен httpbin.org временно заблокирован Circuit Breaker
2026-08-05 01:22:54 - crawler - ERROR - Ошибка при обработке https://httpbin.org/delay/2?seq=502: CircuitBreakerOpenError - Домен httpbin.org заблокирован
2026-08-05 01:22:54 - crawler - INFO - fetch_url_with_meta вызван для https://httpbin.org/html?seq=503
2026-08-05 01:22:54 - crawler - WARNING - Домен httpbin.org временно заблокирован Circuit Breaker
2026-08-05 01:22:54 - crawler - ERROR - Ошибка при обработке https://httpbin.org/html?seq=503: CircuitBreakerOpenError - Домен httpbin.org заблокирован
2026-08-05 01:22:54 - crawler - INFO - fetch_url_with_meta вызван для https://httpbin.org/forms/post?seq=504
2026-08-05 01:22:54 - crawler - WARNING - Домен httpbin.org временно заблокирован Circuit Breaker
2026-08-05 01:22:54 - crawler - ERROR - Ошибка при обработке https://httpbin.org/forms/post?seq=504: CircuitBreakerOpenError - Домен httpbin.org заблокирован
2026-08-05 01:22:54 - crawler - INFO - fetch_url_with_meta вызван для https://httpbin.org/bytes/1024?seq=505
2026-08-05 01:22:54 - crawler - WARNING - Домен httpbin.org временно заблокирован Circuit Breaker
2026-08-05 01:22:54 - crawler - ERROR - Ошибка при обработке https://httpbin.org/bytes/1024?seq=505: CircuitBreakerOpenError - Домен httpbin.org заблокирован
2026-08-05 01:22:54 - crawler - INFO - fetch_url_with_meta вызван для https://httpbin.org/status/200?seq=506
2026-08-05 01:22:54 - crawler - WARNING - Домен httpbin.org временно заблокирован Circuit Breaker
2026-08-05 01:22:54 - crawler - ERROR - Ошибка при обработке https://httpbin.org/status/200?seq=506: CircuitBreakerOpenError - Домен httpbin.org заблокирован
2026-08-05 01:22:54 - crawler - INFO - fetch_url_with_meta вызван для https://httpbin.org/status/404?seq=507
2026-08-05 01:22:54 - crawler - WARNING - Домен httpbin.org временно заблокирован Circuit Breaker
2026-08-05 01:22:54 - crawler - ERROR - Ошибка при обработке https://httpbin.org/status/404?seq=507: CircuitBreakerOpenError - Домен httpbin.org заблокирован
2026-08-05 01:22:54 - crawler - INFO - fetch_url_with_meta вызван для https://httpbin.org/status/500?seq=508
2026-08-05 01:22:54 - crawler - WARNING - Домен httpbin.org временно заблокирован Circuit Breaker
2026-08-05 01:22:54 - crawler - ERROR - Ошибка при обработке https://httpbin.org/status/500?seq=508: CircuitBreakerOpenError - Домен httpbin.org заблокирован
2026-08-05 01:22:54 - crawler - INFO - fetch_url_with_meta вызван для https://httpbin.org/status/503?seq=509
2026-08-05 01:22:54 - crawler - WARNING - Домен httpbin.org временно заблокирован Circuit Breaker
2026-08-05 01:22:54 - crawler - ERROR - Ошибка при обработке https://httpbin.org/status/503?seq=509: CircuitBreakerOpenError - Домен httpbin.org заблокирован
2026-08-05 01:22:54 - crawler - INFO - fetch_url_with_meta вызван для https://httpbin.org/status/429?seq=510
2026-08-05 01:22:54 - crawler - WARNING - Домен httpbin.org временно заблокирован Circuit Breaker
2026-08-05 01:22:54 - crawler - ERROR - Ошибка при обработке https://httpbin.org/status/429?seq=510: CircuitBreakerOpenError - Домен httpbin.org заблокирован
2026-08-05 01:22:54 - crawler - INFO - fetch_url_with_meta вызван для https://httpbin.org/get?seq=511
2026-08-05 01:22:54 - crawler - WARNING - Домен httpbin.org временно заблокирован Circuit Breaker
2026-08-05 01:22:54 - crawler - ERROR - Ошибка при обработке https://httpbin.org/get?seq=511: CircuitBreakerOpenError - Домен httpbin.org заблокирован
2026-08-05 01:22:54 - crawler - INFO - fetch_url_with_meta вызван для https://httpbin.org/delay/1?seq=512
2026-08-05 01:22:54 - crawler - WARNING - Домен httpbin.org временно заблокирован Circuit Breaker
2026-08-05 01:22:54 - crawler - ERROR - Ошибка при обработке https://httpbin.org/delay/1?seq=512: CircuitBreakerOpenError - Домен httpbin.org заблокирован
2026-08-05 01:22:54 - crawler - INFO - fetch_url_with_meta вызван для https://httpbin.org/delay/2?seq=513
2026-08-05 01:22:54 - crawler - WARNING - Домен httpbin.org временно заблокирован Circuit Breaker
2026-08-05 01:22:54 - crawler - ERROR - Ошибка при обработке https://httpbin.org/delay/2?seq=513: CircuitBreakerOpenError - Домен httpbin.org заблокирован
2026-08-05 01:22:54 - crawler - INFO - fetch_url_with_meta вызван для https://httpbin.org/html?seq=514
2026-08-05 01:22:54 - crawler - WARNING - Домен httpbin.org временно заблокирован Circuit Breaker
2026-08-05 01:22:54 - crawler - ERROR - Ошибка при обработке https://httpbin.org/html?seq=514: CircuitBreakerOpenError - Домен httpbin.org заблокирован
2026-08-05 01:22:54 - crawler - INFO - fetch_url_with_meta вызван для https://httpbin.org/forms/post?seq=515
2026-08-05 01:22:54 - crawler - WARNING - Домен httpbin.org временно заблокирован Circuit Breaker
2026-08-05 01:22:54 - crawler - ERROR - Ошибка при обработке https://httpbin.org/forms/post?seq=515: CircuitBreakerOpenError - Домен httpbin.org заблокирован
2026-08-05 01:22:54 - crawler - INFO - fetch_url_with_meta вызван для https://httpbin.org/bytes/1024?seq=516
2026-08-05 01:22:54 - crawler - WARNING - Домен httpbin.org временно заблокирован Circuit Breaker
2026-08-05 01:22:54 - crawler - ERROR - Ошибка при обработке https://httpbin.org/bytes/1024?seq=516: CircuitBreakerOpenError - Домен httpbin.org заблокирован
2026-08-05 01:22:54 - crawler - INFO - fetch_url_with_meta вызван для https://httpbin.org/status/200?seq=517
2026-08-05 01:22:54 - crawler - WARNING - Домен httpbin.org временно заблокирован Circuit Breaker
2026-08-05 01:22:54 - crawler - ERROR - Ошибка при обработке https://httpbin.org/status/200?seq=517: CircuitBreakerOpenError - Домен httpbin.org заблокирован
2026-08-05 01:22:54 - crawler - INFO - fetch_url_with_meta вызван для https://httpbin.org/status/404?seq=518
2026-08-05 01:22:54 - crawler - WARNING - Домен httpbin.org временно заблокирован Circuit Breaker
2026-08-05 01:22:54 - crawler - ERROR - Ошибка при обработке https://httpbin.org/status/404?seq=518: CircuitBreakerOpenError - Домен httpbin.org заблокирован
2026-08-05 01:22:54 - crawler - INFO - fetch_url_with_meta вызван для https://httpbin.org/status/500?seq=519
2026-08-05 01:22:54 - crawler - WARNING - Домен httpbin.org временно заблокирован Circuit Breaker
2026-08-05 01:22:54 - crawler - ERROR - Ошибка при обработке https://httpbin.org/status/500?seq=519: CircuitBreakerOpenError - Домен httpbin.org заблокирован
2026-08-05 01:22:54 - crawler - INFO - fetch_url_with_meta вызван для https://httpbin.org/status/503?seq=520
2026-08-05 01:22:54 - crawler - WARNING - Домен httpbin.org временно заблокирован Circuit Breaker
2026-08-05 01:22:54 - crawler - ERROR - Ошибка при обработке https://httpbin.org/status/503?seq=520: CircuitBreakerOpenError - Домен httpbin.org заблокирован
2026-08-05 01:22:54 - crawler - INFO - fetch_url_with_meta вызван для https://httpbin.org/status/429?seq=521
2026-08-05 01:22:54 - crawler - WARNING - Домен httpbin.org временно заблокирован Circuit Breaker
2026-08-05 01:22:54 - crawler - ERROR - Ошибка при обработке https://httpbin.org/status/429?seq=521: CircuitBreakerOpenError - Домен httpbin.org заблокирован
2026-08-05 01:22:54 - crawler - INFO - fetch_url_with_meta вызван для https://httpbin.org/get?seq=522
2026-08-05 01:22:54 - crawler - WARNING - Домен httpbin.org временно заблокирован Circuit Breaker
2026-08-05 01:22:54 - crawler - ERROR - Ошибка при обработке https://httpbin.org/get?seq=522: CircuitBreakerOpenError - Домен httpbin.org заблокирован
2026-08-05 01:22:54 - crawler - INFO - fetch_url_with_meta вызван для https://httpbin.org/delay/1?seq=523
2026-08-05 01:22:54 - crawler - WARNING - Домен httpbin.org временно заблокирован Circuit Breaker
2026-08-05 01:22:54 - crawler - ERROR - Ошибка при обработке https://httpbin.org/delay/1?seq=523: CircuitBreakerOpenError - Домен httpbin.org заблокирован
2026-08-05 01:22:54 - crawler - INFO - fetch_url_with_meta вызван для https://httpbin.org/delay/2?seq=524
2026-08-05 01:22:54 - crawler - WARNING - Домен httpbin.org временно заблокирован Circuit Breaker
2026-08-05 01:22:54 - crawler - ERROR - Ошибка при обработке https://httpbin.org/delay/2?seq=524: CircuitBreakerOpenError - Домен httpbin.org заблокирован
2026-08-05 01:22:54 - crawler - INFO - fetch_url_with_meta вызван для https://httpbin.org/html?seq=525
2026-08-05 01:22:54 - crawler - WARNING - Домен httpbin.org временно заблокирован Circuit Breaker
2026-08-05 01:22:54 - crawler - ERROR - Ошибка при обработке https://httpbin.org/html?seq=525: CircuitBreakerOpenError - Домен httpbin.org заблокирован
2026-08-05 01:22:54 - crawler - INFO - fetch_url_with_meta вызван для https://httpbin.org/forms/post?seq=526
2026-08-05 01:22:54 - crawler - WARNING - Домен httpbin.org временно заблокирован Circuit Breaker
2026-08-05 01:22:54 - crawler - ERROR - Ошибка при обработке https://httpbin.org/forms/post?seq=526: CircuitBreakerOpenError - Домен httpbin.org заблокирован
2026-08-05 01:22:54 - crawler - INFO - fetch_url_with_meta вызван для https://httpbin.org/bytes/1024?seq=527
2026-08-05 01:22:54 - crawler - WARNING - Домен httpbin.org временно заблокирован Circuit Breaker
2026-08-05 01:22:54 - crawler - ERROR - Ошибка при обработке https://httpbin.org/bytes/1024?seq=527: CircuitBreakerOpenError - Домен httpbin.org заблокирован
2026-08-05 01:22:54 - crawler - INFO - fetch_url_with_meta вызван для https://httpbin.org/status/200?seq=528
2026-08-05 01:22:54 - crawler - WARNING - Домен httpbin.org временно заблокирован Circuit Breaker
2026-08-05 01:22:54 - crawler - ERROR - Ошибка при обработке https://httpbin.org/status/200?seq=528: CircuitBreakerOpenError - Домен httpbin.org заблокирован
2026-08-05 01:22:54 - crawler - INFO - fetch_url_with_meta вызван для https://httpbin.org/status/404?seq=529
2026-08-05 01:22:54 - crawler - WARNING - Домен httpbin.org временно заблокирован Circuit Breaker
2026-08-05 01:22:54 - crawler - ERROR - Ошибка при обработке https://httpbin.org/status/404?seq=529: CircuitBreakerOpenError - Домен httpbin.org заблокирован
2026-08-05 01:22:54 - crawler - INFO - fetch_url_with_meta вызван для https://httpbin.org/status/500?seq=530
2026-08-05 01:22:54 - crawler - WARNING - Домен httpbin.org временно заблокирован Circuit Breaker
2026-08-05 01:22:54 - crawler - ERROR - Ошибка при обработке https://httpbin.org/status/500?seq=530: CircuitBreakerOpenError - Домен httpbin.org заблокирован
2026-08-05 01:22:54 - crawler - INFO - fetch_url_with_meta вызван для https://httpbin.org/status/503?seq=531
2026-08-05 01:22:54 - crawler - WARNING - Домен httpbin.org временно заблокирован Circuit Breaker
2026-08-05 01:22:54 - crawler - ERROR - Ошибка при обработке https://httpbin.org/status/503?seq=531: CircuitBreakerOpenError - Домен httpbin.org заблокирован
2026-08-05 01:22:54 - crawler - INFO - fetch_url_with_meta вызван для https://httpbin.org/status/429?seq=532
2026-08-05 01:22:54 - crawler - WARNING - Домен httpbin.org временно заблокирован Circuit Breaker
2026-08-05 01:22:54 - crawler - ERROR - Ошибка при обработке https://httpbin.org/status/429?seq=532: CircuitBreakerOpenError - Домен httpbin.org заблокирован
2026-08-05 01:22:54 - crawler - INFO - fetch_url_with_meta вызван для https://httpbin.org/get?seq=533
2026-08-05 01:22:54 - crawler - WARNING - Домен httpbin.org временно заблокирован Circuit Breaker
2026-08-05 01:22:54 - crawler - ERROR - Ошибка при обработке https://httpbin.org/get?seq=533: CircuitBreakerOpenError - Домен httpbin.org заблокирован
2026-08-05 01:22:54 - crawler - INFO - fetch_url_with_meta вызван для https://httpbin.org/delay/1?seq=534
2026-08-05 01:22:54 - crawler - WARNING - Домен httpbin.org временно заблокирован Circuit Breaker
2026-08-05 01:22:54 - crawler - ERROR - Ошибка при обработке https://httpbin.org/delay/1?seq=534: CircuitBreakerOpenError - Домен httpbin.org заблокирован
2026-08-05 01:22:54 - crawler - INFO - fetch_url_with_meta вызван для https://httpbin.org/delay/2?seq=535
2026-08-05 01:22:54 - crawler - WARNING - Домен httpbin.org временно заблокирован Circuit Breaker
2026-08-05 01:22:54 - crawler - ERROR - Ошибка при обработке https://httpbin.org/delay/2?seq=535: CircuitBreakerOpenError - Домен httpbin.org заблокирован
2026-08-05 01:22:54 - crawler - INFO - fetch_url_with_meta вызван для https://httpbin.org/html?seq=536
2026-08-05 01:22:54 - crawler - WARNING - Домен httpbin.org временно заблокирован Circuit Breaker
2026-08-05 01:22:54 - crawler - ERROR - Ошибка при обработке https://httpbin.org/html?seq=536: CircuitBreakerOpenError - Домен httpbin.org заблокирован
2026-08-05 01:22:54 - crawler - INFO - fetch_url_with_meta вызван для https://httpbin.org/forms/post?seq=537
2026-08-05 01:22:54 - crawler - WARNING - Домен httpbin.org временно заблокирован Circuit Breaker
2026-08-05 01:22:54 - crawler - ERROR - Ошибка при обработке https://httpbin.org/forms/post?seq=537: CircuitBreakerOpenError - Домен httpbin.org заблокирован
2026-08-05 01:22:54 - crawler - INFO - fetch_url_with_meta вызван для https://httpbin.org/bytes/1024?seq=538
2026-08-05 01:22:54 - crawler - WARNING - Домен httpbin.org временно заблокирован Circuit Breaker
2026-08-05 01:22:54 - crawler - ERROR - Ошибка при обработке https://httpbin.org/bytes/1024?seq=538: CircuitBreakerOpenError - Домен httpbin.org заблокирован
2026-08-05 01:22:54 - crawler - INFO - fetch_url_with_meta вызван для https://httpbin.org/status/200?seq=539
2026-08-05 01:22:54 - crawler - WARNING - Домен httpbin.org временно заблокирован Circuit Breaker
2026-08-05 01:22:54 - crawler - ERROR - Ошибка при обработке https://httpbin.org/status/200?seq=539: CircuitBreakerOpenError - Домен httpbin.org заблокирован
2026-08-05 01:22:54 - crawler - INFO - fetch_url_with_meta вызван для https://httpbin.org/status/404?seq=540
2026-08-05 01:22:54 - crawler - WARNING - Домен httpbin.org временно заблокирован Circuit Breaker
2026-08-05 01:22:54 - crawler - ERROR - Ошибка при обработке https://httpbin.org/status/404?seq=540: CircuitBreakerOpenError - Домен httpbin.org заблокирован
2026-08-05 01:22:54 - crawler - INFO - fetch_url_with_meta вызван для https://httpbin.org/status/500?seq=541
2026-08-05 01:22:54 - crawler - WARNING - Домен httpbin.org временно заблокирован Circuit Breaker
2026-08-05 01:22:54 - crawler - ERROR - Ошибка при обработке https://httpbin.org/status/500?seq=541: CircuitBreakerOpenError - Домен httpbin.org заблокирован
2026-08-05 01:22:54 - crawler - INFO - fetch_url_with_meta вызван для https://httpbin.org/status/503?seq=542
2026-08-05 01:22:54 - crawler - WARNING - Домен httpbin.org временно заблокирован Circuit Breaker
2026-08-05 01:22:54 - crawler - ERROR - Ошибка при обработке https://httpbin.org/status/503?seq=542: CircuitBreakerOpenError - Домен httpbin.org заблокирован
2026-08-05 01:22:54 - crawler - INFO - fetch_url_with_meta вызван для https://httpbin.org/status/429?seq=543
2026-08-05 01:22:54 - crawler - WARNING - Домен httpbin.org временно заблокирован Circuit Breaker
2026-08-05 01:22:54 - crawler - ERROR - Ошибка при обработке https://httpbin.org/status/429?seq=543: CircuitBreakerOpenError - Домен httpbin.org заблокирован
2026-08-05 01:22:54 - retry_strategy - WARNING - Попытка 2 не удалась (Timeout: Timeout on reading data from socket). Повтор через 4.00 сек.
2026-08-05 01:22:54 - crawler - INFO - fetch_url_with_meta вызван для https://httpbin.org/get?seq=544
2026-08-05 01:22:54 - crawler - WARNING - Домен httpbin.org временно заблокирован Circuit Breaker
2026-08-05 01:22:54 - crawler - ERROR - Ошибка при обработке https://httpbin.org/get?seq=544: CircuitBreakerOpenError - Домен httpbin.org заблокирован
2026-08-05 01:22:54 - crawler - INFO - fetch_url_with_meta вызван для https://httpbin.org/delay/1?seq=545
2026-08-05 01:22:54 - crawler - WARNING - Домен httpbin.org временно заблокирован Circuit Breaker
2026-08-05 01:22:54 - crawler - ERROR - Ошибка при обработке https://httpbin.org/delay/1?seq=545: CircuitBreakerOpenError - Домен httpbin.org заблокирован
2026-08-05 01:22:54 - crawler - INFO - fetch_url_with_meta вызван для https://httpbin.org/delay/2?seq=546
2026-08-05 01:22:54 - crawler - WARNING - Домен httpbin.org временно заблокирован Circuit Breaker
2026-08-05 01:22:54 - crawler - ERROR - Ошибка при обработке https://httpbin.org/delay/2?seq=546: CircuitBreakerOpenError - Домен httpbin.org заблокирован
2026-08-05 01:22:54 - crawler - INFO - fetch_url_with_meta вызван для https://httpbin.org/html?seq=547
2026-08-05 01:22:54 - crawler - WARNING - Домен httpbin.org временно заблокирован Circuit Breaker
2026-08-05 01:22:54 - crawler - ERROR - Ошибка при обработке https://httpbin.org/html?seq=547: CircuitBreakerOpenError - Домен httpbin.org заблокирован
2026-08-05 01:22:54 - crawler - INFO - fetch_url_with_meta вызван для https://httpbin.org/forms/post?seq=548
2026-08-05 01:22:54 - crawler - WARNING - Домен httpbin.org временно заблокирован Circuit Breaker
2026-08-05 01:22:54 - crawler - ERROR - Ошибка при обработке https://httpbin.org/forms/post?seq=548: CircuitBreakerOpenError - Домен httpbin.org заблокирован
2026-08-05 01:22:54 - crawler - INFO - fetch_url_with_meta вызван для https://httpbin.org/bytes/1024?seq=549
2026-08-05 01:22:54 - crawler - WARNING - Домен httpbin.org временно заблокирован Circuit Breaker
2026-08-05 01:22:54 - crawler - ERROR - Ошибка при обработке https://httpbin.org/bytes/1024?seq=549: CircuitBreakerOpenError - Домен httpbin.org заблокирован
2026-08-05 01:22:54 - crawler - INFO - fetch_url_with_meta вызван для https://httpbin.org/status/200?seq=550
2026-08-05 01:22:54 - crawler - WARNING - Домен httpbin.org временно заблокирован Circuit Breaker
2026-08-05 01:22:54 - crawler - ERROR - Ошибка при обработке https://httpbin.org/status/200?seq=550: CircuitBreakerOpenError - Домен httpbin.org заблокирован
2026-08-05 01:22:54 - crawler - INFO - fetch_url_with_meta вызван для https://httpbin.org/status/404?seq=551
2026-08-05 01:22:54 - crawler - WARNING - Домен httpbin.org временно заблокирован Circuit Breaker
2026-08-05 01:22:54 - crawler - ERROR - Ошибка при обработке https://httpbin.org/status/404?seq=551: CircuitBreakerOpenError - Домен httpbin.org заблокирован
2026-08-05 01:22:54 - crawler - INFO - fetch_url_with_meta вызван для https://httpbin.org/status/500?seq=552
2026-08-05 01:22:54 - crawler - WARNING - Домен httpbin.org временно заблокирован Circuit Breaker
2026-08-05 01:22:54 - crawler - ERROR - Ошибка при обработке https://httpbin.org/status/500?seq=552: CircuitBreakerOpenError - Домен httpbin.org заблокирован
2026-08-05 01:22:54 - crawler - INFO - fetch_url_with_meta вызван для https://httpbin.org/status/503?seq=553
2026-08-05 01:22:54 - crawler - WARNING - Домен httpbin.org временно заблокирован Circuit Breaker
2026-08-05 01:22:54 - crawler - ERROR - Ошибка при обработке https://httpbin.org/status/503?seq=553: CircuitBreakerOpenError - Домен httpbin.org заблокирован
2026-08-05 01:22:54 - crawler - INFO - fetch_url_with_meta вызван для https://httpbin.org/status/429?seq=554
2026-08-05 01:22:54 - crawler - WARNING - Домен httpbin.org временно заблокирован Circuit Breaker
2026-08-05 01:22:54 - crawler - ERROR - Ошибка при обработке https://httpbin.org/status/429?seq=554: CircuitBreakerOpenError - Домен httpbin.org заблокирован
2026-08-05 01:22:54 - crawler - INFO - fetch_url_with_meta вызван для https://httpbin.org/get?seq=555
2026-08-05 01:22:54 - crawler - WARNING - Домен httpbin.org временно заблокирован Circuit Breaker
2026-08-05 01:22:54 - crawler - ERROR - Ошибка при обработке https://httpbin.org/get?seq=555: CircuitBreakerOpenError - Домен httpbin.org заблокирован
2026-08-05 01:22:54 - crawler - INFO - fetch_url_with_meta вызван для https://httpbin.org/delay/1?seq=556
2026-08-05 01:22:54 - crawler - WARNING - Домен httpbin.org временно заблокирован Circuit Breaker
2026-08-05 01:22:54 - crawler - ERROR - Ошибка при обработке https://httpbin.org/delay/1?seq=556: CircuitBreakerOpenError - Домен httpbin.org заблокирован
2026-08-05 01:22:54 - crawler - INFO - fetch_url_with_meta вызван для https://httpbin.org/delay/2?seq=557
2026-08-05 01:22:54 - crawler - WARNING - Домен httpbin.org временно заблокирован Circuit Breaker
2026-08-05 01:22:54 - crawler - ERROR - Ошибка при обработке https://httpbin.org/delay/2?seq=557: CircuitBreakerOpenError - Домен httpbin.org заблокирован
2026-08-05 01:22:54 - crawler - INFO - fetch_url_with_meta вызван для https://httpbin.org/html?seq=558
2026-08-05 01:22:54 - crawler - WARNING - Домен httpbin.org временно заблокирован Circuit Breaker
2026-08-05 01:22:54 - crawler - ERROR - Ошибка при обработке https://httpbin.org/html?seq=558: CircuitBreakerOpenError - Домен httpbin.org заблокирован
2026-08-05 01:22:54 - crawler - INFO - fetch_url_with_meta вызван для https://httpbin.org/forms/post?seq=559
2026-08-05 01:22:54 - crawler - WARNING - Домен httpbin.org временно заблокирован Circuit Breaker
2026-08-05 01:22:54 - crawler - ERROR - Ошибка при обработке https://httpbin.org/forms/post?seq=559: CircuitBreakerOpenError - Домен httpbin.org заблокирован
2026-08-05 01:22:54 - crawler - INFO - fetch_url_with_meta вызван для https://httpbin.org/bytes/1024?seq=560
2026-08-05 01:22:54 - crawler - WARNING - Домен httpbin.org временно заблокирован Circuit Breaker
2026-08-05 01:22:54 - crawler - ERROR - Ошибка при обработке https://httpbin.org/bytes/1024?seq=560: CircuitBreakerOpenError - Домен httpbin.org заблокирован
2026-08-05 01:22:54 - crawler - INFO - fetch_url_with_meta вызван для https://httpbin.org/status/200?seq=561
2026-08-05 01:22:54 - crawler - WARNING - Домен httpbin.org временно заблокирован Circuit Breaker
2026-08-05 01:22:54 - crawler - ERROR - Ошибка при обработке https://httpbin.org/status/200?seq=561: CircuitBreakerOpenError - Домен httpbin.org заблокирован
2026-08-05 01:22:54 - crawler - INFO - fetch_url_with_meta вызван для https://httpbin.org/status/404?seq=562
2026-08-05 01:22:54 - crawler - WARNING - Домен httpbin.org временно заблокирован Circuit Breaker
2026-08-05 01:22:54 - crawler - ERROR - Ошибка при обработке https://httpbin.org/status/404?seq=562: CircuitBreakerOpenError - Домен httpbin.org заблокирован
2026-08-05 01:22:54 - crawler - INFO - fetch_url_with_meta вызван для https://httpbin.org/status/500?seq=563
2026-08-05 01:22:54 - crawler - WARNING - Домен httpbin.org временно заблокирован Circuit Breaker
2026-08-05 01:22:54 - crawler - ERROR - Ошибка при обработке https://httpbin.org/status/500?seq=563: CircuitBreakerOpenError - Домен httpbin.org заблокирован
2026-08-05 01:22:54 - crawler - INFO - fetch_url_with_meta вызван для https://httpbin.org/status/503?seq=564
2026-08-05 01:22:55 - crawler - WARNING - Домен httpbin.org временно заблокирован Circuit Breaker
2026-08-05 01:22:55 - crawler - ERROR - Ошибка при обработке https://httpbin.org/status/503?seq=564: CircuitBreakerOpenError - Домен httpbin.org заблокирован
2026-08-05 01:22:55 - crawler - INFO - fetch_url_with_meta вызван для https://httpbin.org/status/429?seq=565
2026-08-05 01:22:55 - crawler - WARNING - Домен httpbin.org временно заблокирован Circuit Breaker
2026-08-05 01:22:55 - crawler - ERROR - Ошибка при обработке https://httpbin.org/status/429?seq=565: CircuitBreakerOpenError - Домен httpbin.org заблокирован
2026-08-05 01:22:55 - crawler - INFO - fetch_url_with_meta вызван для https://httpbin.org/get?seq=566
2026-08-05 01:22:55 - crawler - WARNING - Домен httpbin.org временно заблокирован Circuit Breaker
2026-08-05 01:22:55 - crawler - ERROR - Ошибка при обработке https://httpbin.org/get?seq=566: CircuitBreakerOpenError - Домен httpbin.org заблокирован
2026-08-05 01:22:55 - crawler - INFO - fetch_url_with_meta вызван для https://httpbin.org/delay/1?seq=567
2026-08-05 01:22:55 - crawler - WARNING - Домен httpbin.org временно заблокирован Circuit Breaker
2026-08-05 01:22:55 - crawler - ERROR - Ошибка при обработке https://httpbin.org/delay/1?seq=567: CircuitBreakerOpenError - Домен httpbin.org заблокирован
2026-08-05 01:22:55 - crawler - INFO - fetch_url_with_meta вызван для https://httpbin.org/delay/2?seq=568
2026-08-05 01:22:55 - crawler - WARNING - Домен httpbin.org временно заблокирован Circuit Breaker
2026-08-05 01:22:55 - crawler - ERROR - Ошибка при обработке https://httpbin.org/delay/2?seq=568: CircuitBreakerOpenError - Домен httpbin.org заблокирован
2026-08-05 01:22:55 - crawler - INFO - fetch_url_with_meta вызван для https://httpbin.org/html?seq=569
2026-08-05 01:22:55 - crawler - WARNING - Домен httpbin.org временно заблокирован Circuit Breaker
2026-08-05 01:22:55 - crawler - ERROR - Ошибка при обработке https://httpbin.org/html?seq=569: CircuitBreakerOpenError - Домен httpbin.org заблокирован
2026-08-05 01:22:55 - crawler - INFO - fetch_url_with_meta вызван для https://httpbin.org/forms/post?seq=570
2026-08-05 01:22:55 - crawler - WARNING - Домен httpbin.org временно заблокирован Circuit Breaker
2026-08-05 01:22:55 - crawler - ERROR - Ошибка при обработке https://httpbin.org/forms/post?seq=570: CircuitBreakerOpenError - Домен httpbin.org заблокирован
2026-08-05 01:22:55 - crawler - INFO - fetch_url_with_meta вызван для https://httpbin.org/bytes/1024?seq=571
2026-08-05 01:22:55 - crawler - WARNING - Домен httpbin.org временно заблокирован Circuit Breaker
2026-08-05 01:22:55 - crawler - ERROR - Ошибка при обработке https://httpbin.org/bytes/1024?seq=571: CircuitBreakerOpenError - Домен httpbin.org заблокирован
2026-08-05 01:22:55 - crawler - INFO - fetch_url_with_meta вызван для https://httpbin.org/status/200?seq=572
2026-08-05 01:22:55 - crawler - WARNING - Домен httpbin.org временно заблокирован Circuit Breaker
2026-08-05 01:22:55 - crawler - ERROR - Ошибка при обработке https://httpbin.org/status/200?seq=572: CircuitBreakerOpenError - Домен httpbin.org заблокирован
2026-08-05 01:22:55 - crawler - INFO - fetch_url_with_meta вызван для https://httpbin.org/status/404?seq=573
2026-08-05 01:22:55 - crawler - WARNING - Домен httpbin.org временно заблокирован Circuit Breaker
2026-08-05 01:22:55 - crawler - ERROR - Ошибка при обработке https://httpbin.org/status/404?seq=573: CircuitBreakerOpenError - Домен httpbin.org заблокирован
2026-08-05 01:22:55 - crawler - INFO - fetch_url_with_meta вызван для https://httpbin.org/status/500?seq=574
2026-08-05 01:22:55 - crawler - WARNING - Домен httpbin.org временно заблокирован Circuit Breaker
2026-08-05 01:22:55 - crawler - ERROR - Ошибка при обработке https://httpbin.org/status/500?seq=574: CircuitBreakerOpenError - Домен httpbin.org заблокирован
2026-08-05 01:22:55 - crawler - INFO - fetch_url_with_meta вызван для https://httpbin.org/status/503?seq=575
2026-08-05 01:22:55 - crawler - WARNING - Домен httpbin.org временно заблокирован Circuit Breaker
2026-08-05 01:22:55 - crawler - ERROR - Ошибка при обработке https://httpbin.org/status/503?seq=575: CircuitBreakerOpenError - Домен httpbin.org заблокирован
2026-08-05 01:22:55 - crawler - INFO - fetch_url_with_meta вызван для https://httpbin.org/status/429?seq=576
2026-08-05 01:22:55 - crawler - WARNING - Домен httpbin.org временно заблокирован Circuit Breaker
2026-08-05 01:22:55 - crawler - ERROR - Ошибка при обработке https://httpbin.org/status/429?seq=576: CircuitBreakerOpenError - Домен httpbin.org заблокирован
2026-08-05 01:22:55 - crawler - INFO - fetch_url_with_meta вызван для https://httpbin.org/get?seq=577
2026-08-05 01:22:55 - crawler - WARNING - Домен httpbin.org временно заблокирован Circuit Breaker
2026-08-05 01:22:55 - crawler - ERROR - Ошибка при обработке https://httpbin.org/get?seq=577: CircuitBreakerOpenError - Домен httpbin.org заблокирован
2026-08-05 01:22:55 - crawler - INFO - fetch_url_with_meta вызван для https://httpbin.org/delay/1?seq=578
2026-08-05 01:22:55 - crawler - WARNING - Домен httpbin.org временно заблокирован Circuit Breaker
2026-08-05 01:22:55 - crawler - ERROR - Ошибка при обработке https://httpbin.org/delay/1?seq=578: CircuitBreakerOpenError - Домен httpbin.org заблокирован
2026-08-05 01:22:55 - crawler - INFO - fetch_url_with_meta вызван для https://httpbin.org/delay/2?seq=579
2026-08-05 01:22:55 - crawler - WARNING - Домен httpbin.org временно заблокирован Circuit Breaker
2026-08-05 01:22:55 - crawler - ERROR - Ошибка при обработке https://httpbin.org/delay/2?seq=579: CircuitBreakerOpenError - Домен httpbin.org заблокирован
2026-08-05 01:22:55 - crawler - INFO - fetch_url_with_meta вызван для https://httpbin.org/html?seq=580
2026-08-05 01:22:55 - crawler - WARNING - Домен httpbin.org временно заблокирован Circuit Breaker
2026-08-05 01:22:55 - crawler - ERROR - Ошибка при обработке https://httpbin.org/html?seq=580: CircuitBreakerOpenError - Домен httpbin.org заблокирован
2026-08-05 01:22:55 - crawler - INFO - fetch_url_with_meta вызван для https://httpbin.org/forms/post?seq=581
2026-08-05 01:22:55 - crawler - WARNING - Домен httpbin.org временно заблокирован Circuit Breaker
2026-08-05 01:22:55 - crawler - ERROR - Ошибка при обработке https://httpbin.org/forms/post?seq=581: CircuitBreakerOpenError - Домен httpbin.org заблокирован
2026-08-05 01:22:55 - crawler - INFO - fetch_url_with_meta вызван для https://httpbin.org/bytes/1024?seq=582
2026-08-05 01:22:55 - crawler - WARNING - Домен httpbin.org временно заблокирован Circuit Breaker
2026-08-05 01:22:55 - crawler - ERROR - Ошибка при обработке https://httpbin.org/bytes/1024?seq=582: CircuitBreakerOpenError - Домен httpbin.org заблокирован
2026-08-05 01:22:55 - crawler - INFO - fetch_url_with_meta вызван для https://httpbin.org/status/200?seq=583
2026-08-05 01:22:55 - crawler - WARNING - Домен httpbin.org временно заблокирован Circuit Breaker
2026-08-05 01:22:55 - crawler - ERROR - Ошибка при обработке https://httpbin.org/status/200?seq=583: CircuitBreakerOpenError - Домен httpbin.org заблокирован
2026-08-05 01:22:55 - crawler - INFO - fetch_url_with_meta вызван для https://httpbin.org/status/404?seq=584
2026-08-05 01:22:55 - crawler - WARNING - Домен httpbin.org временно заблокирован Circuit Breaker
2026-08-05 01:22:55 - crawler - ERROR - Ошибка при обработке https://httpbin.org/status/404?seq=584: CircuitBreakerOpenError - Домен httpbin.org заблокирован
2026-08-05 01:22:55 - crawler - INFO - fetch_url_with_meta вызван для https://httpbin.org/status/500?seq=585
2026-08-05 01:22:55 - crawler - WARNING - Домен httpbin.org временно заблокирован Circuit Breaker
2026-08-05 01:22:55 - crawler - ERROR - Ошибка при обработке https://httpbin.org/status/500?seq=585: CircuitBreakerOpenError - Домен httpbin.org заблокирован
2026-08-05 01:22:55 - crawler - INFO - fetch_url_with_meta вызван для https://httpbin.org/status/503?seq=586
2026-08-05 01:22:55 - crawler - WARNING - Домен httpbin.org временно заблокирован Circuit Breaker
2026-08-05 01:22:55 - crawler - ERROR - Ошибка при обработке https://httpbin.org/status/503?seq=586: CircuitBreakerOpenError - Домен httpbin.org заблокирован
2026-08-05 01:22:55 - crawler - INFO - fetch_url_with_meta вызван для https://httpbin.org/status/429?seq=587
2026-08-05 01:22:55 - crawler - WARNING - Домен httpbin.org временно заблокирован Circuit Breaker
2026-08-05 01:22:55 - crawler - ERROR - Ошибка при обработке https://httpbin.org/status/429?seq=587: CircuitBreakerOpenError - Домен httpbin.org заблокирован
2026-08-05 01:22:55 - crawler - INFO - fetch_url_with_meta вызван для https://httpbin.org/get?seq=588
2026-08-05 01:22:55 - crawler - WARNING - Домен httpbin.org временно заблокирован Circuit Breaker
2026-08-05 01:22:55 - crawler - ERROR - Ошибка при обработке https://httpbin.org/get?seq=588: CircuitBreakerOpenError - Домен httpbin.org заблокирован
2026-08-05 01:22:55 - crawler - INFO - fetch_url_with_meta вызван для https://httpbin.org/delay/1?seq=589
2026-08-05 01:22:55 - crawler - WARNING - Домен httpbin.org временно заблокирован Circuit Breaker
2026-08-05 01:22:55 - crawler - ERROR - Ошибка при обработке https://httpbin.org/delay/1?seq=589: CircuitBreakerOpenError - Домен httpbin.org заблокирован
2026-08-05 01:22:55 - crawler - INFO - fetch_url_with_meta вызван для https://httpbin.org/delay/2?seq=590
2026-08-05 01:22:55 - crawler - WARNING - Домен httpbin.org временно заблокирован Circuit Breaker
2026-08-05 01:22:55 - crawler - ERROR - Ошибка при обработке https://httpbin.org/delay/2?seq=590: CircuitBreakerOpenError - Домен httpbin.org заблокирован
2026-08-05 01:22:55 - crawler - INFO - fetch_url_with_meta вызван для https://httpbin.org/html?seq=591
2026-08-05 01:22:55 - crawler - WARNING - Домен httpbin.org временно заблокирован Circuit Breaker
2026-08-05 01:22:55 - crawler - ERROR - Ошибка при обработке https://httpbin.org/html?seq=591: CircuitBreakerOpenError - Домен httpbin.org заблокирован
2026-08-05 01:22:55 - crawler - INFO - fetch_url_with_meta вызван для https://httpbin.org/forms/post?seq=592
2026-08-05 01:22:55 - crawler - WARNING - Домен httpbin.org временно заблокирован Circuit Breaker
2026-08-05 01:22:55 - crawler - ERROR - Ошибка при обработке https://httpbin.org/forms/post?seq=592: CircuitBreakerOpenError - Домен httpbin.org заблокирован
2026-08-05 01:22:55 - crawler - INFO - fetch_url_with_meta вызван для https://httpbin.org/bytes/1024?seq=593
2026-08-05 01:22:55 - crawler - WARNING - Домен httpbin.org временно заблокирован Circuit Breaker
2026-08-05 01:22:55 - crawler - ERROR - Ошибка при обработке https://httpbin.org/bytes/1024?seq=593: CircuitBreakerOpenError - Домен httpbin.org заблокирован
2026-08-05 01:22:55 - crawler - INFO - fetch_url_with_meta вызван для https://httpbin.org/status/200?seq=594
2026-08-05 01:22:55 - crawler - WARNING - Домен httpbin.org временно заблокирован Circuit Breaker
2026-08-05 01:22:55 - crawler - ERROR - Ошибка при обработке https://httpbin.org/status/200?seq=594: CircuitBreakerOpenError - Домен httpbin.org заблокирован
2026-08-05 01:22:55 - crawler - INFO - fetch_url_with_meta вызван для https://httpbin.org/status/404?seq=595
2026-08-05 01:22:55 - crawler - WARNING - Домен httpbin.org временно заблокирован Circuit Breaker
2026-08-05 01:22:55 - crawler - ERROR - Ошибка при обработке https://httpbin.org/status/404?seq=595: CircuitBreakerOpenError - Домен httpbin.org заблокирован
2026-08-05 01:22:55 - crawler - INFO - fetch_url_with_meta вызван для https://httpbin.org/status/500?seq=596
2026-08-05 01:22:55 - crawler - WARNING - Домен httpbin.org временно заблокирован Circuit Breaker
2026-08-05 01:22:55 - crawler - ERROR - Ошибка при обработке https://httpbin.org/status/500?seq=596: CircuitBreakerOpenError - Домен httpbin.org заблокирован
2026-08-05 01:22:55 - crawler - INFO - fetch_url_with_meta вызван для https://httpbin.org/status/503?seq=597
2026-08-05 01:22:55 - crawler - WARNING - Домен httpbin.org временно заблокирован Circuit Breaker
2026-08-05 01:22:55 - crawler - ERROR - Ошибка при обработке https://httpbin.org/status/503?seq=597: CircuitBreakerOpenError - Домен httpbin.org заблокирован
2026-08-05 01:22:55 - crawler - INFO - fetch_url_with_meta вызван для https://httpbin.org/status/429?seq=598
2026-08-05 01:22:55 - crawler - WARNING - Домен httpbin.org временно заблокирован Circuit Breaker
2026-08-05 01:22:55 - crawler - ERROR - Ошибка при обработке https://httpbin.org/status/429?seq=598: CircuitBreakerOpenError - Домен httpbin.org заблокирован
2026-08-05 01:22:55 - crawler - INFO - fetch_url_with_meta вызван для https://httpbin.org/get?seq=599
2026-08-05 01:22:55 - crawler - WARNING - Домен httpbin.org временно заблокирован Circuit Breaker
2026-08-05 01:22:55 - crawler - ERROR - Ошибка при обработке https://httpbin.org/get?seq=599: CircuitBreakerOpenError - Домен httpbin.org заблокирован
2026-08-05 01:22:55 - crawler - INFO - fetch_url_with_meta вызван для https://httpbin.org/delay/1?seq=600
2026-08-05 01:22:55 - crawler - WARNING - Домен httpbin.org временно заблокирован Circuit Breaker
2026-08-05 01:22:55 - crawler - ERROR - Ошибка при обработке https://httpbin.org/delay/1?seq=600: CircuitBreakerOpenError - Домен httpbin.org заблокирован
2026-08-05 01:22:55 - crawler - INFO - fetch_url_with_meta вызван для https://httpbin.org/delay/2?seq=601
2026-08-05 01:22:55 - crawler - WARNING - Домен httpbin.org временно заблокирован Circuit Breaker
2026-08-05 01:22:55 - crawler - ERROR - Ошибка при обработке https://httpbin.org/delay/2?seq=601: CircuitBreakerOpenError - Домен httpbin.org заблокирован
2026-08-05 01:22:55 - crawler - INFO - fetch_url_with_meta вызван для https://httpbin.org/html?seq=602
2026-08-05 01:22:55 - crawler - WARNING - Домен httpbin.org временно заблокирован Circuit Breaker
2026-08-05 01:22:55 - crawler - ERROR - Ошибка при обработке https://httpbin.org/html?seq=602: CircuitBreakerOpenError - Домен httpbin.org заблокирован
2026-08-05 01:22:55 - crawler - INFO - fetch_url_with_meta вызван для https://httpbin.org/forms/post?seq=603
2026-08-05 01:22:55 - crawler - WARNING - Домен httpbin.org временно заблокирован Circuit Breaker
2026-08-05 01:22:55 - crawler - ERROR - Ошибка при обработке https://httpbin.org/forms/post?seq=603: CircuitBreakerOpenError - Домен httpbin.org заблокирован
2026-08-05 01:22:55 - crawler - INFO - fetch_url_with_meta вызван для https://httpbin.org/bytes/1024?seq=604
2026-08-05 01:22:55 - crawler - WARNING - Домен httpbin.org временно заблокирован Circuit Breaker
2026-08-05 01:22:55 - crawler - ERROR - Ошибка при обработке https://httpbin.org/bytes/1024?seq=604: CircuitBreakerOpenError - Домен httpbin.org заблокирован
2026-08-05 01:22:55 - crawler - INFO - fetch_url_with_meta вызван для https://httpbin.org/status/200?seq=605
2026-08-05 01:22:55 - crawler - WARNING - Домен httpbin.org временно заблокирован Circuit Breaker
2026-08-05 01:22:55 - crawler - ERROR - Ошибка при обработке https://httpbin.org/status/200?seq=605: CircuitBreakerOpenError - Домен httpbin.org заблокирован
2026-08-05 01:22:55 - crawler - INFO - fetch_url_with_meta вызван для https://httpbin.org/status/404?seq=606
2026-08-05 01:22:55 - crawler - WARNING - Домен httpbin.org временно заблокирован Circuit Breaker
2026-08-05 01:22:55 - crawler - ERROR - Ошибка при обработке https://httpbin.org/status/404?seq=606: CircuitBreakerOpenError - Домен httpbin.org заблокирован
2026-08-05 01:22:55 - crawler - INFO - fetch_url_with_meta вызван для https://httpbin.org/status/500?seq=607
2026-08-05 01:22:55 - crawler - WARNING - Домен httpbin.org временно заблокирован Circuit Breaker
2026-08-05 01:22:55 - crawler - ERROR - Ошибка при обработке https://httpbin.org/status/500?seq=607: CircuitBreakerOpenError - Домен httpbin.org заблокирован
2026-08-05 01:22:55 - crawler - INFO - fetch_url_with_meta вызван для https://httpbin.org/status/503?seq=608
2026-08-05 01:22:55 - crawler - WARNING - Домен httpbin.org временно заблокирован Circuit Breaker
2026-08-05 01:22:55 - crawler - ERROR - Ошибка при обработке https://httpbin.org/status/503?seq=608: CircuitBreakerOpenError - Домен httpbin.org заблокирован
2026-08-05 01:22:55 - crawler - INFO - fetch_url_with_meta вызван для https://httpbin.org/status/429?seq=609
2026-08-05 01:22:55 - crawler - WARNING - Домен httpbin.org временно заблокирован Circuit Breaker
2026-08-05 01:22:55 - crawler - ERROR - Ошибка при обработке https://httpbin.org/status/429?seq=609: CircuitBreakerOpenError - Домен httpbin.org заблокирован
2026-08-05 01:22:55 - crawler - INFO - fetch_url_with_meta вызван для https://httpbin.org/get?seq=610
2026-08-05 01:22:55 - crawler - WARNING - Домен httpbin.org временно заблокирован Circuit Breaker
2026-08-05 01:22:55 - crawler - ERROR - Ошибка при обработке https://httpbin.org/get?seq=610: CircuitBreakerOpenError - Домен httpbin.org заблокирован
2026-08-05 01:22:55 - crawler - INFO - fetch_url_with_meta вызван для https://httpbin.org/delay/1?seq=611
2026-08-05 01:22:55 - crawler - WARNING - Домен httpbin.org временно заблокирован Circuit Breaker
2026-08-05 01:22:55 - crawler - ERROR - Ошибка при обработке https://httpbin.org/delay/1?seq=611: CircuitBreakerOpenError - Домен httpbin.org заблокирован
2026-08-05 01:22:55 - crawler - INFO - fetch_url_with_meta вызван для https://httpbin.org/delay/2?seq=612
2026-08-05 01:22:55 - crawler - WARNING - Домен httpbin.org временно заблокирован Circuit Breaker
2026-08-05 01:22:55 - crawler - ERROR - Ошибка при обработке https://httpbin.org/delay/2?seq=612: CircuitBreakerOpenError - Домен httpbin.org заблокирован
2026-08-05 01:22:55 - crawler - INFO - fetch_url_with_meta вызван для https://httpbin.org/html?seq=613
2026-08-05 01:22:55 - crawler - WARNING - Домен httpbin.org временно заблокирован Circuit Breaker
2026-08-05 01:22:55 - crawler - ERROR - Ошибка при обработке https://httpbin.org/html?seq=613: CircuitBreakerOpenError - Домен httpbin.org заблокирован
2026-08-05 01:22:55 - crawler - INFO - fetch_url_with_meta вызван для https://httpbin.org/forms/post?seq=614
2026-08-05 01:22:55 - crawler - WARNING - Домен httpbin.org временно заблокирован Circuit Breaker
2026-08-05 01:22:55 - crawler - ERROR - Ошибка при обработке https://httpbin.org/forms/post?seq=614: CircuitBreakerOpenError - Домен httpbin.org заблокирован
2026-08-05 01:22:55 - crawler - INFO - fetch_url_with_meta вызван для https://httpbin.org/bytes/1024?seq=615
2026-08-05 01:22:55 - crawler - WARNING - Домен httpbin.org временно заблокирован Circuit Breaker
2026-08-05 01:22:55 - crawler - ERROR - Ошибка при обработке https://httpbin.org/bytes/1024?seq=615: CircuitBreakerOpenError - Домен httpbin.org заблокирован
2026-08-05 01:22:55 - crawler - INFO - fetch_url_with_meta вызван для https://httpbin.org/status/200?seq=616
2026-08-05 01:22:55 - crawler - WARNING - Домен httpbin.org временно заблокирован Circuit Breaker
2026-08-05 01:22:55 - crawler - ERROR - Ошибка при обработке https://httpbin.org/status/200?seq=616: CircuitBreakerOpenError - Домен httpbin.org заблокирован
2026-08-05 01:22:55 - crawler - INFO - fetch_url_with_meta вызван для https://httpbin.org/status/404?seq=617
2026-08-05 01:22:55 - crawler - WARNING - Домен httpbin.org временно заблокирован Circuit Breaker
2026-08-05 01:22:55 - crawler - ERROR - Ошибка при обработке https://httpbin.org/status/404?seq=617: CircuitBreakerOpenError - Домен httpbin.org заблокирован
2026-08-05 01:22:55 - crawler - INFO - fetch_url_with_meta вызван для https://httpbin.org/status/500?seq=618
2026-08-05 01:22:55 - crawler - WARNING - Домен httpbin.org временно заблокирован Circuit Breaker
2026-08-05 01:22:55 - crawler - ERROR - Ошибка при обработке https://httpbin.org/status/500?seq=618: CircuitBreakerOpenError - Домен httpbin.org заблокирован
2026-08-05 01:22:55 - crawler - INFO - fetch_url_with_meta вызван для https://httpbin.org/status/503?seq=619
2026-08-05 01:22:55 - crawler - WARNING - Домен httpbin.org временно заблокирован Circuit Breaker
2026-08-05 01:22:55 - crawler - ERROR - Ошибка при обработке https://httpbin.org/status/503?seq=619: CircuitBreakerOpenError - Домен httpbin.org заблокирован
2026-08-05 01:22:55 - crawler - INFO - fetch_url_with_meta вызван для https://httpbin.org/status/429?seq=620
2026-08-05 01:22:55 - crawler - WARNING - Домен httpbin.org временно заблокирован Circuit Breaker
2026-08-05 01:22:55 - crawler - ERROR - Ошибка при обработке https://httpbin.org/status/429?seq=620: CircuitBreakerOpenError - Домен httpbin.org заблокирован
2026-08-05 01:22:55 - crawler - INFO - fetch_url_with_meta вызван для https://httpbin.org/get?seq=621
2026-08-05 01:22:55 - crawler - WARNING - Домен httpbin.org временно заблокирован Circuit Breaker
2026-08-05 01:22:55 - crawler - ERROR - Ошибка при обработке https://httpbin.org/get?seq=621: CircuitBreakerOpenError - Домен httpbin.org заблокирован
2026-08-05 01:22:55 - crawler - INFO - fetch_url_with_meta вызван для https://httpbin.org/delay/1?seq=622
2026-08-05 01:22:55 - crawler - WARNING - Домен httpbin.org временно заблокирован Circuit Breaker
2026-08-05 01:22:55 - crawler - ERROR - Ошибка при обработке https://httpbin.org/delay/1?seq=622: CircuitBreakerOpenError - Домен httpbin.org заблокирован
2026-08-05 01:22:55 - crawler - INFO - fetch_url_with_meta вызван для https://httpbin.org/delay/2?seq=623
2026-08-05 01:22:55 - crawler - WARNING - Домен httpbin.org временно заблокирован Circuit Breaker
2026-08-05 01:22:55 - crawler - ERROR - Ошибка при обработке https://httpbin.org/delay/2?seq=623: CircuitBreakerOpenError - Домен httpbin.org заблокирован
2026-08-05 01:22:55 - crawler - INFO - Start: https://httpbin.org/get?seq=16 (User-Agent: MyCrawler/2.0)
2026-08-05 01:22:55 - crawler - INFO - fetch_url_with_meta вызван для https://httpbin.org/html?seq=624
2026-08-05 01:22:55 - crawler - WARNING - Домен httpbin.org временно заблокирован Circuit Breaker
2026-08-05 01:22:55 - crawler - ERROR - Ошибка при обработке https://httpbin.org/html?seq=624: CircuitBreakerOpenError - Домен httpbin.org заблокирован
2026-08-05 01:22:55 - crawler - INFO - fetch_url_with_meta вызван для https://httpbin.org/forms/post?seq=625
2026-08-05 01:22:55 - crawler - WARNING - Домен httpbin.org временно заблокирован Circuit Breaker
2026-08-05 01:22:55 - crawler - ERROR - Ошибка при обработке https://httpbin.org/forms/post?seq=625: CircuitBreakerOpenError - Домен httpbin.org заблокирован
2026-08-05 01:22:55 - crawler - INFO - fetch_url_with_meta вызван для https://httpbin.org/bytes/1024?seq=626
2026-08-05 01:22:55 - crawler - WARNING - Домен httpbin.org временно заблокирован Circuit Breaker
2026-08-05 01:22:55 - crawler - ERROR - Ошибка при обработке https://httpbin.org/bytes/1024?seq=626: CircuitBreakerOpenError - Домен httpbin.org заблокирован
2026-08-05 01:22:55 - crawler - INFO - fetch_url_with_meta вызван для https://httpbin.org/status/200?seq=627
2026-08-05 01:22:55 - crawler - WARNING - Домен httpbin.org временно заблокирован Circuit Breaker
2026-08-05 01:22:55 - crawler - ERROR - Ошибка при обработке https://httpbin.org/status/200?seq=627: CircuitBreakerOpenError - Домен httpbin.org заблокирован
2026-08-05 01:22:55 - crawler - INFO - fetch_url_with_meta вызван для https://httpbin.org/status/404?seq=628
2026-08-05 01:22:55 - crawler - WARNING - Домен httpbin.org временно заблокирован Circuit Breaker
2026-08-05 01:22:55 - crawler - ERROR - Ошибка при обработке https://httpbin.org/status/404?seq=628: CircuitBreakerOpenError - Домен httpbin.org заблокирован
2026-08-05 01:22:55 - crawler - INFO - fetch_url_with_meta вызван для https://httpbin.org/status/500?seq=629
2026-08-05 01:22:55 - crawler - WARNING - Домен httpbin.org временно заблокирован Circuit Breaker
2026-08-05 01:22:55 - crawler - ERROR - Ошибка при обработке https://httpbin.org/status/500?seq=629: CircuitBreakerOpenError - Домен httpbin.org заблокирован
2026-08-05 01:22:55 - crawler - INFO - fetch_url_with_meta вызван для https://httpbin.org/status/503?seq=630
2026-08-05 01:22:55 - crawler - WARNING - Домен httpbin.org временно заблокирован Circuit Breaker
2026-08-05 01:22:55 - crawler - ERROR - Ошибка при обработке https://httpbin.org/status/503?seq=630: CircuitBreakerOpenError - Домен httpbin.org заблокирован
2026-08-05 01:22:55 - crawler - INFO - fetch_url_with_meta вызван для https://httpbin.org/status/429?seq=631
2026-08-05 01:22:55 - crawler - WARNING - Домен httpbin.org временно заблокирован Circuit Breaker
2026-08-05 01:22:55 - crawler - ERROR - Ошибка при обработке https://httpbin.org/status/429?seq=631: CircuitBreakerOpenError - Домен httpbin.org заблокирован
2026-08-05 01:22:55 - crawler - INFO - fetch_url_with_meta вызван для https://httpbin.org/get?seq=632
2026-08-05 01:22:55 - crawler - WARNING - Домен httpbin.org временно заблокирован Circuit Breaker
2026-08-05 01:22:55 - crawler - ERROR - Ошибка при обработке https://httpbin.org/get?seq=632: CircuitBreakerOpenError - Домен httpbin.org заблокирован
2026-08-05 01:22:55 - crawler - INFO - fetch_url_with_meta вызван для https://httpbin.org/delay/1?seq=633
2026-08-05 01:22:55 - crawler - WARNING - Домен httpbin.org временно заблокирован Circuit Breaker
2026-08-05 01:22:55 - crawler - ERROR - Ошибка при обработке https://httpbin.org/delay/1?seq=633: CircuitBreakerOpenError - Домен httpbin.org заблокирован
2026-08-05 01:22:55 - crawler - INFO - fetch_url_with_meta вызван для https://httpbin.org/delay/2?seq=634
2026-08-05 01:22:55 - crawler - WARNING - Домен httpbin.org временно заблокирован Circuit Breaker
2026-08-05 01:22:55 - crawler - ERROR - Ошибка при обработке https://httpbin.org/delay/2?seq=634: CircuitBreakerOpenError - Домен httpbin.org заблокирован
2026-08-05 01:22:55 - crawler - INFO - fetch_url_with_meta вызван для https://httpbin.org/html?seq=635
2026-08-05 01:22:55 - crawler - WARNING - Домен httpbin.org временно заблокирован Circuit Breaker
2026-08-05 01:22:55 - crawler - ERROR - Ошибка при обработке https://httpbin.org/html?seq=635: CircuitBreakerOpenError - Домен httpbin.org заблокирован
2026-08-05 01:22:55 - crawler - INFO - fetch_url_with_meta вызван для https://httpbin.org/forms/post?seq=636
2026-08-05 01:22:55 - crawler - WARNING - Домен httpbin.org временно заблокирован Circuit Breaker
2026-08-05 01:22:55 - crawler - ERROR - Ошибка при обработке https://httpbin.org/forms/post?seq=636: CircuitBreakerOpenError - Домен httpbin.org заблокирован
2026-08-05 01:22:55 - crawler - INFO - fetch_url_with_meta вызван для https://httpbin.org/bytes/1024?seq=637
2026-08-05 01:22:55 - crawler - WARNING - Домен httpbin.org временно заблокирован Circuit Breaker
2026-08-05 01:22:55 - crawler - ERROR - Ошибка при обработке https://httpbin.org/bytes/1024?seq=637: CircuitBreakerOpenError - Домен httpbin.org заблокирован
2026-08-05 01:22:55 - crawler - INFO - fetch_url_with_meta вызван для https://httpbin.org/status/200?seq=638
2026-08-05 01:22:55 - crawler - WARNING - Домен httpbin.org временно заблокирован Circuit Breaker
2026-08-05 01:22:55 - crawler - ERROR - Ошибка при обработке https://httpbin.org/status/200?seq=638: CircuitBreakerOpenError - Домен httpbin.org заблокирован
2026-08-05 01:22:55 - crawler - INFO - fetch_url_with_meta вызван для https://httpbin.org/status/404?seq=639
2026-08-05 01:22:55 - crawler - WARNING - Домен httpbin.org временно заблокирован Circuit Breaker
2026-08-05 01:22:55 - crawler - ERROR - Ошибка при обработке https://httpbin.org/status/404?seq=639: CircuitBreakerOpenError - Домен httpbin.org заблокирован
2026-08-05 01:22:55 - crawler - INFO - fetch_url_with_meta вызван для https://httpbin.org/status/500?seq=640
2026-08-05 01:22:55 - crawler - WARNING - Домен httpbin.org временно заблокирован Circuit Breaker
2026-08-05 01:22:55 - crawler - ERROR - Ошибка при обработке https://httpbin.org/status/500?seq=640: CircuitBreakerOpenError - Домен httpbin.org заблокирован
2026-08-05 01:22:55 - crawler - INFO - fetch_url_with_meta вызван для https://httpbin.org/status/503?seq=641
2026-08-05 01:22:55 - crawler - WARNING - Домен httpbin.org временно заблокирован Circuit Breaker
2026-08-05 01:22:55 - crawler - ERROR - Ошибка при обработке https://httpbin.org/status/503?seq=641: CircuitBreakerOpenError - Домен httpbin.org заблокирован
2026-08-05 01:22:55 - crawler - INFO - fetch_url_with_meta вызван для https://httpbin.org/status/429?seq=642
2026-08-05 01:22:55 - crawler - WARNING - Домен httpbin.org временно заблокирован Circuit Breaker
2026-08-05 01:22:55 - crawler - ERROR - Ошибка при обработке https://httpbin.org/status/429?seq=642: CircuitBreakerOpenError - Домен httpbin.org заблокирован
2026-08-05 01:22:55 - crawler - INFO - fetch_url_with_meta вызван для https://httpbin.org/get?seq=643
2026-08-05 01:22:55 - crawler - WARNING - Домен httpbin.org временно заблокирован Circuit Breaker
2026-08-05 01:22:55 - crawler - ERROR - Ошибка при обработке https://httpbin.org/get?seq=643: CircuitBreakerOpenError - Домен httpbin.org заблокирован
2026-08-05 01:22:56 - crawler - INFO - fetch_url_with_meta вызван для https://httpbin.org/delay/1?seq=644
2026-08-05 01:22:56 - crawler - WARNING - Домен httpbin.org временно заблокирован Circuit Breaker
2026-08-05 01:22:56 - crawler - ERROR - Ошибка при обработке https://httpbin.org/delay/1?seq=644: CircuitBreakerOpenError - Домен httpbin.org заблокирован
2026-08-05 01:22:56 - crawler - INFO - fetch_url_with_meta вызван для https://httpbin.org/delay/2?seq=645
2026-08-05 01:22:56 - crawler - WARNING - Домен httpbin.org временно заблокирован Circuit Breaker
2026-08-05 01:22:56 - crawler - ERROR - Ошибка при обработке https://httpbin.org/delay/2?seq=645: CircuitBreakerOpenError - Домен httpbin.org заблокирован
2026-08-05 01:22:56 - crawler - INFO - fetch_url_with_meta вызван для https://httpbin.org/html?seq=646
2026-08-05 01:22:56 - crawler - WARNING - Домен httpbin.org временно заблокирован Circuit Breaker
2026-08-05 01:22:56 - crawler - ERROR - Ошибка при обработке https://httpbin.org/html?seq=646: CircuitBreakerOpenError - Домен httpbin.org заблокирован
2026-08-05 01:22:56 - crawler - INFO - fetch_url_with_meta вызван для https://httpbin.org/forms/post?seq=647
2026-08-05 01:22:56 - crawler - WARNING - Домен httpbin.org временно заблокирован Circuit Breaker
2026-08-05 01:22:56 - crawler - ERROR - Ошибка при обработке https://httpbin.org/forms/post?seq=647: CircuitBreakerOpenError - Домен httpbin.org заблокирован
2026-08-05 01:22:56 - crawler - INFO - fetch_url_with_meta вызван для https://httpbin.org/bytes/1024?seq=648
2026-08-05 01:22:56 - crawler - WARNING - Домен httpbin.org временно заблокирован Circuit Breaker
2026-08-05 01:22:56 - crawler - ERROR - Ошибка при обработке https://httpbin.org/bytes/1024?seq=648: CircuitBreakerOpenError - Домен httpbin.org заблокирован
2026-08-05 01:22:56 - crawler - INFO - fetch_url_with_meta вызван для https://httpbin.org/status/200?seq=649
2026-08-05 01:22:56 - crawler - WARNING - Домен httpbin.org временно заблокирован Circuit Breaker
2026-08-05 01:22:56 - crawler - ERROR - Ошибка при обработке https://httpbin.org/status/200?seq=649: CircuitBreakerOpenError - Домен httpbin.org заблокирован
2026-08-05 01:22:56 - crawler - INFO - fetch_url_with_meta вызван для https://httpbin.org/status/404?seq=650
2026-08-05 01:22:56 - crawler - WARNING - Домен httpbin.org временно заблокирован Circuit Breaker
2026-08-05 01:22:56 - crawler - ERROR - Ошибка при обработке https://httpbin.org/status/404?seq=650: CircuitBreakerOpenError - Домен httpbin.org заблокирован
2026-08-05 01:22:56 - crawler - INFO - fetch_url_with_meta вызван для https://httpbin.org/status/500?seq=651
2026-08-05 01:22:56 - crawler - WARNING - Домен httpbin.org временно заблокирован Circuit Breaker
2026-08-05 01:22:56 - crawler - ERROR - Ошибка при обработке https://httpbin.org/status/500?seq=651: CircuitBreakerOpenError - Домен httpbin.org заблокирован
2026-08-05 01:22:56 - crawler - INFO - fetch_url_with_meta вызван для https://httpbin.org/status/503?seq=652
2026-08-05 01:22:56 - crawler - WARNING - Домен httpbin.org временно заблокирован Circuit Breaker
2026-08-05 01:22:56 - crawler - ERROR - Ошибка при обработке https://httpbin.org/status/503?seq=652: CircuitBreakerOpenError - Домен httpbin.org заблокирован
2026-08-05 01:22:56 - crawler - INFO - fetch_url_with_meta вызван для https://httpbin.org/status/429?seq=653
2026-08-05 01:22:56 - crawler - WARNING - Домен httpbin.org временно заблокирован Circuit Breaker
2026-08-05 01:22:56 - crawler - ERROR - Ошибка при обработке https://httpbin.org/status/429?seq=653: CircuitBreakerOpenError - Домен httpbin.org заблокирован
2026-08-05 01:22:56 - crawler - INFO - fetch_url_with_meta вызван для https://httpbin.org/get?seq=654
2026-08-05 01:22:56 - crawler - WARNING - Домен httpbin.org временно заблокирован Circuit Breaker
2026-08-05 01:22:56 - crawler - ERROR - Ошибка при обработке https://httpbin.org/get?seq=654: CircuitBreakerOpenError - Домен httpbin.org заблокирован
2026-08-05 01:22:56 - crawler - INFO - fetch_url_with_meta вызван для https://httpbin.org/delay/1?seq=655
2026-08-05 01:22:56 - crawler - WARNING - Домен httpbin.org временно заблокирован Circuit Breaker
2026-08-05 01:22:56 - crawler - ERROR - Ошибка при обработке https://httpbin.org/delay/1?seq=655: CircuitBreakerOpenError - Домен httpbin.org заблокирован
2026-08-05 01:22:56 - crawler - INFO - fetch_url_with_meta вызван для https://httpbin.org/delay/2?seq=656
2026-08-05 01:22:56 - crawler - WARNING - Домен httpbin.org временно заблокирован Circuit Breaker
2026-08-05 01:22:56 - crawler - ERROR - Ошибка при обработке https://httpbin.org/delay/2?seq=656: CircuitBreakerOpenError - Домен httpbin.org заблокирован
2026-08-05 01:22:56 - crawler - INFO - fetch_url_with_meta вызван для https://httpbin.org/html?seq=657
2026-08-05 01:22:56 - crawler - WARNING - Домен httpbin.org временно заблокирован Circuit Breaker
2026-08-05 01:22:56 - crawler - ERROR - Ошибка при обработке https://httpbin.org/html?seq=657: CircuitBreakerOpenError - Домен httpbin.org заблокирован
2026-08-05 01:22:56 - crawler - INFO - fetch_url_with_meta вызван для https://httpbin.org/forms/post?seq=658
2026-08-05 01:22:56 - crawler - WARNING - Домен httpbin.org временно заблокирован Circuit Breaker
2026-08-05 01:22:56 - crawler - ERROR - Ошибка при обработке https://httpbin.org/forms/post?seq=658: CircuitBreakerOpenError - Домен httpbin.org заблокирован
2026-08-05 01:22:56 - crawler - INFO - fetch_url_with_meta вызван для https://httpbin.org/bytes/1024?seq=659
2026-08-05 01:22:56 - crawler - WARNING - Домен httpbin.org временно заблокирован Circuit Breaker
2026-08-05 01:22:56 - crawler - ERROR - Ошибка при обработке https://httpbin.org/bytes/1024?seq=659: CircuitBreakerOpenError - Домен httpbin.org заблокирован
2026-08-05 01:22:56 - crawler - INFO - fetch_url_with_meta вызван для https://httpbin.org/status/200?seq=660
2026-08-05 01:22:56 - crawler - WARNING - Домен httpbin.org временно заблокирован Circuit Breaker
2026-08-05 01:22:56 - crawler - ERROR - Ошибка при обработке https://httpbin.org/status/200?seq=660: CircuitBreakerOpenError - Домен httpbin.org заблокирован
2026-08-05 01:22:56 - crawler - INFO - fetch_url_with_meta вызван для https://httpbin.org/status/404?seq=661
2026-08-05 01:22:56 - crawler - WARNING - Домен httpbin.org временно заблокирован Circuit Breaker
2026-08-05 01:22:56 - crawler - ERROR - Ошибка при обработке https://httpbin.org/status/404?seq=661: CircuitBreakerOpenError - Домен httpbin.org заблокирован
2026-08-05 01:22:56 - crawler - INFO - fetch_url_with_meta вызван для https://httpbin.org/status/500?seq=662
2026-08-05 01:22:56 - crawler - WARNING - Домен httpbin.org временно заблокирован Circuit Breaker
2026-08-05 01:22:56 - crawler - ERROR - Ошибка при обработке https://httpbin.org/status/500?seq=662: CircuitBreakerOpenError - Домен httpbin.org заблокирован
2026-08-05 01:22:56 - crawler - INFO - fetch_url_with_meta вызван для https://httpbin.org/status/503?seq=663
2026-08-05 01:22:56 - crawler - WARNING - Домен httpbin.org временно заблокирован Circuit Breaker
2026-08-05 01:22:56 - crawler - ERROR - Ошибка при обработке https://httpbin.org/status/503?seq=663: CircuitBreakerOpenError - Домен httpbin.org заблокирован
2026-08-05 01:22:56 - crawler - INFO - fetch_url_with_meta вызван для https://httpbin.org/status/429?seq=664
2026-08-05 01:22:56 - crawler - WARNING - Домен httpbin.org временно заблокирован Circuit Breaker
2026-08-05 01:22:56 - crawler - ERROR - Ошибка при обработке https://httpbin.org/status/429?seq=664: CircuitBreakerOpenError - Домен httpbin.org заблокирован
2026-08-05 01:22:56 - crawler - INFO - fetch_url_with_meta вызван для https://httpbin.org/get?seq=665
2026-08-05 01:22:56 - crawler - WARNING - Домен httpbin.org временно заблокирован Circuit Breaker
2026-08-05 01:22:56 - crawler - ERROR - Ошибка при обработке https://httpbin.org/get?seq=665: CircuitBreakerOpenError - Домен httpbin.org заблокирован
2026-08-05 01:22:56 - crawler - INFO - fetch_url_with_meta вызван для https://httpbin.org/delay/1?seq=666
2026-08-05 01:22:56 - crawler - WARNING - Домен httpbin.org временно заблокирован Circuit Breaker
2026-08-05 01:22:56 - crawler - ERROR - Ошибка при обработке https://httpbin.org/delay/1?seq=666: CircuitBreakerOpenError - Домен httpbin.org заблокирован
2026-08-05 01:22:56 - crawler - INFO - fetch_url_with_meta вызван для https://httpbin.org/delay/2?seq=667
2026-08-05 01:22:56 - crawler - WARNING - Домен httpbin.org временно заблокирован Circuit Breaker
2026-08-05 01:22:56 - crawler - ERROR - Ошибка при обработке https://httpbin.org/delay/2?seq=667: CircuitBreakerOpenError - Домен httpbin.org заблокирован
2026-08-05 01:22:56 - crawler - INFO - fetch_url_with_meta вызван для https://httpbin.org/html?seq=668
2026-08-05 01:22:56 - crawler - WARNING - Домен httpbin.org временно заблокирован Circuit Breaker
2026-08-05 01:22:56 - crawler - ERROR - Ошибка при обработке https://httpbin.org/html?seq=668: CircuitBreakerOpenError - Домен httpbin.org заблокирован
2026-08-05 01:22:56 - crawler - INFO - fetch_url_with_meta вызван для https://httpbin.org/forms/post?seq=669
2026-08-05 01:22:56 - crawler - WARNING - Домен httpbin.org временно заблокирован Circuit Breaker
2026-08-05 01:22:56 - crawler - ERROR - Ошибка при обработке https://httpbin.org/forms/post?seq=669: CircuitBreakerOpenError - Домен httpbin.org заблокирован
2026-08-05 01:22:56 - crawler - INFO - fetch_url_with_meta вызван для https://httpbin.org/bytes/1024?seq=670
2026-08-05 01:22:56 - crawler - WARNING - Домен httpbin.org временно заблокирован Circuit Breaker
2026-08-05 01:22:56 - crawler - ERROR - Ошибка при обработке https://httpbin.org/bytes/1024?seq=670: CircuitBreakerOpenError - Домен httpbin.org заблокирован
2026-08-05 01:22:56 - crawler - INFO - fetch_url_with_meta вызван для https://httpbin.org/status/200?seq=671
2026-08-05 01:22:56 - crawler - WARNING - Домен httpbin.org временно заблокирован Circuit Breaker
2026-08-05 01:22:56 - crawler - ERROR - Ошибка при обработке https://httpbin.org/status/200?seq=671: CircuitBreakerOpenError - Домен httpbin.org заблокирован
2026-08-05 01:22:56 - crawler - INFO - fetch_url_with_meta вызван для https://httpbin.org/status/404?seq=672
2026-08-05 01:22:56 - crawler - WARNING - Домен httpbin.org временно заблокирован Circuit Breaker
2026-08-05 01:22:56 - crawler - ERROR - Ошибка при обработке https://httpbin.org/status/404?seq=672: CircuitBreakerOpenError - Домен httpbin.org заблокирован
2026-08-05 01:22:56 - crawler - INFO - fetch_url_with_meta вызван для https://httpbin.org/status/500?seq=673
2026-08-05 01:22:56 - crawler - WARNING - Домен httpbin.org временно заблокирован Circuit Breaker
2026-08-05 01:22:56 - crawler - ERROR - Ошибка при обработке https://httpbin.org/status/500?seq=673: CircuitBreakerOpenError - Домен httpbin.org заблокирован
2026-08-05 01:22:56 - crawler - INFO - fetch_url_with_meta вызван для https://httpbin.org/status/503?seq=674
2026-08-05 01:22:56 - crawler - WARNING - Домен httpbin.org временно заблокирован Circuit Breaker
2026-08-05 01:22:56 - crawler - ERROR - Ошибка при обработке https://httpbin.org/status/503?seq=674: CircuitBreakerOpenError - Домен httpbin.org заблокирован
2026-08-05 01:22:56 - crawler - INFO - fetch_url_with_meta вызван для https://httpbin.org/status/429?seq=675
2026-08-05 01:22:56 - crawler - WARNING - Домен httpbin.org временно заблокирован Circuit Breaker
2026-08-05 01:22:56 - crawler - ERROR - Ошибка при обработке https://httpbin.org/status/429?seq=675: CircuitBreakerOpenError - Домен httpbin.org заблокирован
2026-08-05 01:22:56 - crawler - INFO - fetch_url_with_meta вызван для https://httpbin.org/get?seq=676
2026-08-05 01:22:56 - crawler - WARNING - Домен httpbin.org временно заблокирован Circuit Breaker
2026-08-05 01:22:56 - crawler - ERROR - Ошибка при обработке https://httpbin.org/get?seq=676: CircuitBreakerOpenError - Домен httpbin.org заблокирован
2026-08-05 01:22:56 - crawler - INFO - fetch_url_with_meta вызван для https://httpbin.org/delay/1?seq=677
2026-08-05 01:22:56 - crawler - WARNING - Домен httpbin.org временно заблокирован Circuit Breaker
2026-08-05 01:22:56 - crawler - ERROR - Ошибка при обработке https://httpbin.org/delay/1?seq=677: CircuitBreakerOpenError - Домен httpbin.org заблокирован
2026-08-05 01:22:56 - crawler - INFO - fetch_url_with_meta вызван для https://httpbin.org/delay/2?seq=678
2026-08-05 01:22:56 - crawler - WARNING - Домен httpbin.org временно заблокирован Circuit Breaker
2026-08-05 01:22:56 - crawler - ERROR - Ошибка при обработке https://httpbin.org/delay/2?seq=678: CircuitBreakerOpenError - Домен httpbin.org заблокирован
2026-08-05 01:22:56 - crawler - INFO - fetch_url_with_meta вызван для https://httpbin.org/html?seq=679
2026-08-05 01:22:56 - crawler - WARNING - Домен httpbin.org временно заблокирован Circuit Breaker
2026-08-05 01:22:56 - crawler - ERROR - Ошибка при обработке https://httpbin.org/html?seq=679: CircuitBreakerOpenError - Домен httpbin.org заблокирован
2026-08-05 01:22:56 - crawler - INFO - fetch_url_with_meta вызван для https://httpbin.org/forms/post?seq=680
2026-08-05 01:22:56 - crawler - WARNING - Домен httpbin.org временно заблокирован Circuit Breaker
2026-08-05 01:22:56 - crawler - ERROR - Ошибка при обработке https://httpbin.org/forms/post?seq=680: CircuitBreakerOpenError - Домен httpbin.org заблокирован
2026-08-05 01:22:56 - crawler - INFO - fetch_url_with_meta вызван для https://httpbin.org/bytes/1024?seq=681
2026-08-05 01:22:56 - crawler - WARNING - Домен httpbin.org временно заблокирован Circuit Breaker
2026-08-05 01:22:56 - crawler - ERROR - Ошибка при обработке https://httpbin.org/bytes/1024?seq=681: CircuitBreakerOpenError - Домен httpbin.org заблокирован
2026-08-05 01:22:56 - crawler - INFO - fetch_url_with_meta вызван для https://httpbin.org/status/200?seq=682
2026-08-05 01:22:56 - crawler - WARNING - Домен httpbin.org временно заблокирован Circuit Breaker
2026-08-05 01:22:56 - crawler - ERROR - Ошибка при обработке https://httpbin.org/status/200?seq=682: CircuitBreakerOpenError - Домен httpbin.org заблокирован
2026-08-05 01:22:56 - crawler - INFO - fetch_url_with_meta вызван для https://httpbin.org/status/404?seq=683
2026-08-05 01:22:56 - crawler - WARNING - Домен httpbin.org временно заблокирован Circuit Breaker
2026-08-05 01:22:56 - crawler - ERROR - Ошибка при обработке https://httpbin.org/status/404?seq=683: CircuitBreakerOpenError - Домен httpbin.org заблокирован
2026-08-05 01:22:56 - crawler - INFO - fetch_url_with_meta вызван для https://httpbin.org/status/500?seq=684
2026-08-05 01:22:56 - crawler - WARNING - Домен httpbin.org временно заблокирован Circuit Breaker
2026-08-05 01:22:56 - crawler - ERROR - Ошибка при обработке https://httpbin.org/status/500?seq=684: CircuitBreakerOpenError - Домен httpbin.org заблокирован
2026-08-05 01:22:56 - crawler - INFO - fetch_url_with_meta вызван для https://httpbin.org/status/503?seq=685
2026-08-05 01:22:56 - crawler - WARNING - Домен httpbin.org временно заблокирован Circuit Breaker
2026-08-05 01:22:56 - crawler - ERROR - Ошибка при обработке https://httpbin.org/status/503?seq=685: CircuitBreakerOpenError - Домен httpbin.org заблокирован
2026-08-05 01:22:56 - crawler - INFO - fetch_url_with_meta вызван для https://httpbin.org/status/429?seq=686
2026-08-05 01:22:56 - crawler - WARNING - Домен httpbin.org временно заблокирован Circuit Breaker
2026-08-05 01:22:56 - crawler - ERROR - Ошибка при обработке https://httpbin.org/status/429?seq=686: CircuitBreakerOpenError - Домен httpbin.org заблокирован
2026-08-05 01:22:56 - crawler - INFO - fetch_url_with_meta вызван для https://httpbin.org/get?seq=687
2026-08-05 01:22:56 - crawler - WARNING - Домен httpbin.org временно заблокирован Circuit Breaker
2026-08-05 01:22:56 - crawler - ERROR - Ошибка при обработке https://httpbin.org/get?seq=687: CircuitBreakerOpenError - Домен httpbin.org заблокирован
2026-08-05 01:22:56 - crawler - INFO - fetch_url_with_meta вызван для https://httpbin.org/delay/1?seq=688
2026-08-05 01:22:56 - crawler - WARNING - Домен httpbin.org временно заблокирован Circuit Breaker
2026-08-05 01:22:56 - crawler - ERROR - Ошибка при обработке https://httpbin.org/delay/1?seq=688: CircuitBreakerOpenError - Домен httpbin.org заблокирован
2026-08-05 01:22:56 - crawler - INFO - fetch_url_with_meta вызван для https://httpbin.org/delay/2?seq=689
2026-08-05 01:22:56 - crawler - WARNING - Домен httpbin.org временно заблокирован Circuit Breaker
2026-08-05 01:22:56 - crawler - ERROR - Ошибка при обработке https://httpbin.org/delay/2?seq=689: CircuitBreakerOpenError - Домен httpbin.org заблокирован
2026-08-05 01:22:56 - crawler - INFO - fetch_url_with_meta вызван для https://httpbin.org/html?seq=690
2026-08-05 01:22:56 - crawler - WARNING - Домен httpbin.org временно заблокирован Circuit Breaker
2026-08-05 01:22:56 - crawler - ERROR - Ошибка при обработке https://httpbin.org/html?seq=690: CircuitBreakerOpenError - Домен httpbin.org заблокирован
2026-08-05 01:22:56 - crawler - INFO - fetch_url_with_meta вызван для https://httpbin.org/forms/post?seq=691
2026-08-05 01:22:56 - crawler - WARNING - Домен httpbin.org временно заблокирован Circuit Breaker
2026-08-05 01:22:56 - crawler - ERROR - Ошибка при обработке https://httpbin.org/forms/post?seq=691: CircuitBreakerOpenError - Домен httpbin.org заблокирован
2026-08-05 01:22:56 - crawler - INFO - fetch_url_with_meta вызван для https://httpbin.org/bytes/1024?seq=692
2026-08-05 01:22:56 - crawler - WARNING - Домен httpbin.org временно заблокирован Circuit Breaker
2026-08-05 01:22:56 - crawler - ERROR - Ошибка при обработке https://httpbin.org/bytes/1024?seq=692: CircuitBreakerOpenError - Домен httpbin.org заблокирован
2026-08-05 01:22:56 - crawler - INFO - fetch_url_with_meta вызван для https://httpbin.org/status/200?seq=693
2026-08-05 01:22:56 - crawler - WARNING - Домен httpbin.org временно заблокирован Circuit Breaker
2026-08-05 01:22:56 - crawler - ERROR - Ошибка при обработке https://httpbin.org/status/200?seq=693: CircuitBreakerOpenError - Домен httpbin.org заблокирован
2026-08-05 01:22:56 - crawler - INFO - fetch_url_with_meta вызван для https://httpbin.org/status/404?seq=694
2026-08-05 01:22:56 - crawler - WARNING - Домен httpbin.org временно заблокирован Circuit Breaker
2026-08-05 01:22:56 - crawler - ERROR - Ошибка при обработке https://httpbin.org/status/404?seq=694: CircuitBreakerOpenError - Домен httpbin.org заблокирован
2026-08-05 01:22:56 - crawler - INFO - fetch_url_with_meta вызван для https://httpbin.org/status/500?seq=695
2026-08-05 01:22:56 - crawler - WARNING - Домен httpbin.org временно заблокирован Circuit Breaker
2026-08-05 01:22:56 - crawler - ERROR - Ошибка при обработке https://httpbin.org/status/500?seq=695: CircuitBreakerOpenError - Домен httpbin.org заблокирован
2026-08-05 01:22:56 - crawler - INFO - fetch_url_with_meta вызван для https://httpbin.org/status/503?seq=696
2026-08-05 01:22:56 - crawler - WARNING - Домен httpbin.org временно заблокирован Circuit Breaker
2026-08-05 01:22:56 - crawler - ERROR - Ошибка при обработке https://httpbin.org/status/503?seq=696: CircuitBreakerOpenError - Домен httpbin.org заблокирован
2026-08-05 01:22:56 - crawler - INFO - fetch_url_with_meta вызван для https://httpbin.org/status/429?seq=697
2026-08-05 01:22:56 - crawler - WARNING - Домен httpbin.org временно заблокирован Circuit Breaker
2026-08-05 01:22:56 - crawler - ERROR - Ошибка при обработке https://httpbin.org/status/429?seq=697: CircuitBreakerOpenError - Домен httpbin.org заблокирован
2026-08-05 01:22:56 - crawler - INFO - fetch_url_with_meta вызван для https://httpbin.org/get?seq=698
2026-08-05 01:22:56 - crawler - WARNING - Домен httpbin.org временно заблокирован Circuit Breaker
2026-08-05 01:22:56 - crawler - ERROR - Ошибка при обработке https://httpbin.org/get?seq=698: CircuitBreakerOpenError - Домен httpbin.org заблокирован
2026-08-05 01:22:56 - crawler - INFO - fetch_url_with_meta вызван для https://httpbin.org/delay/1?seq=699
2026-08-05 01:22:56 - crawler - WARNING - Домен httpbin.org временно заблокирован Circuit Breaker
2026-08-05 01:22:56 - crawler - ERROR - Ошибка при обработке https://httpbin.org/delay/1?seq=699: CircuitBreakerOpenError - Домен httpbin.org заблокирован
2026-08-05 01:22:56 - crawler - INFO - fetch_url_with_meta вызван для https://httpbin.org/delay/2?seq=700
2026-08-05 01:22:56 - crawler - WARNING - Домен httpbin.org временно заблокирован Circuit Breaker
2026-08-05 01:22:56 - crawler - ERROR - Ошибка при обработке https://httpbin.org/delay/2?seq=700: CircuitBreakerOpenError - Домен httpbin.org заблокирован
2026-08-05 01:22:56 - crawler - INFO - fetch_url_with_meta вызван для https://httpbin.org/html?seq=701
2026-08-05 01:22:56 - crawler - WARNING - Домен httpbin.org временно заблокирован Circuit Breaker
2026-08-05 01:22:56 - crawler - ERROR - Ошибка при обработке https://httpbin.org/html?seq=701: CircuitBreakerOpenError - Домен httpbin.org заблокирован
2026-08-05 01:22:56 - crawler - INFO - fetch_url_with_meta вызван для https://httpbin.org/forms/post?seq=702
2026-08-05 01:22:56 - crawler - WARNING - Домен httpbin.org временно заблокирован Circuit Breaker
2026-08-05 01:22:56 - crawler - ERROR - Ошибка при обработке https://httpbin.org/forms/post?seq=702: CircuitBreakerOpenError - Домен httpbin.org заблокирован
2026-08-05 01:22:56 - crawler - INFO - fetch_url_with_meta вызван для https://httpbin.org/bytes/1024?seq=703
2026-08-05 01:22:56 - crawler - WARNING - Домен httpbin.org временно заблокирован Circuit Breaker
2026-08-05 01:22:56 - crawler - ERROR - Ошибка при обработке https://httpbin.org/bytes/1024?seq=703: CircuitBreakerOpenError - Домен httpbin.org заблокирован
2026-08-05 01:22:56 - crawler - INFO - fetch_url_with_meta вызван для https://httpbin.org/status/200?seq=704
2026-08-05 01:22:56 - crawler - WARNING - Домен httpbin.org временно заблокирован Circuit Breaker
2026-08-05 01:22:56 - crawler - ERROR - Ошибка при обработке https://httpbin.org/status/200?seq=704: CircuitBreakerOpenError - Домен httpbin.org заблокирован
2026-08-05 01:22:56 - crawler - INFO - fetch_url_with_meta вызван для https://httpbin.org/status/404?seq=705
2026-08-05 01:22:56 - crawler - WARNING - Домен httpbin.org временно заблокирован Circuit Breaker
2026-08-05 01:22:56 - crawler - ERROR - Ошибка при обработке https://httpbin.org/status/404?seq=705: CircuitBreakerOpenError - Домен httpbin.org заблокирован
2026-08-05 01:22:56 - crawler - INFO - fetch_url_with_meta вызван для https://httpbin.org/status/500?seq=706
2026-08-05 01:22:56 - crawler - WARNING - Домен httpbin.org временно заблокирован Circuit Breaker
2026-08-05 01:22:56 - crawler - ERROR - Ошибка при обработке https://httpbin.org/status/500?seq=706: CircuitBreakerOpenError - Домен httpbin.org заблокирован
2026-08-05 01:22:56 - crawler - INFO - fetch_url_with_meta вызван для https://httpbin.org/status/503?seq=707
2026-08-05 01:22:56 - crawler - WARNING - Домен httpbin.org временно заблокирован Circuit Breaker
2026-08-05 01:22:56 - crawler - ERROR - Ошибка при обработке https://httpbin.org/status/503?seq=707: CircuitBreakerOpenError - Домен httpbin.org заблокирован
2026-08-05 01:22:56 - crawler - INFO - fetch_url_with_meta вызван для https://httpbin.org/status/429?seq=708
2026-08-05 01:22:56 - crawler - WARNING - Домен httpbin.org временно заблокирован Circuit Breaker
2026-08-05 01:22:56 - crawler - ERROR - Ошибка при обработке https://httpbin.org/status/429?seq=708: CircuitBreakerOpenError - Домен httpbin.org заблокирован
2026-08-05 01:22:56 - crawler - INFO - fetch_url_with_meta вызван для https://httpbin.org/get?seq=709
2026-08-05 01:22:56 - crawler - WARNING - Домен httpbin.org временно заблокирован Circuit Breaker
2026-08-05 01:22:56 - crawler - ERROR - Ошибка при обработке https://httpbin.org/get?seq=709: CircuitBreakerOpenError - Домен httpbin.org заблокирован
2026-08-05 01:22:56 - crawler - INFO - fetch_url_with_meta вызван для https://httpbin.org/delay/1?seq=710
2026-08-05 01:22:56 - crawler - WARNING - Домен httpbin.org временно заблокирован Circuit Breaker
2026-08-05 01:22:56 - crawler - ERROR - Ошибка при обработке https://httpbin.org/delay/1?seq=710: CircuitBreakerOpenError - Домен httpbin.org заблокирован
2026-08-05 01:22:56 - crawler - INFO - fetch_url_with_meta вызван для https://httpbin.org/delay/2?seq=711
2026-08-05 01:22:56 - crawler - WARNING - Домен httpbin.org временно заблокирован Circuit Breaker
2026-08-05 01:22:56 - crawler - ERROR - Ошибка при обработке https://httpbin.org/delay/2?seq=711: CircuitBreakerOpenError - Домен httpbin.org заблокирован
2026-08-05 01:22:56 - crawler - INFO - fetch_url_with_meta вызван для https://httpbin.org/html?seq=712
2026-08-05 01:22:56 - crawler - WARNING - Домен httpbin.org временно заблокирован Circuit Breaker
2026-08-05 01:22:56 - crawler - ERROR - Ошибка при обработке https://httpbin.org/html?seq=712: CircuitBreakerOpenError - Домен httpbin.org заблокирован
2026-08-05 01:22:56 - crawler - INFO - fetch_url_with_meta вызван для https://httpbin.org/forms/post?seq=713
2026-08-05 01:22:56 - crawler - WARNING - Домен httpbin.org временно заблокирован Circuit Breaker
2026-08-05 01:22:56 - crawler - ERROR - Ошибка при обработке https://httpbin.org/forms/post?seq=713: CircuitBreakerOpenError - Домен httpbin.org заблокирован
2026-08-05 01:22:56 - crawler - INFO - fetch_url_with_meta вызван для https://httpbin.org/bytes/1024?seq=714
2026-08-05 01:22:56 - crawler - WARNING - Домен httpbin.org временно заблокирован Circuit Breaker
2026-08-05 01:22:56 - crawler - ERROR - Ошибка при обработке https://httpbin.org/bytes/1024?seq=714: CircuitBreakerOpenError - Домен httpbin.org заблокирован
2026-08-05 01:22:56 - crawler - INFO - fetch_url_with_meta вызван для https://httpbin.org/status/200?seq=715
2026-08-05 01:22:56 - crawler - WARNING - Домен httpbin.org временно заблокирован Circuit Breaker
2026-08-05 01:22:56 - crawler - ERROR - Ошибка при обработке https://httpbin.org/status/200?seq=715: CircuitBreakerOpenError - Домен httpbin.org заблокирован
2026-08-05 01:22:56 - crawler - INFO - fetch_url_with_meta вызван для https://httpbin.org/status/404?seq=716
2026-08-05 01:22:56 - crawler - WARNING - Домен httpbin.org временно заблокирован Circuit Breaker
2026-08-05 01:22:56 - crawler - ERROR - Ошибка при обработке https://httpbin.org/status/404?seq=716: CircuitBreakerOpenError - Домен httpbin.org заблокирован
2026-08-05 01:22:56 - crawler - INFO - fetch_url_with_meta вызван для https://httpbin.org/status/500?seq=717
2026-08-05 01:22:56 - crawler - WARNING - Домен httpbin.org временно заблокирован Circuit Breaker
2026-08-05 01:22:56 - crawler - ERROR - Ошибка при обработке https://httpbin.org/status/500?seq=717: CircuitBreakerOpenError - Домен httpbin.org заблокирован
2026-08-05 01:22:56 - crawler - INFO - fetch_url_with_meta вызван для https://httpbin.org/status/503?seq=718
2026-08-05 01:22:56 - crawler - WARNING - Домен httpbin.org временно заблокирован Circuit Breaker
2026-08-05 01:22:56 - crawler - ERROR - Ошибка при обработке https://httpbin.org/status/503?seq=718: CircuitBreakerOpenError - Домен httpbin.org заблокирован
2026-08-05 01:22:56 - crawler - INFO - fetch_url_with_meta вызван для https://httpbin.org/status/429?seq=719
2026-08-05 01:22:56 - crawler - WARNING - Домен httpbin.org временно заблокирован Circuit Breaker
2026-08-05 01:22:56 - crawler - ERROR - Ошибка при обработке https://httpbin.org/status/429?seq=719: CircuitBreakerOpenError - Домен httpbin.org заблокирован
2026-08-05 01:22:56 - crawler - INFO - fetch_url_with_meta вызван для https://httpbin.org/get?seq=720
2026-08-05 01:22:56 - crawler - WARNING - Домен httpbin.org временно заблокирован Circuit Breaker
2026-08-05 01:22:56 - crawler - ERROR - Ошибка при обработке https://httpbin.org/get?seq=720: CircuitBreakerOpenError - Домен httpbin.org заблокирован
2026-08-05 01:22:56 - crawler - INFO - fetch_url_with_meta вызван для https://httpbin.org/delay/1?seq=721
2026-08-05 01:22:56 - crawler - WARNING - Домен httpbin.org временно заблокирован Circuit Breaker
2026-08-05 01:22:56 - crawler - ERROR - Ошибка при обработке https://httpbin.org/delay/1?seq=721: CircuitBreakerOpenError - Домен httpbin.org заблокирован
2026-08-05 01:22:56 - crawler - INFO - fetch_url_with_meta вызван для https://httpbin.org/delay/2?seq=722
2026-08-05 01:22:56 - crawler - WARNING - Домен httpbin.org временно заблокирован Circuit Breaker
2026-08-05 01:22:56 - crawler - ERROR - Ошибка при обработке https://httpbin.org/delay/2?seq=722: CircuitBreakerOpenError - Домен httpbin.org заблокирован
2026-08-05 01:22:56 - crawler - INFO - fetch_url_with_meta вызван для https://httpbin.org/html?seq=723
2026-08-05 01:22:56 - crawler - WARNING - Домен httpbin.org временно заблокирован Circuit Breaker
2026-08-05 01:22:56 - crawler - ERROR - Ошибка при обработке https://httpbin.org/html?seq=723: CircuitBreakerOpenError - Домен httpbin.org заблокирован
2026-08-05 01:22:57 - crawler - INFO - fetch_url_with_meta вызван для https://httpbin.org/forms/post?seq=724
2026-08-05 01:22:57 - crawler - WARNING - Домен httpbin.org временно заблокирован Circuit Breaker
2026-08-05 01:22:57 - crawler - ERROR - Ошибка при обработке https://httpbin.org/forms/post?seq=724: CircuitBreakerOpenError - Домен httpbin.org заблокирован
2026-08-05 01:22:57 - crawler - INFO - fetch_url_with_meta вызван для https://httpbin.org/bytes/1024?seq=725
2026-08-05 01:22:57 - crawler - WARNING - Домен httpbin.org временно заблокирован Circuit Breaker
2026-08-05 01:22:57 - crawler - ERROR - Ошибка при обработке https://httpbin.org/bytes/1024?seq=725: CircuitBreakerOpenError - Домен httpbin.org заблокирован
2026-08-05 01:22:57 - crawler - INFO - fetch_url_with_meta вызван для https://httpbin.org/status/200?seq=726
2026-08-05 01:22:57 - crawler - WARNING - Домен httpbin.org временно заблокирован Circuit Breaker
2026-08-05 01:22:57 - crawler - ERROR - Ошибка при обработке https://httpbin.org/status/200?seq=726: CircuitBreakerOpenError - Домен httpbin.org заблокирован
2026-08-05 01:22:57 - crawler - INFO - fetch_url_with_meta вызван для https://httpbin.org/status/404?seq=727
2026-08-05 01:22:57 - crawler - WARNING - Домен httpbin.org временно заблокирован Circuit Breaker
2026-08-05 01:22:57 - crawler - ERROR - Ошибка при обработке https://httpbin.org/status/404?seq=727: CircuitBreakerOpenError - Домен httpbin.org заблокирован
2026-08-05 01:22:57 - crawler - INFO - fetch_url_with_meta вызван для https://httpbin.org/status/500?seq=728
2026-08-05 01:22:57 - crawler - WARNING - Домен httpbin.org временно заблокирован Circuit Breaker
2026-08-05 01:22:57 - crawler - ERROR - Ошибка при обработке https://httpbin.org/status/500?seq=728: CircuitBreakerOpenError - Домен httpbin.org заблокирован
2026-08-05 01:22:57 - crawler - INFO - fetch_url_with_meta вызван для https://httpbin.org/status/503?seq=729
2026-08-05 01:22:57 - crawler - WARNING - Домен httpbin.org временно заблокирован Circuit Breaker
2026-08-05 01:22:57 - crawler - ERROR - Ошибка при обработке https://httpbin.org/status/503?seq=729: CircuitBreakerOpenError - Домен httpbin.org заблокирован
2026-08-05 01:22:57 - crawler - INFO - fetch_url_with_meta вызван для https://httpbin.org/status/429?seq=730
2026-08-05 01:22:57 - crawler - WARNING - Домен httpbin.org временно заблокирован Circuit Breaker
2026-08-05 01:22:57 - crawler - ERROR - Ошибка при обработке https://httpbin.org/status/429?seq=730: CircuitBreakerOpenError - Домен httpbin.org заблокирован
2026-08-05 01:22:57 - crawler - INFO - fetch_url_with_meta вызван для https://httpbin.org/get?seq=731
2026-08-05 01:22:57 - crawler - WARNING - Домен httpbin.org временно заблокирован Circuit Breaker
2026-08-05 01:22:57 - crawler - ERROR - Ошибка при обработке https://httpbin.org/get?seq=731: CircuitBreakerOpenError - Домен httpbin.org заблокирован
2026-08-05 01:22:57 - crawler - INFO - fetch_url_with_meta вызван для https://httpbin.org/delay/1?seq=732
2026-08-05 01:22:57 - crawler - WARNING - Домен httpbin.org временно заблокирован Circuit Breaker
2026-08-05 01:22:57 - crawler - ERROR - Ошибка при обработке https://httpbin.org/delay/1?seq=732: CircuitBreakerOpenError - Домен httpbin.org заблокирован
2026-08-05 01:22:57 - crawler - INFO - fetch_url_with_meta вызван для https://httpbin.org/delay/2?seq=733
2026-08-05 01:22:57 - crawler - WARNING - Домен httpbin.org временно заблокирован Circuit Breaker
2026-08-05 01:22:57 - crawler - ERROR - Ошибка при обработке https://httpbin.org/delay/2?seq=733: CircuitBreakerOpenError - Домен httpbin.org заблокирован
2026-08-05 01:22:57 - crawler - INFO - fetch_url_with_meta вызван для https://httpbin.org/html?seq=734
2026-08-05 01:22:57 - crawler - WARNING - Домен httpbin.org временно заблокирован Circuit Breaker
2026-08-05 01:22:57 - crawler - ERROR - Ошибка при обработке https://httpbin.org/html?seq=734: CircuitBreakerOpenError - Домен httpbin.org заблокирован
2026-08-05 01:22:57 - crawler - INFO - fetch_url_with_meta вызван для https://httpbin.org/forms/post?seq=735
2026-08-05 01:22:57 - crawler - WARNING - Домен httpbin.org временно заблокирован Circuit Breaker
2026-08-05 01:22:57 - crawler - ERROR - Ошибка при обработке https://httpbin.org/forms/post?seq=735: CircuitBreakerOpenError - Домен httpbin.org заблокирован
2026-08-05 01:22:57 - crawler - INFO - fetch_url_with_meta вызван для https://httpbin.org/bytes/1024?seq=736
2026-08-05 01:22:57 - crawler - WARNING - Домен httpbin.org временно заблокирован Circuit Breaker
2026-08-05 01:22:57 - crawler - ERROR - Ошибка при обработке https://httpbin.org/bytes/1024?seq=736: CircuitBreakerOpenError - Домен httpbin.org заблокирован
2026-08-05 01:22:57 - crawler - INFO - fetch_url_with_meta вызван для https://httpbin.org/status/200?seq=737
2026-08-05 01:22:57 - crawler - WARNING - Домен httpbin.org временно заблокирован Circuit Breaker
2026-08-05 01:22:57 - crawler - ERROR - Ошибка при обработке https://httpbin.org/status/200?seq=737: CircuitBreakerOpenError - Домен httpbin.org заблокирован
2026-08-05 01:22:57 - crawler - INFO - fetch_url_with_meta вызван для https://httpbin.org/status/404?seq=738
2026-08-05 01:22:57 - crawler - WARNING - Домен httpbin.org временно заблокирован Circuit Breaker
2026-08-05 01:22:57 - crawler - ERROR - Ошибка при обработке https://httpbin.org/status/404?seq=738: CircuitBreakerOpenError - Домен httpbin.org заблокирован
2026-08-05 01:22:57 - crawler - INFO - fetch_url_with_meta вызван для https://httpbin.org/status/500?seq=739
2026-08-05 01:22:57 - crawler - WARNING - Домен httpbin.org временно заблокирован Circuit Breaker
2026-08-05 01:22:57 - crawler - ERROR - Ошибка при обработке https://httpbin.org/status/500?seq=739: CircuitBreakerOpenError - Домен httpbin.org заблокирован
2026-08-05 01:22:57 - crawler - INFO - fetch_url_with_meta вызван для https://httpbin.org/status/503?seq=740
2026-08-05 01:22:57 - crawler - WARNING - Домен httpbin.org временно заблокирован Circuit Breaker
2026-08-05 01:22:57 - crawler - ERROR - Ошибка при обработке https://httpbin.org/status/503?seq=740: CircuitBreakerOpenError - Домен httpbin.org заблокирован
2026-08-05 01:22:57 - crawler - INFO - fetch_url_with_meta вызван для https://httpbin.org/status/429?seq=741
2026-08-05 01:22:57 - crawler - WARNING - Домен httpbin.org временно заблокирован Circuit Breaker
2026-08-05 01:22:57 - crawler - ERROR - Ошибка при обработке https://httpbin.org/status/429?seq=741: CircuitBreakerOpenError - Домен httpbin.org заблокирован
2026-08-05 01:22:57 - crawler - INFO - fetch_url_with_meta вызван для https://httpbin.org/get?seq=742
2026-08-05 01:22:57 - crawler - WARNING - Домен httpbin.org временно заблокирован Circuit Breaker
2026-08-05 01:22:57 - crawler - ERROR - Ошибка при обработке https://httpbin.org/get?seq=742: CircuitBreakerOpenError - Домен httpbin.org заблокирован
2026-08-05 01:22:57 - crawler - INFO - fetch_url_with_meta вызван для https://httpbin.org/delay/1?seq=743
2026-08-05 01:22:57 - crawler - WARNING - Домен httpbin.org временно заблокирован Circuit Breaker
2026-08-05 01:22:57 - crawler - ERROR - Ошибка при обработке https://httpbin.org/delay/1?seq=743: CircuitBreakerOpenError - Домен httpbin.org заблокирован
2026-08-05 01:22:57 - crawler - INFO - fetch_url_with_meta вызван для https://httpbin.org/delay/2?seq=744
2026-08-05 01:22:57 - crawler - WARNING - Домен httpbin.org временно заблокирован Circuit Breaker
2026-08-05 01:22:57 - crawler - ERROR - Ошибка при обработке https://httpbin.org/delay/2?seq=744: CircuitBreakerOpenError - Домен httpbin.org заблокирован
2026-08-05 01:22:57 - crawler - INFO - fetch_url_with_meta вызван для https://httpbin.org/html?seq=745
2026-08-05 01:22:57 - crawler - WARNING - Домен httpbin.org временно заблокирован Circuit Breaker
2026-08-05 01:22:57 - crawler - ERROR - Ошибка при обработке https://httpbin.org/html?seq=745: CircuitBreakerOpenError - Домен httpbin.org заблокирован
2026-08-05 01:22:57 - crawler - INFO - fetch_url_with_meta вызван для https://httpbin.org/forms/post?seq=746
2026-08-05 01:22:57 - crawler - WARNING - Домен httpbin.org временно заблокирован Circuit Breaker
2026-08-05 01:22:57 - crawler - ERROR - Ошибка при обработке https://httpbin.org/forms/post?seq=746: CircuitBreakerOpenError - Домен httpbin.org заблокирован
2026-08-05 01:22:57 - crawler - INFO - fetch_url_with_meta вызван для https://httpbin.org/bytes/1024?seq=747
2026-08-05 01:22:57 - crawler - WARNING - Домен httpbin.org временно заблокирован Circuit Breaker
2026-08-05 01:22:57 - crawler - ERROR - Ошибка при обработке https://httpbin.org/bytes/1024?seq=747: CircuitBreakerOpenError - Домен httpbin.org заблокирован
2026-08-05 01:22:57 - crawler - INFO - fetch_url_with_meta вызван для https://httpbin.org/status/200?seq=748
2026-08-05 01:22:57 - crawler - WARNING - Домен httpbin.org временно заблокирован Circuit Breaker
2026-08-05 01:22:57 - crawler - ERROR - Ошибка при обработке https://httpbin.org/status/200?seq=748: CircuitBreakerOpenError - Домен httpbin.org заблокирован
2026-08-05 01:22:57 - crawler - INFO - fetch_url_with_meta вызван для https://httpbin.org/status/404?seq=749
2026-08-05 01:22:57 - crawler - WARNING - Домен httpbin.org временно заблокирован Circuit Breaker
2026-08-05 01:22:57 - crawler - ERROR - Ошибка при обработке https://httpbin.org/status/404?seq=749: CircuitBreakerOpenError - Домен httpbin.org заблокирован
2026-08-05 01:22:57 - crawler - INFO - fetch_url_with_meta вызван для https://httpbin.org/status/500?seq=750
2026-08-05 01:22:57 - crawler - WARNING - Домен httpbin.org временно заблокирован Circuit Breaker
2026-08-05 01:22:57 - crawler - ERROR - Ошибка при обработке https://httpbin.org/status/500?seq=750: CircuitBreakerOpenError - Домен httpbin.org заблокирован
2026-08-05 01:22:57 - crawler - INFO - fetch_url_with_meta вызван для https://httpbin.org/status/503?seq=751
2026-08-05 01:22:57 - crawler - WARNING - Домен httpbin.org временно заблокирован Circuit Breaker
2026-08-05 01:22:57 - crawler - ERROR - Ошибка при обработке https://httpbin.org/status/503?seq=751: CircuitBreakerOpenError - Домен httpbin.org заблокирован
2026-08-05 01:22:57 - crawler - INFO - fetch_url_with_meta вызван для https://httpbin.org/status/429?seq=752
2026-08-05 01:22:57 - crawler - WARNING - Домен httpbin.org временно заблокирован Circuit Breaker
2026-08-05 01:22:57 - crawler - ERROR - Ошибка при обработке https://httpbin.org/status/429?seq=752: CircuitBreakerOpenError - Домен httpbin.org заблокирован
2026-08-05 01:22:57 - crawler - INFO - fetch_url_with_meta вызван для https://httpbin.org/get?seq=753
2026-08-05 01:22:57 - crawler - WARNING - Домен httpbin.org временно заблокирован Circuit Breaker
2026-08-05 01:22:57 - crawler - ERROR - Ошибка при обработке https://httpbin.org/get?seq=753: CircuitBreakerOpenError - Домен httpbin.org заблокирован
2026-08-05 01:22:57 - crawler - INFO - fetch_url_with_meta вызван для https://httpbin.org/delay/1?seq=754
2026-08-05 01:22:57 - crawler - WARNING - Домен httpbin.org временно заблокирован Circuit Breaker
2026-08-05 01:22:57 - crawler - ERROR - Ошибка при обработке https://httpbin.org/delay/1?seq=754: CircuitBreakerOpenError - Домен httpbin.org заблокирован
2026-08-05 01:22:57 - crawler - INFO - fetch_url_with_meta вызван для https://httpbin.org/delay/2?seq=755
2026-08-05 01:22:57 - crawler - WARNING - Домен httpbin.org временно заблокирован Circuit Breaker
2026-08-05 01:22:57 - crawler - ERROR - Ошибка при обработке https://httpbin.org/delay/2?seq=755: CircuitBreakerOpenError - Домен httpbin.org заблокирован
2026-08-05 01:22:57 - crawler - INFO - fetch_url_with_meta вызван для https://httpbin.org/html?seq=756
2026-08-05 01:22:57 - crawler - WARNING - Домен httpbin.org временно заблокирован Circuit Breaker
2026-08-05 01:22:57 - crawler - ERROR - Ошибка при обработке https://httpbin.org/html?seq=756: CircuitBreakerOpenError - Домен httpbin.org заблокирован
2026-08-05 01:22:57 - crawler - INFO - fetch_url_with_meta вызван для https://httpbin.org/forms/post?seq=757
2026-08-05 01:22:57 - crawler - WARNING - Домен httpbin.org временно заблокирован Circuit Breaker
2026-08-05 01:22:57 - crawler - ERROR - Ошибка при обработке https://httpbin.org/forms/post?seq=757: CircuitBreakerOpenError - Домен httpbin.org заблокирован
2026-08-05 01:22:57 - crawler - INFO - fetch_url_with_meta вызван для https://httpbin.org/bytes/1024?seq=758
2026-08-05 01:22:57 - crawler - WARNING - Домен httpbin.org временно заблокирован Circuit Breaker
2026-08-05 01:22:57 - crawler - ERROR - Ошибка при обработке https://httpbin.org/bytes/1024?seq=758: CircuitBreakerOpenError - Домен httpbin.org заблокирован
2026-08-05 01:22:57 - crawler - INFO - fetch_url_with_meta вызван для https://httpbin.org/status/200?seq=759
2026-08-05 01:22:57 - crawler - WARNING - Домен httpbin.org временно заблокирован Circuit Breaker
2026-08-05 01:22:57 - crawler - ERROR - Ошибка при обработке https://httpbin.org/status/200?seq=759: CircuitBreakerOpenError - Домен httpbin.org заблокирован
2026-08-05 01:22:57 - crawler - INFO - fetch_url_with_meta вызван для https://httpbin.org/status/404?seq=760
2026-08-05 01:22:57 - crawler - WARNING - Домен httpbin.org временно заблокирован Circuit Breaker
2026-08-05 01:22:57 - crawler - ERROR - Ошибка при обработке https://httpbin.org/status/404?seq=760: CircuitBreakerOpenError - Домен httpbin.org заблокирован
2026-08-05 01:22:57 - crawler - INFO - fetch_url_with_meta вызван для https://httpbin.org/status/500?seq=761
2026-08-05 01:22:57 - crawler - WARNING - Домен httpbin.org временно заблокирован Circuit Breaker
2026-08-05 01:22:57 - crawler - ERROR - Ошибка при обработке https://httpbin.org/status/500?seq=761: CircuitBreakerOpenError - Домен httpbin.org заблокирован
2026-08-05 01:22:57 - crawler - INFO - fetch_url_with_meta вызван для https://httpbin.org/status/503?seq=762
2026-08-05 01:22:57 - crawler - WARNING - Домен httpbin.org временно заблокирован Circuit Breaker
2026-08-05 01:22:57 - crawler - ERROR - Ошибка при обработке https://httpbin.org/status/503?seq=762: CircuitBreakerOpenError - Домен httpbin.org заблокирован
2026-08-05 01:22:57 - crawler - INFO - fetch_url_with_meta вызван для https://httpbin.org/status/429?seq=763
2026-08-05 01:22:57 - crawler - WARNING - Домен httpbin.org временно заблокирован Circuit Breaker
2026-08-05 01:22:57 - crawler - ERROR - Ошибка при обработке https://httpbin.org/status/429?seq=763: CircuitBreakerOpenError - Домен httpbin.org заблокирован
2026-08-05 01:22:57 - crawler - INFO - fetch_url_with_meta вызван для https://httpbin.org/get?seq=764
2026-08-05 01:22:57 - crawler - WARNING - Домен httpbin.org временно заблокирован Circuit Breaker
2026-08-05 01:22:57 - crawler - ERROR - Ошибка при обработке https://httpbin.org/get?seq=764: CircuitBreakerOpenError - Домен httpbin.org заблокирован
2026-08-05 01:22:57 - crawler - INFO - fetch_url_with_meta вызван для https://httpbin.org/delay/1?seq=765
2026-08-05 01:22:57 - crawler - WARNING - Домен httpbin.org временно заблокирован Circuit Breaker
2026-08-05 01:22:57 - crawler - ERROR - Ошибка при обработке https://httpbin.org/delay/1?seq=765: CircuitBreakerOpenError - Домен httpbin.org заблокирован
2026-08-05 01:22:57 - crawler - INFO - fetch_url_with_meta вызван для https://httpbin.org/delay/2?seq=766
2026-08-05 01:22:57 - crawler - WARNING - Домен httpbin.org временно заблокирован Circuit Breaker
2026-08-05 01:22:57 - crawler - ERROR - Ошибка при обработке https://httpbin.org/delay/2?seq=766: CircuitBreakerOpenError - Домен httpbin.org заблокирован
2026-08-05 01:22:57 - crawler - INFO - fetch_url_with_meta вызван для https://httpbin.org/html?seq=767
2026-08-05 01:22:57 - crawler - WARNING - Домен httpbin.org временно заблокирован Circuit Breaker
2026-08-05 01:22:57 - crawler - ERROR - Ошибка при обработке https://httpbin.org/html?seq=767: CircuitBreakerOpenError - Домен httpbin.org заблокирован
2026-08-05 01:22:57 - crawler - INFO - fetch_url_with_meta вызван для https://httpbin.org/forms/post?seq=768
2026-08-05 01:22:57 - crawler - WARNING - Домен httpbin.org временно заблокирован Circuit Breaker
2026-08-05 01:22:57 - crawler - ERROR - Ошибка при обработке https://httpbin.org/forms/post?seq=768: CircuitBreakerOpenError - Домен httpbin.org заблокирован
2026-08-05 01:22:57 - crawler - INFO - fetch_url_with_meta вызван для https://httpbin.org/bytes/1024?seq=769
2026-08-05 01:22:57 - crawler - WARNING - Домен httpbin.org временно заблокирован Circuit Breaker
2026-08-05 01:22:57 - crawler - ERROR - Ошибка при обработке https://httpbin.org/bytes/1024?seq=769: CircuitBreakerOpenError - Домен httpbin.org заблокирован
2026-08-05 01:22:57 - crawler - INFO - fetch_url_with_meta вызван для https://httpbin.org/status/200?seq=770
2026-08-05 01:22:57 - crawler - WARNING - Домен httpbin.org временно заблокирован Circuit Breaker
2026-08-05 01:22:57 - crawler - ERROR - Ошибка при обработке https://httpbin.org/status/200?seq=770: CircuitBreakerOpenError - Домен httpbin.org заблокирован
2026-08-05 01:22:57 - crawler - INFO - fetch_url_with_meta вызван для https://httpbin.org/status/404?seq=771
2026-08-05 01:22:57 - crawler - WARNING - Домен httpbin.org временно заблокирован Circuit Breaker
2026-08-05 01:22:57 - crawler - ERROR - Ошибка при обработке https://httpbin.org/status/404?seq=771: CircuitBreakerOpenError - Домен httpbin.org заблокирован
2026-08-05 01:22:57 - crawler - INFO - fetch_url_with_meta вызван для https://httpbin.org/status/500?seq=772
2026-08-05 01:22:57 - crawler - WARNING - Домен httpbin.org временно заблокирован Circuit Breaker
2026-08-05 01:22:57 - crawler - ERROR - Ошибка при обработке https://httpbin.org/status/500?seq=772: CircuitBreakerOpenError - Домен httpbin.org заблокирован
2026-08-05 01:22:57 - crawler - INFO - fetch_url_with_meta вызван для https://httpbin.org/status/503?seq=773
2026-08-05 01:22:57 - crawler - WARNING - Домен httpbin.org временно заблокирован Circuit Breaker
2026-08-05 01:22:57 - crawler - ERROR - Ошибка при обработке https://httpbin.org/status/503?seq=773: CircuitBreakerOpenError - Домен httpbin.org заблокирован
2026-08-05 01:22:57 - crawler - INFO - fetch_url_with_meta вызван для https://httpbin.org/status/429?seq=774
2026-08-05 01:22:57 - crawler - WARNING - Домен httpbin.org временно заблокирован Circuit Breaker
2026-08-05 01:22:57 - crawler - ERROR - Ошибка при обработке https://httpbin.org/status/429?seq=774: CircuitBreakerOpenError - Домен httpbin.org заблокирован
2026-08-05 01:22:57 - crawler - INFO - fetch_url_with_meta вызван для https://httpbin.org/get?seq=775
2026-08-05 01:22:57 - crawler - WARNING - Домен httpbin.org временно заблокирован Circuit Breaker
2026-08-05 01:22:57 - crawler - ERROR - Ошибка при обработке https://httpbin.org/get?seq=775: CircuitBreakerOpenError - Домен httpbin.org заблокирован
2026-08-05 01:22:57 - crawler - INFO - fetch_url_with_meta вызван для https://httpbin.org/delay/1?seq=776
2026-08-05 01:22:57 - crawler - WARNING - Домен httpbin.org временно заблокирован Circuit Breaker
2026-08-05 01:22:57 - crawler - ERROR - Ошибка при обработке https://httpbin.org/delay/1?seq=776: CircuitBreakerOpenError - Домен httpbin.org заблокирован
2026-08-05 01:22:57 - crawler - INFO - fetch_url_with_meta вызван для https://httpbin.org/delay/2?seq=777
2026-08-05 01:22:57 - crawler - WARNING - Домен httpbin.org временно заблокирован Circuit Breaker
2026-08-05 01:22:57 - crawler - ERROR - Ошибка при обработке https://httpbin.org/delay/2?seq=777: CircuitBreakerOpenError - Домен httpbin.org заблокирован
2026-08-05 01:22:57 - crawler - INFO - fetch_url_with_meta вызван для https://httpbin.org/html?seq=778
2026-08-05 01:22:57 - crawler - WARNING - Домен httpbin.org временно заблокирован Circuit Breaker
2026-08-05 01:22:57 - crawler - ERROR - Ошибка при обработке https://httpbin.org/html?seq=778: CircuitBreakerOpenError - Домен httpbin.org заблокирован
2026-08-05 01:22:57 - crawler - INFO - fetch_url_with_meta вызван для https://httpbin.org/forms/post?seq=779
2026-08-05 01:22:57 - crawler - WARNING - Домен httpbin.org временно заблокирован Circuit Breaker
2026-08-05 01:22:57 - crawler - ERROR - Ошибка при обработке https://httpbin.org/forms/post?seq=779: CircuitBreakerOpenError - Домен httpbin.org заблокирован
2026-08-05 01:22:57 - crawler - INFO - fetch_url_with_meta вызван для https://httpbin.org/bytes/1024?seq=780
2026-08-05 01:22:57 - crawler - WARNING - Домен httpbin.org временно заблокирован Circuit Breaker
2026-08-05 01:22:57 - crawler - ERROR - Ошибка при обработке https://httpbin.org/bytes/1024?seq=780: CircuitBreakerOpenError - Домен httpbin.org заблокирован
2026-08-05 01:22:57 - crawler - INFO - fetch_url_with_meta вызван для https://httpbin.org/status/200?seq=781
2026-08-05 01:22:57 - crawler - WARNING - Домен httpbin.org временно заблокирован Circuit Breaker
2026-08-05 01:22:57 - crawler - ERROR - Ошибка при обработке https://httpbin.org/status/200?seq=781: CircuitBreakerOpenError - Домен httpbin.org заблокирован
2026-08-05 01:22:57 - crawler - INFO - fetch_url_with_meta вызван для https://httpbin.org/status/404?seq=782
2026-08-05 01:22:57 - crawler - WARNING - Домен httpbin.org временно заблокирован Circuit Breaker
2026-08-05 01:22:57 - crawler - ERROR - Ошибка при обработке https://httpbin.org/status/404?seq=782: CircuitBreakerOpenError - Домен httpbin.org заблокирован
2026-08-05 01:22:57 - crawler - INFO - fetch_url_with_meta вызван для https://httpbin.org/status/500?seq=783
2026-08-05 01:22:57 - crawler - WARNING - Домен httpbin.org временно заблокирован Circuit Breaker
2026-08-05 01:22:57 - crawler - ERROR - Ошибка при обработке https://httpbin.org/status/500?seq=783: CircuitBreakerOpenError - Домен httpbin.org заблокирован
2026-08-05 01:22:57 - crawler - INFO - fetch_url_with_meta вызван для https://httpbin.org/status/503?seq=784
2026-08-05 01:22:57 - crawler - WARNING - Домен httpbin.org временно заблокирован Circuit Breaker
2026-08-05 01:22:57 - crawler - ERROR - Ошибка при обработке https://httpbin.org/status/503?seq=784: CircuitBreakerOpenError - Домен httpbin.org заблокирован
2026-08-05 01:22:57 - crawler - INFO - fetch_url_with_meta вызван для https://httpbin.org/status/429?seq=785
2026-08-05 01:22:57 - crawler - WARNING - Домен httpbin.org временно заблокирован Circuit Breaker
2026-08-05 01:22:57 - crawler - ERROR - Ошибка при обработке https://httpbin.org/status/429?seq=785: CircuitBreakerOpenError - Домен httpbin.org заблокирован
2026-08-05 01:22:57 - crawler - INFO - fetch_url_with_meta вызван для https://httpbin.org/get?seq=786
2026-08-05 01:22:57 - crawler - WARNING - Домен httpbin.org временно заблокирован Circuit Breaker
2026-08-05 01:22:57 - crawler - ERROR - Ошибка при обработке https://httpbin.org/get?seq=786: CircuitBreakerOpenError - Домен httpbin.org заблокирован
2026-08-05 01:22:57 - crawler - INFO - fetch_url_with_meta вызван для https://httpbin.org/delay/1?seq=787
2026-08-05 01:22:57 - crawler - WARNING - Домен httpbin.org временно заблокирован Circuit Breaker
2026-08-05 01:22:57 - crawler - ERROR - Ошибка при обработке https://httpbin.org/delay/1?seq=787: CircuitBreakerOpenError - Домен httpbin.org заблокирован
2026-08-05 01:22:57 - crawler - INFO - fetch_url_with_meta вызван для https://httpbin.org/delay/2?seq=788
2026-08-05 01:22:57 - crawler - WARNING - Домен httpbin.org временно заблокирован Circuit Breaker
2026-08-05 01:22:57 - crawler - ERROR - Ошибка при обработке https://httpbin.org/delay/2?seq=788: CircuitBreakerOpenError - Домен httpbin.org заблокирован
2026-08-05 01:22:57 - crawler - INFO - fetch_url_with_meta вызван для https://httpbin.org/html?seq=789
2026-08-05 01:22:57 - crawler - WARNING - Домен httpbin.org временно заблокирован Circuit Breaker
2026-08-05 01:22:57 - crawler - ERROR - Ошибка при обработке https://httpbin.org/html?seq=789: CircuitBreakerOpenError - Домен httpbin.org заблокирован
2026-08-05 01:22:57 - crawler - INFO - fetch_url_with_meta вызван для https://httpbin.org/forms/post?seq=790
2026-08-05 01:22:57 - crawler - WARNING - Домен httpbin.org временно заблокирован Circuit Breaker
2026-08-05 01:22:57 - crawler - ERROR - Ошибка при обработке https://httpbin.org/forms/post?seq=790: CircuitBreakerOpenError - Домен httpbin.org заблокирован
2026-08-05 01:22:57 - crawler - INFO - fetch_url_with_meta вызван для https://httpbin.org/bytes/1024?seq=791
2026-08-05 01:22:57 - crawler - WARNING - Домен httpbin.org временно заблокирован Circuit Breaker
2026-08-05 01:22:57 - crawler - ERROR - Ошибка при обработке https://httpbin.org/bytes/1024?seq=791: CircuitBreakerOpenError - Домен httpbin.org заблокирован
2026-08-05 01:22:57 - crawler - INFO - fetch_url_with_meta вызван для https://httpbin.org/status/200?seq=792
2026-08-05 01:22:57 - crawler - WARNING - Домен httpbin.org временно заблокирован Circuit Breaker
2026-08-05 01:22:57 - crawler - ERROR - Ошибка при обработке https://httpbin.org/status/200?seq=792: CircuitBreakerOpenError - Домен httpbin.org заблокирован
2026-08-05 01:22:57 - crawler - INFO - fetch_url_with_meta вызван для https://httpbin.org/status/404?seq=793
2026-08-05 01:22:57 - crawler - WARNING - Домен httpbin.org временно заблокирован Circuit Breaker
2026-08-05 01:22:57 - crawler - ERROR - Ошибка при обработке https://httpbin.org/status/404?seq=793: CircuitBreakerOpenError - Домен httpbin.org заблокирован
2026-08-05 01:22:57 - crawler - INFO - fetch_url_with_meta вызван для https://httpbin.org/status/500?seq=794
2026-08-05 01:22:57 - crawler - WARNING - Домен httpbin.org временно заблокирован Circuit Breaker
2026-08-05 01:22:57 - crawler - ERROR - Ошибка при обработке https://httpbin.org/status/500?seq=794: CircuitBreakerOpenError - Домен httpbin.org заблокирован
2026-08-05 01:22:57 - crawler - INFO - fetch_url_with_meta вызван для https://httpbin.org/status/503?seq=795
2026-08-05 01:22:57 - crawler - WARNING - Домен httpbin.org временно заблокирован Circuit Breaker
2026-08-05 01:22:57 - crawler - ERROR - Ошибка при обработке https://httpbin.org/status/503?seq=795: CircuitBreakerOpenError - Домен httpbin.org заблокирован
2026-08-05 01:22:57 - crawler - INFO - fetch_url_with_meta вызван для https://httpbin.org/status/429?seq=796
2026-08-05 01:22:57 - crawler - WARNING - Домен httpbin.org временно заблокирован Circuit Breaker
2026-08-05 01:22:57 - crawler - ERROR - Ошибка при обработке https://httpbin.org/status/429?seq=796: CircuitBreakerOpenError - Домен httpbin.org заблокирован
2026-08-05 01:22:57 - crawler - INFO - fetch_url_with_meta вызван для https://httpbin.org/get?seq=797
2026-08-05 01:22:57 - crawler - WARNING - Домен httpbin.org временно заблокирован Circuit Breaker
2026-08-05 01:22:57 - crawler - ERROR - Ошибка при обработке https://httpbin.org/get?seq=797: CircuitBreakerOpenError - Домен httpbin.org заблокирован
2026-08-05 01:22:57 - crawler - INFO - fetch_url_with_meta вызван для https://httpbin.org/delay/1?seq=798
2026-08-05 01:22:57 - crawler - WARNING - Домен httpbin.org временно заблокирован Circuit Breaker
2026-08-05 01:22:57 - crawler - ERROR - Ошибка при обработке https://httpbin.org/delay/1?seq=798: CircuitBreakerOpenError - Домен httpbin.org заблокирован
2026-08-05 01:22:57 - crawler - INFO - fetch_url_with_meta вызван для https://httpbin.org/delay/2?seq=799
2026-08-05 01:22:57 - crawler - WARNING - Домен httpbin.org временно заблокирован Circuit Breaker
2026-08-05 01:22:57 - crawler - ERROR - Ошибка при обработке https://httpbin.org/delay/2?seq=799: CircuitBreakerOpenError - Домен httpbin.org заблокирован
2026-08-05 01:22:57 - crawler - INFO - fetch_url_with_meta вызван для https://httpbin.org/html?seq=800
2026-08-05 01:22:57 - crawler - WARNING - Домен httpbin.org временно заблокирован Circuit Breaker
2026-08-05 01:22:57 - crawler - ERROR - Ошибка при обработке https://httpbin.org/html?seq=800: CircuitBreakerOpenError - Домен httpbin.org заблокирован
2026-08-05 01:22:57 - crawler - INFO - fetch_url_with_meta вызван для https://httpbin.org/forms/post?seq=801
2026-08-05 01:22:57 - crawler - WARNING - Домен httpbin.org временно заблокирован Circuit Breaker
2026-08-05 01:22:57 - crawler - ERROR - Ошибка при обработке https://httpbin.org/forms/post?seq=801: CircuitBreakerOpenError - Домен httpbin.org заблокирован
2026-08-05 01:22:57 - crawler - INFO - fetch_url_with_meta вызван для https://httpbin.org/bytes/1024?seq=802
2026-08-05 01:22:57 - crawler - WARNING - Домен httpbin.org временно заблокирован Circuit Breaker
2026-08-05 01:22:57 - crawler - ERROR - Ошибка при обработке https://httpbin.org/bytes/1024?seq=802: CircuitBreakerOpenError - Домен httpbin.org заблокирован
2026-08-05 01:22:57 - crawler - INFO - fetch_url_with_meta вызван для https://httpbin.org/status/200?seq=803
2026-08-05 01:22:57 - crawler - WARNING - Домен httpbin.org временно заблокирован Circuit Breaker
2026-08-05 01:22:57 - crawler - ERROR - Ошибка при обработке https://httpbin.org/status/200?seq=803: CircuitBreakerOpenError - Домен httpbin.org заблокирован
2026-08-05 01:22:57 - crawler - INFO - fetch_url_with_meta вызван для https://httpbin.org/status/404?seq=804
2026-08-05 01:22:57 - crawler - WARNING - Домен httpbin.org временно заблокирован Circuit Breaker
2026-08-05 01:22:57 - crawler - ERROR - Ошибка при обработке https://httpbin.org/status/404?seq=804: CircuitBreakerOpenError - Домен httpbin.org заблокирован
2026-08-05 01:22:57 - crawler - INFO - fetch_url_with_meta вызван для https://httpbin.org/status/500?seq=805
2026-08-05 01:22:57 - crawler - WARNING - Домен httpbin.org временно заблокирован Circuit Breaker
2026-08-05 01:22:57 - crawler - ERROR - Ошибка при обработке https://httpbin.org/status/500?seq=805: CircuitBreakerOpenError - Домен httpbin.org заблокирован
2026-08-05 01:22:57 - crawler - INFO - fetch_url_with_meta вызван для https://httpbin.org/status/503?seq=806
2026-08-05 01:22:57 - crawler - WARNING - Домен httpbin.org временно заблокирован Circuit Breaker
2026-08-05 01:22:57 - crawler - ERROR - Ошибка при обработке https://httpbin.org/status/503?seq=806: CircuitBreakerOpenError - Домен httpbin.org заблокирован
2026-08-05 01:22:57 - crawler - INFO - fetch_url_with_meta вызван для https://httpbin.org/status/429?seq=807
2026-08-05 01:22:57 - crawler - WARNING - Домен httpbin.org временно заблокирован Circuit Breaker
2026-08-05 01:22:57 - crawler - ERROR - Ошибка при обработке https://httpbin.org/status/429?seq=807: CircuitBreakerOpenError - Домен httpbin.org заблокирован
2026-08-05 01:22:57 - crawler - INFO - fetch_url_with_meta вызван для https://httpbin.org/get?seq=808
2026-08-05 01:22:57 - crawler - WARNING - Домен httpbin.org временно заблокирован Circuit Breaker
2026-08-05 01:22:57 - crawler - ERROR - Ошибка при обработке https://httpbin.org/get?seq=808: CircuitBreakerOpenError - Домен httpbin.org заблокирован
2026-08-05 01:22:57 - crawler - INFO - fetch_url_with_meta вызван для https://httpbin.org/delay/1?seq=809
2026-08-05 01:22:57 - crawler - WARNING - Домен httpbin.org временно заблокирован Circuit Breaker
2026-08-05 01:22:57 - crawler - ERROR - Ошибка при обработке https://httpbin.org/delay/1?seq=809: CircuitBreakerOpenError - Домен httpbin.org заблокирован
2026-08-05 01:22:57 - crawler - INFO - fetch_url_with_meta вызван для https://httpbin.org/delay/2?seq=810
2026-08-05 01:22:57 - crawler - WARNING - Домен httpbin.org временно заблокирован Circuit Breaker
2026-08-05 01:22:58 - crawler - ERROR - Ошибка при обработке https://httpbin.org/delay/2?seq=810: CircuitBreakerOpenError - Домен httpbin.org заблокирован
2026-08-05 01:22:58 - crawler - INFO - fetch_url_with_meta вызван для https://httpbin.org/html?seq=811
2026-08-05 01:22:58 - crawler - WARNING - Домен httpbin.org временно заблокирован Circuit Breaker
2026-08-05 01:22:58 - crawler - ERROR - Ошибка при обработке https://httpbin.org/html?seq=811: CircuitBreakerOpenError - Домен httpbin.org заблокирован
2026-08-05 01:22:58 - crawler - INFO - fetch_url_with_meta вызван для https://httpbin.org/forms/post?seq=812
2026-08-05 01:22:58 - crawler - WARNING - Домен httpbin.org временно заблокирован Circuit Breaker
2026-08-05 01:22:58 - crawler - ERROR - Ошибка при обработке https://httpbin.org/forms/post?seq=812: CircuitBreakerOpenError - Домен httpbin.org заблокирован
2026-08-05 01:22:58 - crawler - INFO - fetch_url_with_meta вызван для https://httpbin.org/bytes/1024?seq=813
2026-08-05 01:22:58 - crawler - WARNING - Домен httpbin.org временно заблокирован Circuit Breaker
2026-08-05 01:22:58 - crawler - ERROR - Ошибка при обработке https://httpbin.org/bytes/1024?seq=813: CircuitBreakerOpenError - Домен httpbin.org заблокирован
2026-08-05 01:22:58 - crawler - INFO - fetch_url_with_meta вызван для https://httpbin.org/status/200?seq=814
2026-08-05 01:22:58 - crawler - WARNING - Домен httpbin.org временно заблокирован Circuit Breaker
2026-08-05 01:22:58 - crawler - ERROR - Ошибка при обработке https://httpbin.org/status/200?seq=814: CircuitBreakerOpenError - Домен httpbin.org заблокирован
2026-08-05 01:22:58 - crawler - INFO - fetch_url_with_meta вызван для https://httpbin.org/status/404?seq=815
2026-08-05 01:22:58 - crawler - WARNING - Домен httpbin.org временно заблокирован Circuit Breaker
2026-08-05 01:22:58 - crawler - ERROR - Ошибка при обработке https://httpbin.org/status/404?seq=815: CircuitBreakerOpenError - Домен httpbin.org заблокирован
2026-08-05 01:22:58 - crawler - INFO - fetch_url_with_meta вызван для https://httpbin.org/status/500?seq=816
2026-08-05 01:22:58 - crawler - WARNING - Домен httpbin.org временно заблокирован Circuit Breaker
2026-08-05 01:22:58 - crawler - ERROR - Ошибка при обработке https://httpbin.org/status/500?seq=816: CircuitBreakerOpenError - Домен httpbin.org заблокирован
2026-08-05 01:22:58 - crawler - INFO - fetch_url_with_meta вызван для https://httpbin.org/status/503?seq=817
2026-08-05 01:22:58 - crawler - WARNING - Домен httpbin.org временно заблокирован Circuit Breaker
2026-08-05 01:22:58 - crawler - ERROR - Ошибка при обработке https://httpbin.org/status/503?seq=817: CircuitBreakerOpenError - Домен httpbin.org заблокирован
2026-08-05 01:22:58 - crawler - INFO - fetch_url_with_meta вызван для https://httpbin.org/status/429?seq=818
2026-08-05 01:22:58 - crawler - WARNING - Домен httpbin.org временно заблокирован Circuit Breaker
2026-08-05 01:22:58 - crawler - ERROR - Ошибка при обработке https://httpbin.org/status/429?seq=818: CircuitBreakerOpenError - Домен httpbin.org заблокирован
2026-08-05 01:22:58 - crawler - INFO - fetch_url_with_meta вызван для https://httpbin.org/get?seq=819
2026-08-05 01:22:58 - crawler - WARNING - Домен httpbin.org временно заблокирован Circuit Breaker
2026-08-05 01:22:58 - crawler - ERROR - Ошибка при обработке https://httpbin.org/get?seq=819: CircuitBreakerOpenError - Домен httpbin.org заблокирован
2026-08-05 01:22:58 - crawler - INFO - fetch_url_with_meta вызван для https://httpbin.org/delay/1?seq=820
2026-08-05 01:22:58 - crawler - WARNING - Домен httpbin.org временно заблокирован Circuit Breaker
2026-08-05 01:22:58 - crawler - ERROR - Ошибка при обработке https://httpbin.org/delay/1?seq=820: CircuitBreakerOpenError - Домен httpbin.org заблокирован
2026-08-05 01:22:58 - crawler - INFO - fetch_url_with_meta вызван для https://httpbin.org/delay/2?seq=821
2026-08-05 01:22:58 - crawler - WARNING - Домен httpbin.org временно заблокирован Circuit Breaker
2026-08-05 01:22:58 - crawler - ERROR - Ошибка при обработке https://httpbin.org/delay/2?seq=821: CircuitBreakerOpenError - Домен httpbin.org заблокирован
2026-08-05 01:22:58 - crawler - INFO - fetch_url_with_meta вызван для https://httpbin.org/html?seq=822
2026-08-05 01:22:58 - crawler - WARNING - Домен httpbin.org временно заблокирован Circuit Breaker
2026-08-05 01:22:58 - crawler - ERROR - Ошибка при обработке https://httpbin.org/html?seq=822: CircuitBreakerOpenError - Домен httpbin.org заблокирован
2026-08-05 01:22:58 - crawler - INFO - fetch_url_with_meta вызван для https://httpbin.org/forms/post?seq=823
2026-08-05 01:22:58 - crawler - WARNING - Домен httpbin.org временно заблокирован Circuit Breaker
2026-08-05 01:22:58 - crawler - ERROR - Ошибка при обработке https://httpbin.org/forms/post?seq=823: CircuitBreakerOpenError - Домен httpbin.org заблокирован
2026-08-05 01:22:58 - crawler - INFO - fetch_url_with_meta вызван для https://httpbin.org/bytes/1024?seq=824
2026-08-05 01:22:58 - crawler - WARNING - Домен httpbin.org временно заблокирован Circuit Breaker
2026-08-05 01:22:58 - crawler - ERROR - Ошибка при обработке https://httpbin.org/bytes/1024?seq=824: CircuitBreakerOpenError - Домен httpbin.org заблокирован
2026-08-05 01:22:58 - crawler - INFO - fetch_url_with_meta вызван для https://httpbin.org/status/200?seq=825
2026-08-05 01:22:58 - crawler - WARNING - Домен httpbin.org временно заблокирован Circuit Breaker
2026-08-05 01:22:58 - crawler - ERROR - Ошибка при обработке https://httpbin.org/status/200?seq=825: CircuitBreakerOpenError - Домен httpbin.org заблокирован
2026-08-05 01:22:58 - crawler - INFO - fetch_url_with_meta вызван для https://httpbin.org/status/404?seq=826
2026-08-05 01:22:58 - crawler - WARNING - Домен httpbin.org временно заблокирован Circuit Breaker
2026-08-05 01:22:58 - crawler - ERROR - Ошибка при обработке https://httpbin.org/status/404?seq=826: CircuitBreakerOpenError - Домен httpbin.org заблокирован
2026-08-05 01:22:58 - crawler - INFO - fetch_url_with_meta вызван для https://httpbin.org/status/500?seq=827
2026-08-05 01:22:58 - crawler - WARNING - Домен httpbin.org временно заблокирован Circuit Breaker
2026-08-05 01:22:58 - crawler - ERROR - Ошибка при обработке https://httpbin.org/status/500?seq=827: CircuitBreakerOpenError - Домен httpbin.org заблокирован
2026-08-05 01:22:58 - crawler - INFO - fetch_url_with_meta вызван для https://httpbin.org/status/503?seq=828
2026-08-05 01:22:58 - crawler - WARNING - Домен httpbin.org временно заблокирован Circuit Breaker
2026-08-05 01:22:58 - crawler - ERROR - Ошибка при обработке https://httpbin.org/status/503?seq=828: CircuitBreakerOpenError - Домен httpbin.org заблокирован
2026-08-05 01:22:58 - crawler - INFO - fetch_url_with_meta вызван для https://httpbin.org/status/429?seq=829
2026-08-05 01:22:58 - crawler - WARNING - Домен httpbin.org временно заблокирован Circuit Breaker
2026-08-05 01:22:58 - crawler - ERROR - Ошибка при обработке https://httpbin.org/status/429?seq=829: CircuitBreakerOpenError - Домен httpbin.org заблокирован
2026-08-05 01:22:58 - crawler - INFO - fetch_url_with_meta вызван для https://httpbin.org/get?seq=830
2026-08-05 01:22:58 - crawler - WARNING - Домен httpbin.org временно заблокирован Circuit Breaker
2026-08-05 01:22:58 - crawler - ERROR - Ошибка при обработке https://httpbin.org/get?seq=830: CircuitBreakerOpenError - Домен httpbin.org заблокирован
2026-08-05 01:22:58 - crawler - INFO - fetch_url_with_meta вызван для https://httpbin.org/delay/1?seq=831
2026-08-05 01:22:58 - crawler - WARNING - Домен httpbin.org временно заблокирован Circuit Breaker
2026-08-05 01:22:58 - crawler - ERROR - Ошибка при обработке https://httpbin.org/delay/1?seq=831: CircuitBreakerOpenError - Домен httpbin.org заблокирован
2026-08-05 01:22:58 - crawler - INFO - fetch_url_with_meta вызван для https://httpbin.org/delay/2?seq=832
2026-08-05 01:22:58 - crawler - WARNING - Домен httpbin.org временно заблокирован Circuit Breaker
2026-08-05 01:22:58 - crawler - ERROR - Ошибка при обработке https://httpbin.org/delay/2?seq=832: CircuitBreakerOpenError - Домен httpbin.org заблокирован
2026-08-05 01:22:58 - crawler - INFO - fetch_url_with_meta вызван для https://httpbin.org/html?seq=833
2026-08-05 01:22:58 - crawler - WARNING - Домен httpbin.org временно заблокирован Circuit Breaker
2026-08-05 01:22:58 - crawler - ERROR - Ошибка при обработке https://httpbin.org/html?seq=833: CircuitBreakerOpenError - Домен httpbin.org заблокирован
2026-08-05 01:22:58 - crawler - INFO - fetch_url_with_meta вызван для https://httpbin.org/forms/post?seq=834
2026-08-05 01:22:58 - crawler - WARNING - Домен httpbin.org временно заблокирован Circuit Breaker
2026-08-05 01:22:58 - crawler - ERROR - Ошибка при обработке https://httpbin.org/forms/post?seq=834: CircuitBreakerOpenError - Домен httpbin.org заблокирован
2026-08-05 01:22:58 - crawler - INFO - fetch_url_with_meta вызван для https://httpbin.org/bytes/1024?seq=835
2026-08-05 01:22:58 - crawler - WARNING - Домен httpbin.org временно заблокирован Circuit Breaker
2026-08-05 01:22:58 - crawler - ERROR - Ошибка при обработке https://httpbin.org/bytes/1024?seq=835: CircuitBreakerOpenError - Домен httpbin.org заблокирован
2026-08-05 01:22:58 - crawler - INFO - fetch_url_with_meta вызван для https://httpbin.org/status/200?seq=836
2026-08-05 01:22:58 - crawler - WARNING - Домен httpbin.org временно заблокирован Circuit Breaker
2026-08-05 01:22:58 - crawler - ERROR - Ошибка при обработке https://httpbin.org/status/200?seq=836: CircuitBreakerOpenError - Домен httpbin.org заблокирован
2026-08-05 01:22:58 - crawler - INFO - fetch_url_with_meta вызван для https://httpbin.org/status/404?seq=837
2026-08-05 01:22:58 - crawler - WARNING - Домен httpbin.org временно заблокирован Circuit Breaker
2026-08-05 01:22:58 - crawler - ERROR - Ошибка при обработке https://httpbin.org/status/404?seq=837: CircuitBreakerOpenError - Домен httpbin.org заблокирован
2026-08-05 01:22:58 - crawler - INFO - fetch_url_with_meta вызван для https://httpbin.org/status/500?seq=838
2026-08-05 01:22:58 - crawler - WARNING - Домен httpbin.org временно заблокирован Circuit Breaker
2026-08-05 01:22:58 - crawler - ERROR - Ошибка при обработке https://httpbin.org/status/500?seq=838: CircuitBreakerOpenError - Домен httpbin.org заблокирован
2026-08-05 01:22:58 - crawler - INFO - fetch_url_with_meta вызван для https://httpbin.org/status/503?seq=839
2026-08-05 01:22:58 - crawler - WARNING - Домен httpbin.org временно заблокирован Circuit Breaker
2026-08-05 01:22:58 - crawler - ERROR - Ошибка при обработке https://httpbin.org/status/503?seq=839: CircuitBreakerOpenError - Домен httpbin.org заблокирован
2026-08-05 01:22:58 - crawler - INFO - fetch_url_with_meta вызван для https://httpbin.org/status/429?seq=840
2026-08-05 01:22:58 - crawler - WARNING - Домен httpbin.org временно заблокирован Circuit Breaker
2026-08-05 01:22:58 - crawler - ERROR - Ошибка при обработке https://httpbin.org/status/429?seq=840: CircuitBreakerOpenError - Домен httpbin.org заблокирован
2026-08-05 01:22:58 - crawler - INFO - fetch_url_with_meta вызван для https://httpbin.org/get?seq=841
2026-08-05 01:22:58 - crawler - WARNING - Домен httpbin.org временно заблокирован Circuit Breaker
2026-08-05 01:22:58 - crawler - ERROR - Ошибка при обработке https://httpbin.org/get?seq=841: CircuitBreakerOpenError - Домен httpbin.org заблокирован
2026-08-05 01:22:58 - crawler - INFO - fetch_url_with_meta вызван для https://httpbin.org/delay/1?seq=842
2026-08-05 01:22:58 - crawler - WARNING - Домен httpbin.org временно заблокирован Circuit Breaker
2026-08-05 01:22:58 - crawler - ERROR - Ошибка при обработке https://httpbin.org/delay/1?seq=842: CircuitBreakerOpenError - Домен httpbin.org заблокирован
2026-08-05 01:22:58 - crawler - INFO - fetch_url_with_meta вызван для https://httpbin.org/delay/2?seq=843
2026-08-05 01:22:58 - crawler - WARNING - Домен httpbin.org временно заблокирован Circuit Breaker
2026-08-05 01:22:58 - crawler - ERROR - Ошибка при обработке https://httpbin.org/delay/2?seq=843: CircuitBreakerOpenError - Домен httpbin.org заблокирован
2026-08-05 01:22:58 - crawler - INFO - fetch_url_with_meta вызван для https://httpbin.org/html?seq=844
2026-08-05 01:22:58 - crawler - WARNING - Домен httpbin.org временно заблокирован Circuit Breaker
2026-08-05 01:22:58 - crawler - ERROR - Ошибка при обработке https://httpbin.org/html?seq=844: CircuitBreakerOpenError - Домен httpbin.org заблокирован
2026-08-05 01:22:58 - crawler - INFO - fetch_url_with_meta вызван для https://httpbin.org/forms/post?seq=845
2026-08-05 01:22:58 - crawler - WARNING - Домен httpbin.org временно заблокирован Circuit Breaker
2026-08-05 01:22:58 - crawler - ERROR - Ошибка при обработке https://httpbin.org/forms/post?seq=845: CircuitBreakerOpenError - Домен httpbin.org заблокирован
2026-08-05 01:22:58 - crawler - INFO - fetch_url_with_meta вызван для https://httpbin.org/bytes/1024?seq=846
2026-08-05 01:22:58 - crawler - WARNING - Домен httpbin.org временно заблокирован Circuit Breaker
2026-08-05 01:22:58 - crawler - ERROR - Ошибка при обработке https://httpbin.org/bytes/1024?seq=846: CircuitBreakerOpenError - Домен httpbin.org заблокирован
2026-08-05 01:22:58 - crawler - INFO - fetch_url_with_meta вызван для https://httpbin.org/status/200?seq=847
2026-08-05 01:22:58 - crawler - WARNING - Домен httpbin.org временно заблокирован Circuit Breaker
2026-08-05 01:22:58 - crawler - ERROR - Ошибка при обработке https://httpbin.org/status/200?seq=847: CircuitBreakerOpenError - Домен httpbin.org заблокирован
2026-08-05 01:22:58 - crawler - INFO - fetch_url_with_meta вызван для https://httpbin.org/status/404?seq=848
2026-08-05 01:22:58 - crawler - WARNING - Домен httpbin.org временно заблокирован Circuit Breaker
2026-08-05 01:22:58 - crawler - ERROR - Ошибка при обработке https://httpbin.org/status/404?seq=848: CircuitBreakerOpenError - Домен httpbin.org заблокирован
2026-08-05 01:22:58 - crawler - INFO - fetch_url_with_meta вызван для https://httpbin.org/status/500?seq=849
2026-08-05 01:22:58 - crawler - WARNING - Домен httpbin.org временно заблокирован Circuit Breaker
2026-08-05 01:22:58 - crawler - ERROR - Ошибка при обработке https://httpbin.org/status/500?seq=849: CircuitBreakerOpenError - Домен httpbin.org заблокирован
2026-08-05 01:22:58 - crawler - INFO - fetch_url_with_meta вызван для https://httpbin.org/status/503?seq=850
2026-08-05 01:22:58 - crawler - WARNING - Домен httpbin.org временно заблокирован Circuit Breaker
2026-08-05 01:22:58 - crawler - ERROR - Ошибка при обработке https://httpbin.org/status/503?seq=850: CircuitBreakerOpenError - Домен httpbin.org заблокирован
2026-08-05 01:22:58 - crawler - INFO - fetch_url_with_meta вызван для https://httpbin.org/status/429?seq=851
2026-08-05 01:22:58 - crawler - WARNING - Домен httpbin.org временно заблокирован Circuit Breaker
2026-08-05 01:22:58 - crawler - ERROR - Ошибка при обработке https://httpbin.org/status/429?seq=851: CircuitBreakerOpenError - Домен httpbin.org заблокирован
2026-08-05 01:22:58 - crawler - INFO - fetch_url_with_meta вызван для https://httpbin.org/get?seq=852
2026-08-05 01:22:58 - crawler - WARNING - Домен httpbin.org временно заблокирован Circuit Breaker
2026-08-05 01:22:58 - crawler - ERROR - Ошибка при обработке https://httpbin.org/get?seq=852: CircuitBreakerOpenError - Домен httpbin.org заблокирован
2026-08-05 01:22:58 - crawler - INFO - fetch_url_with_meta вызван для https://httpbin.org/delay/1?seq=853
2026-08-05 01:22:58 - crawler - WARNING - Домен httpbin.org временно заблокирован Circuit Breaker
2026-08-05 01:22:58 - crawler - ERROR - Ошибка при обработке https://httpbin.org/delay/1?seq=853: CircuitBreakerOpenError - Домен httpbin.org заблокирован
2026-08-05 01:22:58 - crawler - INFO - fetch_url_with_meta вызван для https://httpbin.org/delay/2?seq=854
2026-08-05 01:22:58 - crawler - WARNING - Домен httpbin.org временно заблокирован Circuit Breaker
2026-08-05 01:22:58 - crawler - ERROR - Ошибка при обработке https://httpbin.org/delay/2?seq=854: CircuitBreakerOpenError - Домен httpbin.org заблокирован
2026-08-05 01:22:58 - crawler - INFO - fetch_url_with_meta вызван для https://httpbin.org/html?seq=855
2026-08-05 01:22:58 - crawler - WARNING - Домен httpbin.org временно заблокирован Circuit Breaker
2026-08-05 01:22:58 - crawler - ERROR - Ошибка при обработке https://httpbin.org/html?seq=855: CircuitBreakerOpenError - Домен httpbin.org заблокирован
2026-08-05 01:22:58 - crawler - INFO - fetch_url_with_meta вызван для https://httpbin.org/forms/post?seq=856
2026-08-05 01:22:58 - crawler - WARNING - Домен httpbin.org временно заблокирован Circuit Breaker
2026-08-05 01:22:58 - crawler - ERROR - Ошибка при обработке https://httpbin.org/forms/post?seq=856: CircuitBreakerOpenError - Домен httpbin.org заблокирован
2026-08-05 01:22:58 - crawler - INFO - fetch_url_with_meta вызван для https://httpbin.org/bytes/1024?seq=857
2026-08-05 01:22:58 - crawler - WARNING - Домен httpbin.org временно заблокирован Circuit Breaker
2026-08-05 01:22:58 - crawler - ERROR - Ошибка при обработке https://httpbin.org/bytes/1024?seq=857: CircuitBreakerOpenError - Домен httpbin.org заблокирован
2026-08-05 01:22:58 - crawler - INFO - fetch_url_with_meta вызван для https://httpbin.org/status/200?seq=858
2026-08-05 01:22:58 - crawler - WARNING - Домен httpbin.org временно заблокирован Circuit Breaker
2026-08-05 01:22:58 - crawler - ERROR - Ошибка при обработке https://httpbin.org/status/200?seq=858: CircuitBreakerOpenError - Домен httpbin.org заблокирован
2026-08-05 01:22:58 - crawler - INFO - fetch_url_with_meta вызван для https://httpbin.org/status/404?seq=859
2026-08-05 01:22:58 - crawler - WARNING - Домен httpbin.org временно заблокирован Circuit Breaker
2026-08-05 01:22:58 - crawler - ERROR - Ошибка при обработке https://httpbin.org/status/404?seq=859: CircuitBreakerOpenError - Домен httpbin.org заблокирован
2026-08-05 01:22:58 - crawler - INFO - fetch_url_with_meta вызван для https://httpbin.org/status/500?seq=860
2026-08-05 01:22:58 - crawler - WARNING - Домен httpbin.org временно заблокирован Circuit Breaker
2026-08-05 01:22:58 - crawler - ERROR - Ошибка при обработке https://httpbin.org/status/500?seq=860: CircuitBreakerOpenError - Домен httpbin.org заблокирован
2026-08-05 01:22:58 - crawler - INFO - fetch_url_with_meta вызван для https://httpbin.org/status/503?seq=861
2026-08-05 01:22:58 - crawler - WARNING - Домен httpbin.org временно заблокирован Circuit Breaker
2026-08-05 01:22:58 - crawler - ERROR - Ошибка при обработке https://httpbin.org/status/503?seq=861: CircuitBreakerOpenError - Домен httpbin.org заблокирован
2026-08-05 01:22:58 - crawler - INFO - fetch_url_with_meta вызван для https://httpbin.org/status/429?seq=862
2026-08-05 01:22:58 - crawler - WARNING - Домен httpbin.org временно заблокирован Circuit Breaker
2026-08-05 01:22:58 - crawler - ERROR - Ошибка при обработке https://httpbin.org/status/429?seq=862: CircuitBreakerOpenError - Домен httpbin.org заблокирован
2026-08-05 01:22:58 - crawler - INFO - fetch_url_with_meta вызван для https://httpbin.org/get?seq=863
2026-08-05 01:22:58 - crawler - WARNING - Домен httpbin.org временно заблокирован Circuit Breaker
2026-08-05 01:22:58 - crawler - ERROR - Ошибка при обработке https://httpbin.org/get?seq=863: CircuitBreakerOpenError - Домен httpbin.org заблокирован
2026-08-05 01:22:58 - crawler - INFO - fetch_url_with_meta вызван для https://httpbin.org/delay/1?seq=864
2026-08-05 01:22:58 - crawler - WARNING - Домен httpbin.org временно заблокирован Circuit Breaker
2026-08-05 01:22:58 - crawler - ERROR - Ошибка при обработке https://httpbin.org/delay/1?seq=864: CircuitBreakerOpenError - Домен httpbin.org заблокирован
2026-08-05 01:22:58 - crawler - INFO - fetch_url_with_meta вызван для https://httpbin.org/delay/2?seq=865
2026-08-05 01:22:58 - crawler - WARNING - Домен httpbin.org временно заблокирован Circuit Breaker
2026-08-05 01:22:58 - crawler - ERROR - Ошибка при обработке https://httpbin.org/delay/2?seq=865: CircuitBreakerOpenError - Домен httpbin.org заблокирован
2026-08-05 01:22:58 - crawler - INFO - fetch_url_with_meta вызван для https://httpbin.org/html?seq=866
2026-08-05 01:22:58 - crawler - WARNING - Домен httpbin.org временно заблокирован Circuit Breaker
2026-08-05 01:22:58 - crawler - ERROR - Ошибка при обработке https://httpbin.org/html?seq=866: CircuitBreakerOpenError - Домен httpbin.org заблокирован
2026-08-05 01:22:58 - crawler - INFO - fetch_url_with_meta вызван для https://httpbin.org/forms/post?seq=867
2026-08-05 01:22:58 - crawler - WARNING - Домен httpbin.org временно заблокирован Circuit Breaker
2026-08-05 01:22:58 - crawler - ERROR - Ошибка при обработке https://httpbin.org/forms/post?seq=867: CircuitBreakerOpenError - Домен httpbin.org заблокирован
2026-08-05 01:22:58 - crawler - INFO - fetch_url_with_meta вызван для https://httpbin.org/bytes/1024?seq=868
2026-08-05 01:22:58 - crawler - WARNING - Домен httpbin.org временно заблокирован Circuit Breaker
2026-08-05 01:22:58 - crawler - ERROR - Ошибка при обработке https://httpbin.org/bytes/1024?seq=868: CircuitBreakerOpenError - Домен httpbin.org заблокирован
2026-08-05 01:22:58 - crawler - INFO - fetch_url_with_meta вызван для https://httpbin.org/status/200?seq=869
2026-08-05 01:22:58 - crawler - WARNING - Домен httpbin.org временно заблокирован Circuit Breaker
2026-08-05 01:22:58 - crawler - ERROR - Ошибка при обработке https://httpbin.org/status/200?seq=869: CircuitBreakerOpenError - Домен httpbin.org заблокирован
2026-08-05 01:22:58 - crawler - INFO - fetch_url_with_meta вызван для https://httpbin.org/status/404?seq=870
2026-08-05 01:22:58 - crawler - WARNING - Домен httpbin.org временно заблокирован Circuit Breaker
2026-08-05 01:22:58 - crawler - ERROR - Ошибка при обработке https://httpbin.org/status/404?seq=870: CircuitBreakerOpenError - Домен httpbin.org заблокирован
2026-08-05 01:22:58 - crawler - INFO - fetch_url_with_meta вызван для https://httpbin.org/status/500?seq=871
2026-08-05 01:22:58 - crawler - WARNING - Домен httpbin.org временно заблокирован Circuit Breaker
2026-08-05 01:22:58 - crawler - ERROR - Ошибка при обработке https://httpbin.org/status/500?seq=871: CircuitBreakerOpenError - Домен httpbin.org заблокирован
2026-08-05 01:22:58 - crawler - INFO - fetch_url_with_meta вызван для https://httpbin.org/status/503?seq=872
2026-08-05 01:22:58 - crawler - WARNING - Домен httpbin.org временно заблокирован Circuit Breaker
2026-08-05 01:22:58 - crawler - ERROR - Ошибка при обработке https://httpbin.org/status/503?seq=872: CircuitBreakerOpenError - Домен httpbin.org заблокирован
2026-08-05 01:22:58 - crawler - INFO - fetch_url_with_meta вызван для https://httpbin.org/status/429?seq=873
2026-08-05 01:22:58 - crawler - WARNING - Домен httpbin.org временно заблокирован Circuit Breaker
2026-08-05 01:22:58 - crawler - ERROR - Ошибка при обработке https://httpbin.org/status/429?seq=873: CircuitBreakerOpenError - Домен httpbin.org заблокирован
2026-08-05 01:22:58 - crawler - INFO - fetch_url_with_meta вызван для https://httpbin.org/get?seq=874
2026-08-05 01:22:58 - crawler - WARNING - Домен httpbin.org временно заблокирован Circuit Breaker
2026-08-05 01:22:58 - crawler - ERROR - Ошибка при обработке https://httpbin.org/get?seq=874: CircuitBreakerOpenError - Домен httpbin.org заблокирован
2026-08-05 01:22:58 - crawler - INFO - fetch_url_with_meta вызван для https://httpbin.org/delay/1?seq=875
2026-08-05 01:22:58 - crawler - WARNING - Домен httpbin.org временно заблокирован Circuit Breaker
2026-08-05 01:22:58 - crawler - ERROR - Ошибка при обработке https://httpbin.org/delay/1?seq=875: CircuitBreakerOpenError - Домен httpbin.org заблокирован
2026-08-05 01:22:58 - crawler - INFO - fetch_url_with_meta вызван для https://httpbin.org/delay/2?seq=876
2026-08-05 01:22:58 - crawler - WARNING - Домен httpbin.org временно заблокирован Circuit Breaker
2026-08-05 01:22:58 - crawler - ERROR - Ошибка при обработке https://httpbin.org/delay/2?seq=876: CircuitBreakerOpenError - Домен httpbin.org заблокирован
2026-08-05 01:22:58 - crawler - INFO - fetch_url_with_meta вызван для https://httpbin.org/html?seq=877
2026-08-05 01:22:58 - crawler - WARNING - Домен httpbin.org временно заблокирован Circuit Breaker
2026-08-05 01:22:58 - crawler - ERROR - Ошибка при обработке https://httpbin.org/html?seq=877: CircuitBreakerOpenError - Домен httpbin.org заблокирован
2026-08-05 01:22:58 - crawler - INFO - fetch_url_with_meta вызван для https://httpbin.org/forms/post?seq=878
2026-08-05 01:22:58 - crawler - WARNING - Домен httpbin.org временно заблокирован Circuit Breaker
2026-08-05 01:22:58 - crawler - ERROR - Ошибка при обработке https://httpbin.org/forms/post?seq=878: CircuitBreakerOpenError - Домен httpbin.org заблокирован
2026-08-05 01:22:58 - crawler - INFO - fetch_url_with_meta вызван для https://httpbin.org/bytes/1024?seq=879
2026-08-05 01:22:58 - crawler - WARNING - Домен httpbin.org временно заблокирован Circuit Breaker
2026-08-05 01:22:58 - crawler - ERROR - Ошибка при обработке https://httpbin.org/bytes/1024?seq=879: CircuitBreakerOpenError - Домен httpbin.org заблокирован
2026-08-05 01:22:58 - crawler - INFO - fetch_url_with_meta вызван для https://httpbin.org/status/200?seq=880
2026-08-05 01:22:58 - crawler - WARNING - Домен httpbin.org временно заблокирован Circuit Breaker
2026-08-05 01:22:58 - crawler - ERROR - Ошибка при обработке https://httpbin.org/status/200?seq=880: CircuitBreakerOpenError - Домен httpbin.org заблокирован
2026-08-05 01:22:58 - crawler - INFO - fetch_url_with_meta вызван для https://httpbin.org/status/404?seq=881
2026-08-05 01:22:58 - crawler - WARNING - Домен httpbin.org временно заблокирован Circuit Breaker
2026-08-05 01:22:58 - crawler - ERROR - Ошибка при обработке https://httpbin.org/status/404?seq=881: CircuitBreakerOpenError - Домен httpbin.org заблокирован
2026-08-05 01:22:58 - crawler - INFO - fetch_url_with_meta вызван для https://httpbin.org/status/500?seq=882
2026-08-05 01:22:58 - crawler - WARNING - Домен httpbin.org временно заблокирован Circuit Breaker
2026-08-05 01:22:58 - crawler - ERROR - Ошибка при обработке https://httpbin.org/status/500?seq=882: CircuitBreakerOpenError - Домен httpbin.org заблокирован
2026-08-05 01:22:58 - crawler - INFO - fetch_url_with_meta вызван для https://httpbin.org/status/503?seq=883
2026-08-05 01:22:58 - crawler - WARNING - Домен httpbin.org временно заблокирован Circuit Breaker
2026-08-05 01:22:58 - crawler - ERROR - Ошибка при обработке https://httpbin.org/status/503?seq=883: CircuitBreakerOpenError - Домен httpbin.org заблокирован
2026-08-05 01:22:58 - crawler - INFO - fetch_url_with_meta вызван для https://httpbin.org/status/429?seq=884
2026-08-05 01:22:58 - crawler - WARNING - Домен httpbin.org временно заблокирован Circuit Breaker
2026-08-05 01:22:58 - crawler - ERROR - Ошибка при обработке https://httpbin.org/status/429?seq=884: CircuitBreakerOpenError - Домен httpbin.org заблокирован
2026-08-05 01:22:58 - crawler - INFO - fetch_url_with_meta вызван для https://httpbin.org/get?seq=885
2026-08-05 01:22:58 - crawler - WARNING - Домен httpbin.org временно заблокирован Circuit Breaker
2026-08-05 01:22:58 - crawler - ERROR - Ошибка при обработке https://httpbin.org/get?seq=885: CircuitBreakerOpenError - Домен httpbin.org заблокирован
2026-08-05 01:22:58 - crawler - INFO - fetch_url_with_meta вызван для https://httpbin.org/delay/1?seq=886
2026-08-05 01:22:58 - crawler - WARNING - Домен httpbin.org временно заблокирован Circuit Breaker
2026-08-05 01:22:58 - crawler - ERROR - Ошибка при обработке https://httpbin.org/delay/1?seq=886: CircuitBreakerOpenError - Домен httpbin.org заблокирован
2026-08-05 01:22:58 - crawler - INFO - fetch_url_with_meta вызван для https://httpbin.org/delay/2?seq=887
2026-08-05 01:22:58 - crawler - WARNING - Домен httpbin.org временно заблокирован Circuit Breaker
2026-08-05 01:22:58 - crawler - ERROR - Ошибка при обработке https://httpbin.org/delay/2?seq=887: CircuitBreakerOpenError - Домен httpbin.org заблокирован
2026-08-05 01:22:58 - crawler - INFO - fetch_url_with_meta вызван для https://httpbin.org/html?seq=888
2026-08-05 01:22:59 - crawler - WARNING - Домен httpbin.org временно заблокирован Circuit Breaker
2026-08-05 01:22:59 - crawler - ERROR - Ошибка при обработке https://httpbin.org/html?seq=888: CircuitBreakerOpenError - Домен httpbin.org заблокирован
2026-08-05 01:22:59 - crawler - INFO - fetch_url_with_meta вызван для https://httpbin.org/forms/post?seq=889
2026-08-05 01:22:59 - crawler - WARNING - Домен httpbin.org временно заблокирован Circuit Breaker
2026-08-05 01:22:59 - crawler - ERROR - Ошибка при обработке https://httpbin.org/forms/post?seq=889: CircuitBreakerOpenError - Домен httpbin.org заблокирован
2026-08-05 01:22:59 - crawler - INFO - fetch_url_with_meta вызван для https://httpbin.org/bytes/1024?seq=890
2026-08-05 01:22:59 - crawler - WARNING - Домен httpbin.org временно заблокирован Circuit Breaker
2026-08-05 01:22:59 - crawler - ERROR - Ошибка при обработке https://httpbin.org/bytes/1024?seq=890: CircuitBreakerOpenError - Домен httpbin.org заблокирован
2026-08-05 01:22:59 - crawler - INFO - fetch_url_with_meta вызван для https://httpbin.org/status/200?seq=891
2026-08-05 01:22:59 - crawler - WARNING - Домен httpbin.org временно заблокирован Circuit Breaker
2026-08-05 01:22:59 - crawler - ERROR - Ошибка при обработке https://httpbin.org/status/200?seq=891: CircuitBreakerOpenError - Домен httpbin.org заблокирован
2026-08-05 01:22:59 - crawler - INFO - fetch_url_with_meta вызван для https://httpbin.org/status/404?seq=892
2026-08-05 01:22:59 - crawler - WARNING - Домен httpbin.org временно заблокирован Circuit Breaker
2026-08-05 01:22:59 - crawler - ERROR - Ошибка при обработке https://httpbin.org/status/404?seq=892: CircuitBreakerOpenError - Домен httpbin.org заблокирован
2026-08-05 01:22:59 - crawler - INFO - fetch_url_with_meta вызван для https://httpbin.org/status/500?seq=893
2026-08-05 01:22:59 - crawler - WARNING - Домен httpbin.org временно заблокирован Circuit Breaker
2026-08-05 01:22:59 - crawler - ERROR - Ошибка при обработке https://httpbin.org/status/500?seq=893: CircuitBreakerOpenError - Домен httpbin.org заблокирован
2026-08-05 01:22:59 - crawler - INFO - fetch_url_with_meta вызван для https://httpbin.org/status/503?seq=894
2026-08-05 01:22:59 - crawler - WARNING - Домен httpbin.org временно заблокирован Circuit Breaker
2026-08-05 01:22:59 - crawler - ERROR - Ошибка при обработке https://httpbin.org/status/503?seq=894: CircuitBreakerOpenError - Домен httpbin.org заблокирован
2026-08-05 01:22:59 - crawler - INFO - fetch_url_with_meta вызван для https://httpbin.org/status/429?seq=895
2026-08-05 01:22:59 - crawler - WARNING - Домен httpbin.org временно заблокирован Circuit Breaker
2026-08-05 01:22:59 - crawler - ERROR - Ошибка при обработке https://httpbin.org/status/429?seq=895: CircuitBreakerOpenError - Домен httpbin.org заблокирован
2026-08-05 01:22:59 - crawler - INFO - fetch_url_with_meta вызван для https://httpbin.org/get?seq=896
2026-08-05 01:22:59 - crawler - WARNING - Домен httpbin.org временно заблокирован Circuit Breaker
2026-08-05 01:22:59 - crawler - ERROR - Ошибка при обработке https://httpbin.org/get?seq=896: CircuitBreakerOpenError - Домен httpbin.org заблокирован
2026-08-05 01:22:59 - crawler - INFO - fetch_url_with_meta вызван для https://httpbin.org/delay/1?seq=897
2026-08-05 01:22:59 - crawler - WARNING - Домен httpbin.org временно заблокирован Circuit Breaker
2026-08-05 01:22:59 - crawler - ERROR - Ошибка при обработке https://httpbin.org/delay/1?seq=897: CircuitBreakerOpenError - Домен httpbin.org заблокирован
2026-08-05 01:22:59 - crawler - INFO - fetch_url_with_meta вызван для https://httpbin.org/delay/2?seq=898
2026-08-05 01:22:59 - crawler - WARNING - Домен httpbin.org временно заблокирован Circuit Breaker
2026-08-05 01:22:59 - crawler - ERROR - Ошибка при обработке https://httpbin.org/delay/2?seq=898: CircuitBreakerOpenError - Домен httpbin.org заблокирован
2026-08-05 01:22:59 - crawler - INFO - fetch_url_with_meta вызван для https://httpbin.org/html?seq=899
2026-08-05 01:22:59 - crawler - WARNING - Домен httpbin.org временно заблокирован Circuit Breaker
2026-08-05 01:22:59 - crawler - ERROR - Ошибка при обработке https://httpbin.org/html?seq=899: CircuitBreakerOpenError - Домен httpbin.org заблокирован
2026-08-05 01:22:59 - crawler - INFO - fetch_url_with_meta вызван для https://httpbin.org/forms/post?seq=900
2026-08-05 01:22:59 - crawler - WARNING - Домен httpbin.org временно заблокирован Circuit Breaker
2026-08-05 01:22:59 - crawler - ERROR - Ошибка при обработке https://httpbin.org/forms/post?seq=900: CircuitBreakerOpenError - Домен httpbin.org заблокирован
2026-08-05 01:22:59 - crawler - INFO - fetch_url_with_meta вызван для https://httpbin.org/bytes/1024?seq=901
2026-08-05 01:22:59 - crawler - WARNING - Домен httpbin.org временно заблокирован Circuit Breaker
2026-08-05 01:22:59 - crawler - ERROR - Ошибка при обработке https://httpbin.org/bytes/1024?seq=901: CircuitBreakerOpenError - Домен httpbin.org заблокирован
2026-08-05 01:22:59 - crawler - INFO - fetch_url_with_meta вызван для https://httpbin.org/status/200?seq=902
2026-08-05 01:22:59 - crawler - WARNING - Домен httpbin.org временно заблокирован Circuit Breaker
2026-08-05 01:22:59 - crawler - ERROR - Ошибка при обработке https://httpbin.org/status/200?seq=902: CircuitBreakerOpenError - Домен httpbin.org заблокирован
2026-08-05 01:22:59 - crawler - INFO - fetch_url_with_meta вызван для https://httpbin.org/status/404?seq=903
2026-08-05 01:22:59 - crawler - WARNING - Домен httpbin.org временно заблокирован Circuit Breaker
2026-08-05 01:22:59 - crawler - ERROR - Ошибка при обработке https://httpbin.org/status/404?seq=903: CircuitBreakerOpenError - Домен httpbin.org заблокирован
2026-08-05 01:22:59 - retry_strategy - WARNING - Попытка 1 не удалась (Timeout: Timeout on reading data from socket). Повтор через 2.00 сек.
2026-08-05 01:22:59 - crawler - INFO - fetch_url_with_meta вызван для https://httpbin.org/status/500?seq=904
2026-08-05 01:22:59 - crawler - WARNING - Домен httpbin.org временно заблокирован Circuit Breaker
2026-08-05 01:22:59 - crawler - ERROR - Ошибка при обработке https://httpbin.org/status/500?seq=904: CircuitBreakerOpenError - Домен httpbin.org заблокирован
2026-08-05 01:22:59 - crawler - INFO - fetch_url_with_meta вызван для https://httpbin.org/status/503?seq=905
2026-08-05 01:22:59 - crawler - WARNING - Домен httpbin.org временно заблокирован Circuit Breaker
2026-08-05 01:22:59 - crawler - ERROR - Ошибка при обработке https://httpbin.org/status/503?seq=905: CircuitBreakerOpenError - Домен httpbin.org заблокирован
2026-08-05 01:22:59 - crawler - INFO - fetch_url_with_meta вызван для https://httpbin.org/status/429?seq=906
2026-08-05 01:22:59 - crawler - WARNING - Домен httpbin.org временно заблокирован Circuit Breaker
2026-08-05 01:22:59 - crawler - ERROR - Ошибка при обработке https://httpbin.org/status/429?seq=906: CircuitBreakerOpenError - Домен httpbin.org заблокирован
2026-08-05 01:22:59 - crawler - INFO - fetch_url_with_meta вызван для https://httpbin.org/get?seq=907
2026-08-05 01:22:59 - crawler - WARNING - Домен httpbin.org временно заблокирован Circuit Breaker
2026-08-05 01:22:59 - crawler - ERROR - Ошибка при обработке https://httpbin.org/get?seq=907: CircuitBreakerOpenError - Домен httpbin.org заблокирован
2026-08-05 01:22:59 - crawler - INFO - fetch_url_with_meta вызван для https://httpbin.org/delay/1?seq=908
2026-08-05 01:22:59 - crawler - WARNING - Домен httpbin.org временно заблокирован Circuit Breaker
2026-08-05 01:22:59 - crawler - ERROR - Ошибка при обработке https://httpbin.org/delay/1?seq=908: CircuitBreakerOpenError - Домен httpbin.org заблокирован
2026-08-05 01:22:59 - crawler - INFO - fetch_url_with_meta вызван для https://httpbin.org/delay/2?seq=909
2026-08-05 01:22:59 - crawler - WARNING - Домен httpbin.org временно заблокирован Circuit Breaker
2026-08-05 01:22:59 - crawler - ERROR - Ошибка при обработке https://httpbin.org/delay/2?seq=909: CircuitBreakerOpenError - Домен httpbin.org заблокирован
2026-08-05 01:22:59 - crawler - INFO - fetch_url_with_meta вызван для https://httpbin.org/html?seq=910
2026-08-05 01:22:59 - crawler - WARNING - Домен httpbin.org временно заблокирован Circuit Breaker
2026-08-05 01:22:59 - crawler - ERROR - Ошибка при обработке https://httpbin.org/html?seq=910: CircuitBreakerOpenError - Домен httpbin.org заблокирован
2026-08-05 01:22:59 - crawler - INFO - fetch_url_with_meta вызван для https://httpbin.org/forms/post?seq=911
2026-08-05 01:22:59 - crawler - WARNING - Домен httpbin.org временно заблокирован Circuit Breaker
2026-08-05 01:22:59 - crawler - ERROR - Ошибка при обработке https://httpbin.org/forms/post?seq=911: CircuitBreakerOpenError - Домен httpbin.org заблокирован
2026-08-05 01:22:59 - crawler - INFO - fetch_url_with_meta вызван для https://httpbin.org/bytes/1024?seq=912
2026-08-05 01:22:59 - crawler - WARNING - Домен httpbin.org временно заблокирован Circuit Breaker
2026-08-05 01:22:59 - crawler - ERROR - Ошибка при обработке https://httpbin.org/bytes/1024?seq=912: CircuitBreakerOpenError - Домен httpbin.org заблокирован
2026-08-05 01:22:59 - crawler - INFO - fetch_url_with_meta вызван для https://httpbin.org/status/200?seq=913
2026-08-05 01:22:59 - crawler - WARNING - Домен httpbin.org временно заблокирован Circuit Breaker
2026-08-05 01:22:59 - crawler - ERROR - Ошибка при обработке https://httpbin.org/status/200?seq=913: CircuitBreakerOpenError - Домен httpbin.org заблокирован
2026-08-05 01:22:59 - crawler - INFO - fetch_url_with_meta вызван для https://httpbin.org/status/404?seq=914
2026-08-05 01:22:59 - crawler - WARNING - Домен httpbin.org временно заблокирован Circuit Breaker
2026-08-05 01:22:59 - crawler - ERROR - Ошибка при обработке https://httpbin.org/status/404?seq=914: CircuitBreakerOpenError - Домен httpbin.org заблокирован
2026-08-05 01:22:59 - crawler - INFO - fetch_url_with_meta вызван для https://httpbin.org/status/500?seq=915
2026-08-05 01:22:59 - crawler - WARNING - Домен httpbin.org временно заблокирован Circuit Breaker
2026-08-05 01:22:59 - crawler - ERROR - Ошибка при обработке https://httpbin.org/status/500?seq=915: CircuitBreakerOpenError - Домен httpbin.org заблокирован
2026-08-05 01:22:59 - crawler - INFO - fetch_url_with_meta вызван для https://httpbin.org/status/503?seq=916
2026-08-05 01:22:59 - crawler - WARNING - Домен httpbin.org временно заблокирован Circuit Breaker
2026-08-05 01:22:59 - crawler - ERROR - Ошибка при обработке https://httpbin.org/status/503?seq=916: CircuitBreakerOpenError - Домен httpbin.org заблокирован
2026-08-05 01:22:59 - crawler - INFO - fetch_url_with_meta вызван для https://httpbin.org/status/429?seq=917
2026-08-05 01:22:59 - crawler - WARNING - Домен httpbin.org временно заблокирован Circuit Breaker
2026-08-05 01:22:59 - crawler - ERROR - Ошибка при обработке https://httpbin.org/status/429?seq=917: CircuitBreakerOpenError - Домен httpbin.org заблокирован
2026-08-05 01:22:59 - crawler - INFO - fetch_url_with_meta вызван для https://httpbin.org/get?seq=918
2026-08-05 01:22:59 - crawler - WARNING - Домен httpbin.org временно заблокирован Circuit Breaker
2026-08-05 01:22:59 - crawler - ERROR - Ошибка при обработке https://httpbin.org/get?seq=918: CircuitBreakerOpenError - Домен httpbin.org заблокирован
2026-08-05 01:22:59 - crawler - INFO - fetch_url_with_meta вызван для https://httpbin.org/delay/1?seq=919
2026-08-05 01:22:59 - crawler - WARNING - Домен httpbin.org временно заблокирован Circuit Breaker
2026-08-05 01:22:59 - crawler - ERROR - Ошибка при обработке https://httpbin.org/delay/1?seq=919: CircuitBreakerOpenError - Домен httpbin.org заблокирован
2026-08-05 01:22:59 - crawler - INFO - fetch_url_with_meta вызван для https://httpbin.org/delay/2?seq=920
2026-08-05 01:22:59 - crawler - WARNING - Домен httpbin.org временно заблокирован Circuit Breaker
2026-08-05 01:22:59 - crawler - ERROR - Ошибка при обработке https://httpbin.org/delay/2?seq=920: CircuitBreakerOpenError - Домен httpbin.org заблокирован
2026-08-05 01:22:59 - crawler - INFO - fetch_url_with_meta вызван для https://httpbin.org/html?seq=921
2026-08-05 01:22:59 - crawler - WARNING - Домен httpbin.org временно заблокирован Circuit Breaker
2026-08-05 01:22:59 - crawler - ERROR - Ошибка при обработке https://httpbin.org/html?seq=921: CircuitBreakerOpenError - Домен httpbin.org заблокирован
2026-08-05 01:22:59 - crawler - INFO - fetch_url_with_meta вызван для https://httpbin.org/forms/post?seq=922
2026-08-05 01:22:59 - crawler - WARNING - Домен httpbin.org временно заблокирован Circuit Breaker
2026-08-05 01:22:59 - crawler - ERROR - Ошибка при обработке https://httpbin.org/forms/post?seq=922: CircuitBreakerOpenError - Домен httpbin.org заблокирован
2026-08-05 01:22:59 - crawler - INFO - fetch_url_with_meta вызван для https://httpbin.org/bytes/1024?seq=923
2026-08-05 01:22:59 - crawler - WARNING - Домен httpbin.org временно заблокирован Circuit Breaker
2026-08-05 01:22:59 - crawler - ERROR - Ошибка при обработке https://httpbin.org/bytes/1024?seq=923: CircuitBreakerOpenError - Домен httpbin.org заблокирован
2026-08-05 01:22:59 - crawler - INFO - fetch_url_with_meta вызван для https://httpbin.org/status/200?seq=924
2026-08-05 01:22:59 - crawler - WARNING - Домен httpbin.org временно заблокирован Circuit Breaker
2026-08-05 01:22:59 - crawler - ERROR - Ошибка при обработке https://httpbin.org/status/200?seq=924: CircuitBreakerOpenError - Домен httpbin.org заблокирован
2026-08-05 01:22:59 - crawler - INFO - fetch_url_with_meta вызван для https://httpbin.org/status/404?seq=925
2026-08-05 01:22:59 - crawler - WARNING - Домен httpbin.org временно заблокирован Circuit Breaker
2026-08-05 01:22:59 - crawler - ERROR - Ошибка при обработке https://httpbin.org/status/404?seq=925: CircuitBreakerOpenError - Домен httpbin.org заблокирован
2026-08-05 01:22:59 - crawler - INFO - fetch_url_with_meta вызван для https://httpbin.org/status/500?seq=926
2026-08-05 01:22:59 - crawler - WARNING - Домен httpbin.org временно заблокирован Circuit Breaker
2026-08-05 01:22:59 - crawler - ERROR - Ошибка при обработке https://httpbin.org/status/500?seq=926: CircuitBreakerOpenError - Домен httpbin.org заблокирован
2026-08-05 01:22:59 - crawler - INFO - fetch_url_with_meta вызван для https://httpbin.org/status/503?seq=927
2026-08-05 01:22:59 - crawler - WARNING - Домен httpbin.org временно заблокирован Circuit Breaker
2026-08-05 01:22:59 - crawler - ERROR - Ошибка при обработке https://httpbin.org/status/503?seq=927: CircuitBreakerOpenError - Домен httpbin.org заблокирован
2026-08-05 01:22:59 - crawler - INFO - fetch_url_with_meta вызван для https://httpbin.org/status/429?seq=928
2026-08-05 01:22:59 - crawler - WARNING - Домен httpbin.org временно заблокирован Circuit Breaker
2026-08-05 01:22:59 - crawler - ERROR - Ошибка при обработке https://httpbin.org/status/429?seq=928: CircuitBreakerOpenError - Домен httpbin.org заблокирован
2026-08-05 01:22:59 - crawler - INFO - fetch_url_with_meta вызван для https://httpbin.org/get?seq=929
2026-08-05 01:22:59 - crawler - WARNING - Домен httpbin.org временно заблокирован Circuit Breaker
2026-08-05 01:22:59 - crawler - ERROR - Ошибка при обработке https://httpbin.org/get?seq=929: CircuitBreakerOpenError - Домен httpbin.org заблокирован
2026-08-05 01:22:59 - crawler - INFO - fetch_url_with_meta вызван для https://httpbin.org/delay/1?seq=930
2026-08-05 01:22:59 - crawler - WARNING - Домен httpbin.org временно заблокирован Circuit Breaker
2026-08-05 01:22:59 - crawler - ERROR - Ошибка при обработке https://httpbin.org/delay/1?seq=930: CircuitBreakerOpenError - Домен httpbin.org заблокирован
2026-08-05 01:22:59 - crawler - INFO - fetch_url_with_meta вызван для https://httpbin.org/delay/2?seq=931
2026-08-05 01:22:59 - crawler - WARNING - Домен httpbin.org временно заблокирован Circuit Breaker
2026-08-05 01:22:59 - crawler - ERROR - Ошибка при обработке https://httpbin.org/delay/2?seq=931: CircuitBreakerOpenError - Домен httpbin.org заблокирован
2026-08-05 01:22:59 - crawler - INFO - fetch_url_with_meta вызван для https://httpbin.org/html?seq=932
2026-08-05 01:22:59 - crawler - WARNING - Домен httpbin.org временно заблокирован Circuit Breaker
2026-08-05 01:22:59 - crawler - ERROR - Ошибка при обработке https://httpbin.org/html?seq=932: CircuitBreakerOpenError - Домен httpbin.org заблокирован
2026-08-05 01:22:59 - crawler - INFO - fetch_url_with_meta вызван для https://httpbin.org/forms/post?seq=933
2026-08-05 01:22:59 - crawler - WARNING - Домен httpbin.org временно заблокирован Circuit Breaker
2026-08-05 01:22:59 - crawler - ERROR - Ошибка при обработке https://httpbin.org/forms/post?seq=933: CircuitBreakerOpenError - Домен httpbin.org заблокирован
2026-08-05 01:22:59 - crawler - INFO - fetch_url_with_meta вызван для https://httpbin.org/bytes/1024?seq=934
2026-08-05 01:22:59 - crawler - WARNING - Домен httpbin.org временно заблокирован Circuit Breaker
2026-08-05 01:22:59 - crawler - ERROR - Ошибка при обработке https://httpbin.org/bytes/1024?seq=934: CircuitBreakerOpenError - Домен httpbin.org заблокирован
2026-08-05 01:22:59 - crawler - INFO - fetch_url_with_meta вызван для https://httpbin.org/status/200?seq=935
2026-08-05 01:22:59 - crawler - WARNING - Домен httpbin.org временно заблокирован Circuit Breaker
2026-08-05 01:22:59 - crawler - ERROR - Ошибка при обработке https://httpbin.org/status/200?seq=935: CircuitBreakerOpenError - Домен httpbin.org заблокирован
2026-08-05 01:22:59 - crawler - INFO - fetch_url_with_meta вызван для https://httpbin.org/status/404?seq=936
2026-08-05 01:22:59 - crawler - WARNING - Домен httpbin.org временно заблокирован Circuit Breaker
2026-08-05 01:22:59 - crawler - ERROR - Ошибка при обработке https://httpbin.org/status/404?seq=936: CircuitBreakerOpenError - Домен httpbin.org заблокирован
2026-08-05 01:22:59 - crawler - INFO - fetch_url_with_meta вызван для https://httpbin.org/status/500?seq=937
2026-08-05 01:22:59 - crawler - WARNING - Домен httpbin.org временно заблокирован Circuit Breaker
2026-08-05 01:22:59 - crawler - ERROR - Ошибка при обработке https://httpbin.org/status/500?seq=937: CircuitBreakerOpenError - Домен httpbin.org заблокирован
2026-08-05 01:22:59 - crawler - INFO - fetch_url_with_meta вызван для https://httpbin.org/status/503?seq=938
2026-08-05 01:22:59 - crawler - WARNING - Домен httpbin.org временно заблокирован Circuit Breaker
2026-08-05 01:22:59 - crawler - ERROR - Ошибка при обработке https://httpbin.org/status/503?seq=938: CircuitBreakerOpenError - Домен httpbin.org заблокирован
2026-08-05 01:22:59 - crawler - INFO - fetch_url_with_meta вызван для https://httpbin.org/status/429?seq=939
2026-08-05 01:22:59 - crawler - WARNING - Домен httpbin.org временно заблокирован Circuit Breaker
2026-08-05 01:22:59 - crawler - ERROR - Ошибка при обработке https://httpbin.org/status/429?seq=939: CircuitBreakerOpenError - Домен httpbin.org заблокирован
2026-08-05 01:22:59 - crawler - INFO - fetch_url_with_meta вызван для https://httpbin.org/get?seq=940
2026-08-05 01:22:59 - crawler - WARNING - Домен httpbin.org временно заблокирован Circuit Breaker
2026-08-05 01:22:59 - crawler - ERROR - Ошибка при обработке https://httpbin.org/get?seq=940: CircuitBreakerOpenError - Домен httpbin.org заблокирован
2026-08-05 01:22:59 - crawler - INFO - fetch_url_with_meta вызван для https://httpbin.org/delay/1?seq=941
2026-08-05 01:22:59 - crawler - WARNING - Домен httpbin.org временно заблокирован Circuit Breaker
2026-08-05 01:22:59 - crawler - ERROR - Ошибка при обработке https://httpbin.org/delay/1?seq=941: CircuitBreakerOpenError - Домен httpbin.org заблокирован
2026-08-05 01:22:59 - crawler - INFO - fetch_url_with_meta вызван для https://httpbin.org/delay/2?seq=942
2026-08-05 01:22:59 - crawler - WARNING - Домен httpbin.org временно заблокирован Circuit Breaker
2026-08-05 01:22:59 - crawler - ERROR - Ошибка при обработке https://httpbin.org/delay/2?seq=942: CircuitBreakerOpenError - Домен httpbin.org заблокирован
2026-08-05 01:22:59 - crawler - INFO - fetch_url_with_meta вызван для https://httpbin.org/html?seq=943
2026-08-05 01:22:59 - crawler - WARNING - Домен httpbin.org временно заблокирован Circuit Breaker
2026-08-05 01:22:59 - crawler - ERROR - Ошибка при обработке https://httpbin.org/html?seq=943: CircuitBreakerOpenError - Домен httpbin.org заблокирован
2026-08-05 01:22:59 - crawler - INFO - fetch_url_with_meta вызван для https://httpbin.org/forms/post?seq=944
2026-08-05 01:22:59 - crawler - WARNING - Домен httpbin.org временно заблокирован Circuit Breaker
2026-08-05 01:22:59 - crawler - ERROR - Ошибка при обработке https://httpbin.org/forms/post?seq=944: CircuitBreakerOpenError - Домен httpbin.org заблокирован
2026-08-05 01:22:59 - crawler - INFO - fetch_url_with_meta вызван для https://httpbin.org/bytes/1024?seq=945
2026-08-05 01:22:59 - crawler - WARNING - Домен httpbin.org временно заблокирован Circuit Breaker
2026-08-05 01:22:59 - crawler - ERROR - Ошибка при обработке https://httpbin.org/bytes/1024?seq=945: CircuitBreakerOpenError - Домен httpbin.org заблокирован
2026-08-05 01:22:59 - crawler - INFO - fetch_url_with_meta вызван для https://httpbin.org/status/200?seq=946
2026-08-05 01:22:59 - crawler - WARNING - Домен httpbin.org временно заблокирован Circuit Breaker
2026-08-05 01:22:59 - crawler - ERROR - Ошибка при обработке https://httpbin.org/status/200?seq=946: CircuitBreakerOpenError - Домен httpbin.org заблокирован
2026-08-05 01:22:59 - crawler - INFO - fetch_url_with_meta вызван для https://httpbin.org/status/404?seq=947
2026-08-05 01:22:59 - crawler - WARNING - Домен httpbin.org временно заблокирован Circuit Breaker
2026-08-05 01:22:59 - crawler - ERROR - Ошибка при обработке https://httpbin.org/status/404?seq=947: CircuitBreakerOpenError - Домен httpbin.org заблокирован
2026-08-05 01:22:59 - crawler - INFO - fetch_url_with_meta вызван для https://httpbin.org/status/500?seq=948
2026-08-05 01:22:59 - crawler - WARNING - Домен httpbin.org временно заблокирован Circuit Breaker
2026-08-05 01:22:59 - crawler - ERROR - Ошибка при обработке https://httpbin.org/status/500?seq=948: CircuitBreakerOpenError - Домен httpbin.org заблокирован
2026-08-05 01:22:59 - crawler - INFO - fetch_url_with_meta вызван для https://httpbin.org/status/503?seq=949
2026-08-05 01:22:59 - crawler - WARNING - Домен httpbin.org временно заблокирован Circuit Breaker
2026-08-05 01:22:59 - crawler - ERROR - Ошибка при обработке https://httpbin.org/status/503?seq=949: CircuitBreakerOpenError - Домен httpbin.org заблокирован
2026-08-05 01:22:59 - crawler - INFO - fetch_url_with_meta вызван для https://httpbin.org/status/429?seq=950
2026-08-05 01:22:59 - crawler - WARNING - Домен httpbin.org временно заблокирован Circuit Breaker
2026-08-05 01:22:59 - crawler - ERROR - Ошибка при обработке https://httpbin.org/status/429?seq=950: CircuitBreakerOpenError - Домен httpbin.org заблокирован
2026-08-05 01:22:59 - crawler - INFO - fetch_url_with_meta вызван для https://httpbin.org/get?seq=951
2026-08-05 01:22:59 - crawler - WARNING - Домен httpbin.org временно заблокирован Circuit Breaker
2026-08-05 01:22:59 - crawler - ERROR - Ошибка при обработке https://httpbin.org/get?seq=951: CircuitBreakerOpenError - Домен httpbin.org заблокирован
2026-08-05 01:22:59 - crawler - INFO - fetch_url_with_meta вызван для https://httpbin.org/delay/1?seq=952
2026-08-05 01:22:59 - crawler - WARNING - Домен httpbin.org временно заблокирован Circuit Breaker
2026-08-05 01:22:59 - crawler - ERROR - Ошибка при обработке https://httpbin.org/delay/1?seq=952: CircuitBreakerOpenError - Домен httpbin.org заблокирован
2026-08-05 01:22:59 - crawler - INFO - fetch_url_with_meta вызван для https://httpbin.org/delay/2?seq=953
2026-08-05 01:22:59 - crawler - WARNING - Домен httpbin.org временно заблокирован Circuit Breaker
2026-08-05 01:22:59 - crawler - ERROR - Ошибка при обработке https://httpbin.org/delay/2?seq=953: CircuitBreakerOpenError - Домен httpbin.org заблокирован
2026-08-05 01:22:59 - crawler - INFO - fetch_url_with_meta вызван для https://httpbin.org/html?seq=954
2026-08-05 01:22:59 - crawler - WARNING - Домен httpbin.org временно заблокирован Circuit Breaker
2026-08-05 01:22:59 - crawler - ERROR - Ошибка при обработке https://httpbin.org/html?seq=954: CircuitBreakerOpenError - Домен httpbin.org заблокирован
2026-08-05 01:22:59 - crawler - INFO - fetch_url_with_meta вызван для https://httpbin.org/forms/post?seq=955
2026-08-05 01:22:59 - crawler - WARNING - Домен httpbin.org временно заблокирован Circuit Breaker
2026-08-05 01:22:59 - crawler - ERROR - Ошибка при обработке https://httpbin.org/forms/post?seq=955: CircuitBreakerOpenError - Домен httpbin.org заблокирован
2026-08-05 01:22:59 - crawler - INFO - fetch_url_with_meta вызван для https://httpbin.org/bytes/1024?seq=956
2026-08-05 01:22:59 - crawler - WARNING - Домен httpbin.org временно заблокирован Circuit Breaker
2026-08-05 01:22:59 - crawler - ERROR - Ошибка при обработке https://httpbin.org/bytes/1024?seq=956: CircuitBreakerOpenError - Домен httpbin.org заблокирован
2026-08-05 01:22:59 - crawler - INFO - fetch_url_with_meta вызван для https://httpbin.org/status/200?seq=957
2026-08-05 01:22:59 - crawler - WARNING - Домен httpbin.org временно заблокирован Circuit Breaker
2026-08-05 01:22:59 - crawler - ERROR - Ошибка при обработке https://httpbin.org/status/200?seq=957: CircuitBreakerOpenError - Домен httpbin.org заблокирован
2026-08-05 01:22:59 - crawler - INFO - fetch_url_with_meta вызван для https://httpbin.org/status/404?seq=958
2026-08-05 01:22:59 - crawler - WARNING - Домен httpbin.org временно заблокирован Circuit Breaker
2026-08-05 01:22:59 - crawler - ERROR - Ошибка при обработке https://httpbin.org/status/404?seq=958: CircuitBreakerOpenError - Домен httpbin.org заблокирован
2026-08-05 01:22:59 - crawler - INFO - fetch_url_with_meta вызван для https://httpbin.org/status/500?seq=959
2026-08-05 01:22:59 - crawler - WARNING - Домен httpbin.org временно заблокирован Circuit Breaker
2026-08-05 01:22:59 - crawler - ERROR - Ошибка при обработке https://httpbin.org/status/500?seq=959: CircuitBreakerOpenError - Домен httpbin.org заблокирован
2026-08-05 01:22:59 - crawler - INFO - fetch_url_with_meta вызван для https://httpbin.org/status/503?seq=960
2026-08-05 01:22:59 - crawler - WARNING - Домен httpbin.org временно заблокирован Circuit Breaker
2026-08-05 01:22:59 - crawler - ERROR - Ошибка при обработке https://httpbin.org/status/503?seq=960: CircuitBreakerOpenError - Домен httpbin.org заблокирован
2026-08-05 01:22:59 - crawler - INFO - fetch_url_with_meta вызван для https://httpbin.org/status/429?seq=961
2026-08-05 01:22:59 - crawler - WARNING - Домен httpbin.org временно заблокирован Circuit Breaker
2026-08-05 01:22:59 - crawler - ERROR - Ошибка при обработке https://httpbin.org/status/429?seq=961: CircuitBreakerOpenError - Домен httpbin.org заблокирован
2026-08-05 01:22:59 - crawler - INFO - fetch_url_with_meta вызван для https://httpbin.org/get?seq=962
2026-08-05 01:22:59 - crawler - WARNING - Домен httpbin.org временно заблокирован Circuit Breaker
2026-08-05 01:22:59 - crawler - ERROR - Ошибка при обработке https://httpbin.org/get?seq=962: CircuitBreakerOpenError - Домен httpbin.org заблокирован
2026-08-05 01:22:59 - crawler - INFO - fetch_url_with_meta вызван для https://httpbin.org/delay/1?seq=963
2026-08-05 01:22:59 - crawler - WARNING - Домен httpbin.org временно заблокирован Circuit Breaker
2026-08-05 01:22:59 - crawler - ERROR - Ошибка при обработке https://httpbin.org/delay/1?seq=963: CircuitBreakerOpenError - Домен httpbin.org заблокирован
2026-08-05 01:22:59 - retry_strategy - ERROR - Превышено максимальное число попыток (3) для RateLimitError: 429 TOO MANY REQUESTS
2026-08-05 01:22:59 - crawler - ERROR - Временная ошибка RateLimitError для https://httpbin.org/status/429?seq=15 (время: 14.19 с, попыток: 3, задержка до следующей: 0.00с)
2026-08-05 01:22:59 - circuit_breaker - WARNING - Circuit breaker перешёл в OPEN для домена (ошибок: 6)
2026-08-05 01:22:59 - crawler - ERROR - Ошибка при обработке https://httpbin.org/status/429?seq=15: RateLimitError - 429 TOO MANY REQUESTS
2026-08-05 01:23:00 - crawler - INFO - fetch_url_with_meta вызван для https://httpbin.org/delay/2?seq=964
2026-08-05 01:23:00 - crawler - WARNING - Домен httpbin.org временно заблокирован Circuit Breaker
2026-08-05 01:23:00 - crawler - ERROR - Ошибка при обработке https://httpbin.org/delay/2?seq=964: CircuitBreakerOpenError - Домен httpbin.org заблокирован
2026-08-05 01:23:00 - crawler - INFO - fetch_url_with_meta вызван для https://httpbin.org/html?seq=965
2026-08-05 01:23:00 - crawler - WARNING - Домен httpbin.org временно заблокирован Circuit Breaker
2026-08-05 01:23:00 - crawler - ERROR - Ошибка при обработке https://httpbin.org/html?seq=965: CircuitBreakerOpenError - Домен httpbin.org заблокирован
2026-08-05 01:23:00 - crawler - INFO - fetch_url_with_meta вызван для https://httpbin.org/forms/post?seq=966
2026-08-05 01:23:00 - crawler - WARNING - Домен httpbin.org временно заблокирован Circuit Breaker
2026-08-05 01:23:00 - crawler - ERROR - Ошибка при обработке https://httpbin.org/forms/post?seq=966: CircuitBreakerOpenError - Домен httpbin.org заблокирован
2026-08-05 01:23:00 - crawler - INFO - fetch_url_with_meta вызван для https://httpbin.org/bytes/1024?seq=967
2026-08-05 01:23:00 - crawler - WARNING - Домен httpbin.org временно заблокирован Circuit Breaker
2026-08-05 01:23:00 - crawler - ERROR - Ошибка при обработке https://httpbin.org/bytes/1024?seq=967: CircuitBreakerOpenError - Домен httpbin.org заблокирован
2026-08-05 01:23:00 - crawler - INFO - fetch_url_with_meta вызван для https://httpbin.org/status/200?seq=968
2026-08-05 01:23:00 - crawler - WARNING - Домен httpbin.org временно заблокирован Circuit Breaker
2026-08-05 01:23:00 - crawler - ERROR - Ошибка при обработке https://httpbin.org/status/200?seq=968: CircuitBreakerOpenError - Домен httpbin.org заблокирован
2026-08-05 01:23:00 - crawler - INFO - fetch_url_with_meta вызван для https://httpbin.org/status/404?seq=969
2026-08-05 01:23:00 - crawler - WARNING - Домен httpbin.org временно заблокирован Circuit Breaker
2026-08-05 01:23:00 - crawler - ERROR - Ошибка при обработке https://httpbin.org/status/404?seq=969: CircuitBreakerOpenError - Домен httpbin.org заблокирован
2026-08-05 01:23:00 - crawler - INFO - fetch_url_with_meta вызван для https://httpbin.org/status/500?seq=970
2026-08-05 01:23:00 - crawler - WARNING - Домен httpbin.org временно заблокирован Circuit Breaker
2026-08-05 01:23:00 - crawler - ERROR - Ошибка при обработке https://httpbin.org/status/500?seq=970: CircuitBreakerOpenError - Домен httpbin.org заблокирован
2026-08-05 01:23:00 - crawler - INFO - fetch_url_with_meta вызван для https://httpbin.org/status/503?seq=971
2026-08-05 01:23:00 - crawler - WARNING - Домен httpbin.org временно заблокирован Circuit Breaker
2026-08-05 01:23:00 - crawler - ERROR - Ошибка при обработке https://httpbin.org/status/503?seq=971: CircuitBreakerOpenError - Домен httpbin.org заблокирован
2026-08-05 01:23:00 - crawler - INFO - fetch_url_with_meta вызван для https://httpbin.org/status/429?seq=972
2026-08-05 01:23:00 - crawler - WARNING - Домен httpbin.org временно заблокирован Circuit Breaker
2026-08-05 01:23:00 - crawler - ERROR - Ошибка при обработке https://httpbin.org/status/429?seq=972: CircuitBreakerOpenError - Домен httpbin.org заблокирован
2026-08-05 01:23:00 - crawler - INFO - fetch_url_with_meta вызван для https://httpbin.org/get?seq=973
2026-08-05 01:23:00 - crawler - WARNING - Домен httpbin.org временно заблокирован Circuit Breaker
2026-08-05 01:23:00 - crawler - ERROR - Ошибка при обработке https://httpbin.org/get?seq=973: CircuitBreakerOpenError - Домен httpbin.org заблокирован
2026-08-05 01:23:00 - crawler - INFO - fetch_url_with_meta вызван для https://httpbin.org/delay/1?seq=974
2026-08-05 01:23:00 - crawler - WARNING - Домен httpbin.org временно заблокирован Circuit Breaker
2026-08-05 01:23:00 - crawler - ERROR - Ошибка при обработке https://httpbin.org/delay/1?seq=974: CircuitBreakerOpenError - Домен httpbin.org заблокирован
2026-08-05 01:23:00 - crawler - INFO - fetch_url_with_meta вызван для https://httpbin.org/delay/2?seq=975
2026-08-05 01:23:00 - crawler - WARNING - Домен httpbin.org временно заблокирован Circuit Breaker
2026-08-05 01:23:00 - crawler - ERROR - Ошибка при обработке https://httpbin.org/delay/2?seq=975: CircuitBreakerOpenError - Домен httpbin.org заблокирован
2026-08-05 01:23:00 - crawler - INFO - fetch_url_with_meta вызван для https://httpbin.org/html?seq=976
2026-08-05 01:23:00 - crawler - WARNING - Домен httpbin.org временно заблокирован Circuit Breaker
2026-08-05 01:23:00 - crawler - ERROR - Ошибка при обработке https://httpbin.org/html?seq=976: CircuitBreakerOpenError - Домен httpbin.org заблокирован
2026-08-05 01:23:00 - crawler - INFO - fetch_url_with_meta вызван для https://httpbin.org/forms/post?seq=977
2026-08-05 01:23:00 - crawler - WARNING - Домен httpbin.org временно заблокирован Circuit Breaker
2026-08-05 01:23:00 - crawler - ERROR - Ошибка при обработке https://httpbin.org/forms/post?seq=977: CircuitBreakerOpenError - Домен httpbin.org заблокирован
2026-08-05 01:23:00 - crawler - INFO - fetch_url_with_meta вызван для https://httpbin.org/bytes/1024?seq=978
2026-08-05 01:23:00 - crawler - WARNING - Домен httpbin.org временно заблокирован Circuit Breaker
2026-08-05 01:23:00 - crawler - ERROR - Ошибка при обработке https://httpbin.org/bytes/1024?seq=978: CircuitBreakerOpenError - Домен httpbin.org заблокирован
2026-08-05 01:23:00 - crawler - INFO - fetch_url_with_meta вызван для https://httpbin.org/status/200?seq=979
2026-08-05 01:23:00 - crawler - WARNING - Домен httpbin.org временно заблокирован Circuit Breaker
2026-08-05 01:23:00 - crawler - ERROR - Ошибка при обработке https://httpbin.org/status/200?seq=979: CircuitBreakerOpenError - Домен httpbin.org заблокирован
2026-08-05 01:23:00 - crawler - INFO - fetch_url_with_meta вызван для https://httpbin.org/status/404?seq=980
2026-08-05 01:23:00 - crawler - WARNING - Домен httpbin.org временно заблокирован Circuit Breaker
2026-08-05 01:23:00 - crawler - ERROR - Ошибка при обработке https://httpbin.org/status/404?seq=980: CircuitBreakerOpenError - Домен httpbin.org заблокирован
2026-08-05 01:23:00 - crawler - INFO - fetch_url_with_meta вызван для https://httpbin.org/status/500?seq=981
2026-08-05 01:23:00 - crawler - WARNING - Домен httpbin.org временно заблокирован Circuit Breaker
2026-08-05 01:23:00 - crawler - ERROR - Ошибка при обработке https://httpbin.org/status/500?seq=981: CircuitBreakerOpenError - Домен httpbin.org заблокирован
2026-08-05 01:23:00 - crawler - INFO - fetch_url_with_meta вызван для https://httpbin.org/status/503?seq=982
2026-08-05 01:23:00 - crawler - WARNING - Домен httpbin.org временно заблокирован Circuit Breaker
2026-08-05 01:23:00 - crawler - ERROR - Ошибка при обработке https://httpbin.org/status/503?seq=982: CircuitBreakerOpenError - Домен httpbin.org заблокирован
2026-08-05 01:23:00 - crawler - INFO - fetch_url_with_meta вызван для https://httpbin.org/status/429?seq=983
2026-08-05 01:23:00 - crawler - WARNING - Домен httpbin.org временно заблокирован Circuit Breaker
2026-08-05 01:23:00 - crawler - ERROR - Ошибка при обработке https://httpbin.org/status/429?seq=983: CircuitBreakerOpenError - Домен httpbin.org заблокирован
2026-08-05 01:23:00 - crawler - INFO - fetch_url_with_meta вызван для https://httpbin.org/get?seq=984
2026-08-05 01:23:00 - crawler - WARNING - Домен httpbin.org временно заблокирован Circuit Breaker
2026-08-05 01:23:00 - crawler - ERROR - Ошибка при обработке https://httpbin.org/get?seq=984: CircuitBreakerOpenError - Домен httpbin.org заблокирован
2026-08-05 01:23:00 - crawler - INFO - fetch_url_with_meta вызван для https://httpbin.org/delay/1?seq=985
2026-08-05 01:23:00 - crawler - WARNING - Домен httpbin.org временно заблокирован Circuit Breaker
2026-08-05 01:23:00 - crawler - ERROR - Ошибка при обработке https://httpbin.org/delay/1?seq=985: CircuitBreakerOpenError - Домен httpbin.org заблокирован
2026-08-05 01:23:00 - crawler - INFO - fetch_url_with_meta вызван для https://httpbin.org/delay/2?seq=986
2026-08-05 01:23:00 - crawler - WARNING - Домен httpbin.org временно заблокирован Circuit Breaker
2026-08-05 01:23:00 - crawler - ERROR - Ошибка при обработке https://httpbin.org/delay/2?seq=986: CircuitBreakerOpenError - Домен httpbin.org заблокирован
2026-08-05 01:23:00 - crawler - INFO - fetch_url_with_meta вызван для https://httpbin.org/html?seq=987
2026-08-05 01:23:00 - crawler - WARNING - Домен httpbin.org временно заблокирован Circuit Breaker
2026-08-05 01:23:00 - crawler - ERROR - Ошибка при обработке https://httpbin.org/html?seq=987: CircuitBreakerOpenError - Домен httpbin.org заблокирован
2026-08-05 01:23:00 - crawler - INFO - fetch_url_with_meta вызван для https://httpbin.org/forms/post?seq=988
2026-08-05 01:23:00 - crawler - WARNING - Домен httpbin.org временно заблокирован Circuit Breaker
2026-08-05 01:23:00 - crawler - ERROR - Ошибка при обработке https://httpbin.org/forms/post?seq=988: CircuitBreakerOpenError - Домен httpbin.org заблокирован
2026-08-05 01:23:00 - crawler - INFO - fetch_url_with_meta вызван для https://httpbin.org/bytes/1024?seq=989
2026-08-05 01:23:00 - crawler - WARNING - Домен httpbin.org временно заблокирован Circuit Breaker
2026-08-05 01:23:00 - crawler - ERROR - Ошибка при обработке https://httpbin.org/bytes/1024?seq=989: CircuitBreakerOpenError - Домен httpbin.org заблокирован
2026-08-05 01:23:00 - crawler - INFO - fetch_url_with_meta вызван для https://httpbin.org/status/200?seq=990
2026-08-05 01:23:00 - crawler - WARNING - Домен httpbin.org временно заблокирован Circuit Breaker
2026-08-05 01:23:00 - crawler - ERROR - Ошибка при обработке https://httpbin.org/status/200?seq=990: CircuitBreakerOpenError - Домен httpbin.org заблокирован
2026-08-05 01:23:00 - crawler - INFO - fetch_url_with_meta вызван для https://httpbin.org/status/404?seq=991
2026-08-05 01:23:00 - crawler - WARNING - Домен httpbin.org временно заблокирован Circuit Breaker
2026-08-05 01:23:00 - crawler - ERROR - Ошибка при обработке https://httpbin.org/status/404?seq=991: CircuitBreakerOpenError - Домен httpbin.org заблокирован
2026-08-05 01:23:00 - crawler - INFO - fetch_url_with_meta вызван для https://httpbin.org/status/500?seq=992
2026-08-05 01:23:00 - crawler - WARNING - Домен httpbin.org временно заблокирован Circuit Breaker
2026-08-05 01:23:00 - crawler - ERROR - Ошибка при обработке https://httpbin.org/status/500?seq=992: CircuitBreakerOpenError - Домен httpbin.org заблокирован
2026-08-05 01:23:00 - crawler - INFO - fetch_url_with_meta вызван для https://httpbin.org/status/503?seq=993
2026-08-05 01:23:00 - crawler - WARNING - Домен httpbin.org временно заблокирован Circuit Breaker
2026-08-05 01:23:00 - crawler - ERROR - Ошибка при обработке https://httpbin.org/status/503?seq=993: CircuitBreakerOpenError - Домен httpbin.org заблокирован
2026-08-05 01:23:00 - crawler - INFO - fetch_url_with_meta вызван для https://httpbin.org/status/429?seq=994
2026-08-05 01:23:00 - crawler - WARNING - Домен httpbin.org временно заблокирован Circuit Breaker
2026-08-05 01:23:00 - crawler - ERROR - Ошибка при обработке https://httpbin.org/status/429?seq=994: CircuitBreakerOpenError - Домен httpbin.org заблокирован
2026-08-05 01:23:00 - crawler - INFO - fetch_url_with_meta вызван для https://httpbin.org/get?seq=995
2026-08-05 01:23:00 - crawler - WARNING - Домен httpbin.org временно заблокирован Circuit Breaker
2026-08-05 01:23:00 - crawler - ERROR - Ошибка при обработке https://httpbin.org/get?seq=995: CircuitBreakerOpenError - Домен httpbin.org заблокирован
2026-08-05 01:23:00 - crawler - INFO - fetch_url_with_meta вызван для https://httpbin.org/delay/1?seq=996
2026-08-05 01:23:00 - crawler - WARNING - Домен httpbin.org временно заблокирован Circuit Breaker
2026-08-05 01:23:00 - crawler - ERROR - Ошибка при обработке https://httpbin.org/delay/1?seq=996: CircuitBreakerOpenError - Домен httpbin.org заблокирован
2026-08-05 01:23:00 - crawler - INFO - fetch_url_with_meta вызван для https://httpbin.org/delay/2?seq=997
2026-08-05 01:23:00 - crawler - WARNING - Домен httpbin.org временно заблокирован Circuit Breaker
2026-08-05 01:23:00 - crawler - ERROR - Ошибка при обработке https://httpbin.org/delay/2?seq=997: CircuitBreakerOpenError - Домен httpbin.org заблокирован
2026-08-05 01:23:00 - crawler - INFO - fetch_url_with_meta вызван для https://httpbin.org/html?seq=998
2026-08-05 01:23:00 - crawler - WARNING - Домен httpbin.org временно заблокирован Circuit Breaker
2026-08-05 01:23:00 - crawler - ERROR - Ошибка при обработке https://httpbin.org/html?seq=998: CircuitBreakerOpenError - Домен httpbin.org заблокирован
2026-08-05 01:23:00 - crawler - INFO - fetch_url_with_meta вызван для https://httpbin.org/forms/post?seq=999
2026-08-05 01:23:00 - crawler - WARNING - Домен httpbin.org временно заблокирован Circuit Breaker
2026-08-05 01:23:00 - crawler - ERROR - Ошибка при обработке https://httpbin.org/forms/post?seq=999: CircuitBreakerOpenError - Домен httpbin.org заблокирован
2026-08-05 01:23:00 - crawler - INFO - fetch_url_with_meta вызван для https://httpbin.org/bytes/1024?seq=1000
2026-08-05 01:23:00 - crawler - WARNING - Домен httpbin.org временно заблокирован Circuit Breaker
2026-08-05 01:23:00 - crawler - ERROR - Ошибка при обработке https://httpbin.org/bytes/1024?seq=1000: CircuitBreakerOpenError - Домен httpbin.org заблокирован
2026-08-05 01:23:00 - crawler - INFO - fetch_url_with_meta вызван для https://httpbin.org/status/200?seq=1001
2026-08-05 01:23:00 - crawler - WARNING - Домен httpbin.org временно заблокирован Circuit Breaker
2026-08-05 01:23:00 - crawler - ERROR - Ошибка при обработке https://httpbin.org/status/200?seq=1001: CircuitBreakerOpenError - Домен httpbin.org заблокирован
2026-08-05 01:23:00 - crawler - INFO - fetch_url_with_meta вызван для https://httpbin.org/status/404?seq=1002
2026-08-05 01:23:00 - crawler - WARNING - Домен httpbin.org временно заблокирован Circuit Breaker
2026-08-05 01:23:00 - crawler - ERROR - Ошибка при обработке https://httpbin.org/status/404?seq=1002: CircuitBreakerOpenError - Домен httpbin.org заблокирован
2026-08-05 01:23:00 - crawler - INFO - fetch_url_with_meta вызван для https://httpbin.org/status/500?seq=1003
2026-08-05 01:23:00 - crawler - WARNING - Домен httpbin.org временно заблокирован Circuit Breaker
2026-08-05 01:23:00 - crawler - ERROR - Ошибка при обработке https://httpbin.org/status/500?seq=1003: CircuitBreakerOpenError - Домен httpbin.org заблокирован
2026-08-05 01:23:00 - crawler - INFO - fetch_url_with_meta вызван для https://httpbin.org/status/503?seq=1004
2026-08-05 01:23:00 - crawler - WARNING - Домен httpbin.org временно заблокирован Circuit Breaker
2026-08-05 01:23:00 - crawler - ERROR - Ошибка при обработке https://httpbin.org/status/503?seq=1004: CircuitBreakerOpenError - Домен httpbin.org заблокирован
2026-08-05 01:23:00 - crawler - INFO - fetch_url_with_meta вызван для https://httpbin.org/status/429?seq=1005
2026-08-05 01:23:00 - crawler - WARNING - Домен httpbin.org временно заблокирован Circuit Breaker
2026-08-05 01:23:00 - crawler - ERROR - Ошибка при обработке https://httpbin.org/status/429?seq=1005: CircuitBreakerOpenError - Домен httpbin.org заблокирован
2026-08-05 01:23:00 - crawler - INFO - fetch_url_with_meta вызван для https://httpbin.org/get?seq=1006
2026-08-05 01:23:00 - crawler - WARNING - Домен httpbin.org временно заблокирован Circuit Breaker
2026-08-05 01:23:00 - crawler - ERROR - Ошибка при обработке https://httpbin.org/get?seq=1006: CircuitBreakerOpenError - Домен httpbin.org заблокирован
2026-08-05 01:23:00 - crawler - INFO - fetch_url_with_meta вызван для https://httpbin.org/delay/1?seq=1007
2026-08-05 01:23:00 - crawler - WARNING - Домен httpbin.org временно заблокирован Circuit Breaker
2026-08-05 01:23:00 - crawler - ERROR - Ошибка при обработке https://httpbin.org/delay/1?seq=1007: CircuitBreakerOpenError - Домен httpbin.org заблокирован
2026-08-05 01:23:00 - crawler - INFO - fetch_url_with_meta вызван для https://httpbin.org/delay/2?seq=1008
2026-08-05 01:23:00 - crawler - WARNING - Домен httpbin.org временно заблокирован Circuit Breaker
2026-08-05 01:23:00 - crawler - ERROR - Ошибка при обработке https://httpbin.org/delay/2?seq=1008: CircuitBreakerOpenError - Домен httpbin.org заблокирован
2026-08-05 01:23:00 - crawler - INFO - fetch_url_with_meta вызван для https://httpbin.org/html?seq=1009
2026-08-05 01:23:00 - crawler - WARNING - Домен httpbin.org временно заблокирован Circuit Breaker
2026-08-05 01:23:00 - crawler - ERROR - Ошибка при обработке https://httpbin.org/html?seq=1009: CircuitBreakerOpenError - Домен httpbin.org заблокирован
2026-08-05 01:23:00 - crawler - INFO - fetch_url_with_meta вызван для https://httpbin.org/forms/post?seq=1010
2026-08-05 01:23:00 - crawler - WARNING - Домен httpbin.org временно заблокирован Circuit Breaker
2026-08-05 01:23:00 - crawler - ERROR - Ошибка при обработке https://httpbin.org/forms/post?seq=1010: CircuitBreakerOpenError - Домен httpbin.org заблокирован
2026-08-05 01:23:00 - crawler - INFO - fetch_url_with_meta вызван для https://httpbin.org/bytes/1024?seq=1011
2026-08-05 01:23:00 - crawler - WARNING - Домен httpbin.org временно заблокирован Circuit Breaker
2026-08-05 01:23:00 - crawler - ERROR - Ошибка при обработке https://httpbin.org/bytes/1024?seq=1011: CircuitBreakerOpenError - Домен httpbin.org заблокирован
2026-08-05 01:23:00 - crawler - INFO - fetch_url_with_meta вызван для https://httpbin.org/status/200?seq=1012
2026-08-05 01:23:00 - crawler - WARNING - Домен httpbin.org временно заблокирован Circuit Breaker
2026-08-05 01:23:00 - crawler - ERROR - Ошибка при обработке https://httpbin.org/status/200?seq=1012: CircuitBreakerOpenError - Домен httpbin.org заблокирован
2026-08-05 01:23:00 - crawler - INFO - fetch_url_with_meta вызван для https://httpbin.org/status/404?seq=1013
2026-08-05 01:23:00 - crawler - WARNING - Домен httpbin.org временно заблокирован Circuit Breaker
2026-08-05 01:23:00 - crawler - ERROR - Ошибка при обработке https://httpbin.org/status/404?seq=1013: CircuitBreakerOpenError - Домен httpbin.org заблокирован
2026-08-05 01:23:00 - crawler - INFO - fetch_url_with_meta вызван для https://httpbin.org/status/500?seq=1014
2026-08-05 01:23:00 - crawler - WARNING - Домен httpbin.org временно заблокирован Circuit Breaker
2026-08-05 01:23:00 - crawler - ERROR - Ошибка при обработке https://httpbin.org/status/500?seq=1014: CircuitBreakerOpenError - Домен httpbin.org заблокирован
2026-08-05 01:23:00 - crawler - INFO - fetch_url_with_meta вызван для https://httpbin.org/status/503?seq=1015
2026-08-05 01:23:00 - crawler - WARNING - Домен httpbin.org временно заблокирован Circuit Breaker
2026-08-05 01:23:00 - crawler - ERROR - Ошибка при обработке https://httpbin.org/status/503?seq=1015: CircuitBreakerOpenError - Домен httpbin.org заблокирован
2026-08-05 01:23:00 - crawler - INFO - fetch_url_with_meta вызван для https://httpbin.org/status/429?seq=1016
2026-08-05 01:23:00 - crawler - WARNING - Домен httpbin.org временно заблокирован Circuit Breaker
2026-08-05 01:23:00 - crawler - ERROR - Ошибка при обработке https://httpbin.org/status/429?seq=1016: CircuitBreakerOpenError - Домен httpbin.org заблокирован
2026-08-05 01:23:00 - crawler - INFO - fetch_url_with_meta вызван для https://httpbin.org/get?seq=1017
2026-08-05 01:23:00 - crawler - WARNING - Домен httpbin.org временно заблокирован Circuit Breaker
2026-08-05 01:23:00 - crawler - ERROR - Ошибка при обработке https://httpbin.org/get?seq=1017: CircuitBreakerOpenError - Домен httpbin.org заблокирован
2026-08-05 01:23:00 - crawler - INFO - fetch_url_with_meta вызван для https://httpbin.org/delay/1?seq=1018
2026-08-05 01:23:00 - crawler - WARNING - Домен httpbin.org временно заблокирован Circuit Breaker
2026-08-05 01:23:00 - crawler - ERROR - Ошибка при обработке https://httpbin.org/delay/1?seq=1018: CircuitBreakerOpenError - Домен httpbin.org заблокирован
2026-08-05 01:23:00 - crawler - INFO - fetch_url_with_meta вызван для https://httpbin.org/delay/2?seq=1019
2026-08-05 01:23:00 - crawler - WARNING - Домен httpbin.org временно заблокирован Circuit Breaker
2026-08-05 01:23:00 - crawler - ERROR - Ошибка при обработке https://httpbin.org/delay/2?seq=1019: CircuitBreakerOpenError - Домен httpbin.org заблокирован
2026-08-05 01:23:00 - crawler - INFO - fetch_url_with_meta вызван для https://httpbin.org/html?seq=1020
2026-08-05 01:23:00 - crawler - WARNING - Домен httpbin.org временно заблокирован Circuit Breaker
2026-08-05 01:23:00 - crawler - ERROR - Ошибка при обработке https://httpbin.org/html?seq=1020: CircuitBreakerOpenError - Домен httpbin.org заблокирован
2026-08-05 01:23:00 - crawler - INFO - fetch_url_with_meta вызван для https://httpbin.org/forms/post?seq=1021
2026-08-05 01:23:00 - crawler - WARNING - Домен httpbin.org временно заблокирован Circuit Breaker
2026-08-05 01:23:00 - crawler - ERROR - Ошибка при обработке https://httpbin.org/forms/post?seq=1021: CircuitBreakerOpenError - Домен httpbin.org заблокирован
2026-08-05 01:23:00 - crawler - INFO - fetch_url_with_meta вызван для https://httpbin.org/bytes/1024?seq=1022
2026-08-05 01:23:00 - crawler - WARNING - Домен httpbin.org временно заблокирован Circuit Breaker
2026-08-05 01:23:00 - crawler - ERROR - Ошибка при обработке https://httpbin.org/bytes/1024?seq=1022: CircuitBreakerOpenError - Домен httpbin.org заблокирован
2026-08-05 01:23:00 - crawler - INFO - fetch_url_with_meta вызван для https://httpbin.org/status/200?seq=1023
2026-08-05 01:23:00 - crawler - WARNING - Домен httpbin.org временно заблокирован Circuit Breaker
2026-08-05 01:23:00 - crawler - ERROR - Ошибка при обработке https://httpbin.org/status/200?seq=1023: CircuitBreakerOpenError - Домен httpbin.org заблокирован
2026-08-05 01:23:00 - crawler - INFO - fetch_url_with_meta вызван для https://httpbin.org/status/404?seq=1024
2026-08-05 01:23:00 - crawler - WARNING - Домен httpbin.org временно заблокирован Circuit Breaker
2026-08-05 01:23:00 - crawler - ERROR - Ошибка при обработке https://httpbin.org/status/404?seq=1024: CircuitBreakerOpenError - Домен httpbin.org заблокирован
2026-08-05 01:23:00 - crawler - INFO - fetch_url_with_meta вызван для https://httpbin.org/status/500?seq=1025
2026-08-05 01:23:00 - crawler - WARNING - Домен httpbin.org временно заблокирован Circuit Breaker
2026-08-05 01:23:00 - crawler - ERROR - Ошибка при обработке https://httpbin.org/status/500?seq=1025: CircuitBreakerOpenError - Домен httpbin.org заблокирован
2026-08-05 01:23:00 - crawler - INFO - fetch_url_with_meta вызван для https://httpbin.org/status/503?seq=1026
2026-08-05 01:23:00 - crawler - WARNING - Домен httpbin.org временно заблокирован Circuit Breaker
2026-08-05 01:23:00 - crawler - ERROR - Ошибка при обработке https://httpbin.org/status/503?seq=1026: CircuitBreakerOpenError - Домен httpbin.org заблокирован
2026-08-05 01:23:00 - crawler - INFO - fetch_url_with_meta вызван для https://httpbin.org/status/429?seq=1027
2026-08-05 01:23:00 - crawler - WARNING - Домен httpbin.org временно заблокирован Circuit Breaker
2026-08-05 01:23:00 - crawler - ERROR - Ошибка при обработке https://httpbin.org/status/429?seq=1027: CircuitBreakerOpenError - Домен httpbin.org заблокирован
2026-08-05 01:23:00 - crawler - INFO - fetch_url_with_meta вызван для https://httpbin.org/get?seq=1028
2026-08-05 01:23:00 - crawler - WARNING - Домен httpbin.org временно заблокирован Circuit Breaker
2026-08-05 01:23:00 - crawler - ERROR - Ошибка при обработке https://httpbin.org/get?seq=1028: CircuitBreakerOpenError - Домен httpbin.org заблокирован
2026-08-05 01:23:00 - crawler - INFO - fetch_url_with_meta вызван для https://httpbin.org/delay/1?seq=1029
2026-08-05 01:23:00 - crawler - WARNING - Домен httpbin.org временно заблокирован Circuit Breaker
2026-08-05 01:23:00 - crawler - ERROR - Ошибка при обработке https://httpbin.org/delay/1?seq=1029: CircuitBreakerOpenError - Домен httpbin.org заблокирован
2026-08-05 01:23:00 - crawler - INFO - fetch_url_with_meta вызван для https://httpbin.org/delay/2?seq=1030
2026-08-05 01:23:00 - crawler - WARNING - Домен httpbin.org временно заблокирован Circuit Breaker
2026-08-05 01:23:00 - crawler - ERROR - Ошибка при обработке https://httpbin.org/delay/2?seq=1030: CircuitBreakerOpenError - Домен httpbin.org заблокирован
2026-08-05 01:23:00 - crawler - INFO - fetch_url_with_meta вызван для https://httpbin.org/html?seq=1031
2026-08-05 01:23:00 - crawler - WARNING - Домен httpbin.org временно заблокирован Circuit Breaker
2026-08-05 01:23:00 - crawler - ERROR - Ошибка при обработке https://httpbin.org/html?seq=1031: CircuitBreakerOpenError - Домен httpbin.org заблокирован
2026-08-05 01:23:00 - crawler - INFO - fetch_url_with_meta вызван для https://httpbin.org/forms/post?seq=1032
2026-08-05 01:23:00 - crawler - WARNING - Домен httpbin.org временно заблокирован Circuit Breaker
2026-08-05 01:23:00 - crawler - ERROR - Ошибка при обработке https://httpbin.org/forms/post?seq=1032: CircuitBreakerOpenError - Домен httpbin.org заблокирован
2026-08-05 01:23:00 - crawler - INFO - fetch_url_with_meta вызван для https://httpbin.org/bytes/1024?seq=1033
2026-08-05 01:23:00 - crawler - WARNING - Домен httpbin.org временно заблокирован Circuit Breaker
2026-08-05 01:23:00 - crawler - ERROR - Ошибка при обработке https://httpbin.org/bytes/1024?seq=1033: CircuitBreakerOpenError - Домен httpbin.org заблокирован
2026-08-05 01:23:00 - crawler - INFO - fetch_url_with_meta вызван для https://httpbin.org/status/200?seq=1034
2026-08-05 01:23:00 - crawler - WARNING - Домен httpbin.org временно заблокирован Circuit Breaker
2026-08-05 01:23:00 - crawler - ERROR - Ошибка при обработке https://httpbin.org/status/200?seq=1034: CircuitBreakerOpenError - Домен httpbin.org заблокирован
2026-08-05 01:23:00 - crawler - INFO - fetch_url_with_meta вызван для https://httpbin.org/status/404?seq=1035
2026-08-05 01:23:00 - crawler - WARNING - Домен httpbin.org временно заблокирован Circuit Breaker
2026-08-05 01:23:00 - crawler - ERROR - Ошибка при обработке https://httpbin.org/status/404?seq=1035: CircuitBreakerOpenError - Домен httpbin.org заблокирован
2026-08-05 01:23:00 - crawler - INFO - fetch_url_with_meta вызван для https://httpbin.org/status/500?seq=1036
2026-08-05 01:23:00 - crawler - WARNING - Домен httpbin.org временно заблокирован Circuit Breaker
2026-08-05 01:23:00 - crawler - ERROR - Ошибка при обработке https://httpbin.org/status/500?seq=1036: CircuitBreakerOpenError - Домен httpbin.org заблокирован
2026-08-05 01:23:00 - crawler - INFO - fetch_url_with_meta вызван для https://httpbin.org/status/503?seq=1037
2026-08-05 01:23:00 - crawler - WARNING - Домен httpbin.org временно заблокирован Circuit Breaker
2026-08-05 01:23:00 - crawler - ERROR - Ошибка при обработке https://httpbin.org/status/503?seq=1037: CircuitBreakerOpenError - Домен httpbin.org заблокирован
2026-08-05 01:23:00 - crawler - INFO - fetch_url_with_meta вызван для https://httpbin.org/status/429?seq=1038
2026-08-05 01:23:00 - crawler - WARNING - Домен httpbin.org временно заблокирован Circuit Breaker
2026-08-05 01:23:00 - crawler - ERROR - Ошибка при обработке https://httpbin.org/status/429?seq=1038: CircuitBreakerOpenError - Домен httpbin.org заблокирован
2026-08-05 01:23:00 - crawler - INFO - fetch_url_with_meta вызван для https://httpbin.org/get?seq=1039
2026-08-05 01:23:00 - crawler - WARNING - Домен httpbin.org временно заблокирован Circuit Breaker
2026-08-05 01:23:00 - crawler - ERROR - Ошибка при обработке https://httpbin.org/get?seq=1039: CircuitBreakerOpenError - Домен httpbin.org заблокирован
2026-08-05 01:23:00 - crawler - INFO - fetch_url_with_meta вызван для https://httpbin.org/delay/1?seq=1040
2026-08-05 01:23:00 - crawler - WARNING - Домен httpbin.org временно заблокирован Circuit Breaker
2026-08-05 01:23:00 - crawler - ERROR - Ошибка при обработке https://httpbin.org/delay/1?seq=1040: CircuitBreakerOpenError - Домен httpbin.org заблокирован
2026-08-05 01:23:00 - crawler - INFO - fetch_url_with_meta вызван для https://httpbin.org/delay/2?seq=1041
2026-08-05 01:23:00 - crawler - WARNING - Домен httpbin.org временно заблокирован Circuit Breaker
2026-08-05 01:23:00 - crawler - ERROR - Ошибка при обработке https://httpbin.org/delay/2?seq=1041: CircuitBreakerOpenError - Домен httpbin.org заблокирован
2026-08-05 01:23:00 - crawler - INFO - fetch_url_with_meta вызван для https://httpbin.org/html?seq=1042
2026-08-05 01:23:00 - crawler - WARNING - Домен httpbin.org временно заблокирован Circuit Breaker
2026-08-05 01:23:00 - crawler - ERROR - Ошибка при обработке https://httpbin.org/html?seq=1042: CircuitBreakerOpenError - Домен httpbin.org заблокирован
2026-08-05 01:23:00 - crawler - INFO - fetch_url_with_meta вызван для https://httpbin.org/forms/post?seq=1043
2026-08-05 01:23:00 - crawler - WARNING - Домен httpbin.org временно заблокирован Circuit Breaker
2026-08-05 01:23:00 - crawler - ERROR - Ошибка при обработке https://httpbin.org/forms/post?seq=1043: CircuitBreakerOpenError - Домен httpbin.org заблокирован
2026-08-05 01:23:00 - crawler - INFO - fetch_url_with_meta вызван для https://httpbin.org/bytes/1024?seq=1044
2026-08-05 01:23:00 - crawler - WARNING - Домен httpbin.org временно заблокирован Circuit Breaker
2026-08-05 01:23:00 - crawler - ERROR - Ошибка при обработке https://httpbin.org/bytes/1024?seq=1044: CircuitBreakerOpenError - Домен httpbin.org заблокирован
2026-08-05 01:23:00 - crawler - INFO - fetch_url_with_meta вызван для https://httpbin.org/status/200?seq=1045
2026-08-05 01:23:00 - crawler - WARNING - Домен httpbin.org временно заблокирован Circuit Breaker
2026-08-05 01:23:00 - crawler - ERROR - Ошибка при обработке https://httpbin.org/status/200?seq=1045: CircuitBreakerOpenError - Домен httpbin.org заблокирован
2026-08-05 01:23:00 - crawler - INFO - fetch_url_with_meta вызван для https://httpbin.org/status/404?seq=1046
2026-08-05 01:23:00 - crawler - WARNING - Домен httpbin.org временно заблокирован Circuit Breaker
2026-08-05 01:23:00 - crawler - ERROR - Ошибка при обработке https://httpbin.org/status/404?seq=1046: CircuitBreakerOpenError - Домен httpbin.org заблокирован
2026-08-05 01:23:00 - crawler - INFO - fetch_url_with_meta вызван для https://httpbin.org/status/500?seq=1047
2026-08-05 01:23:00 - crawler - WARNING - Домен httpbin.org временно заблокирован Circuit Breaker
2026-08-05 01:23:00 - crawler - ERROR - Ошибка при обработке https://httpbin.org/status/500?seq=1047: CircuitBreakerOpenError - Домен httpbin.org заблокирован
2026-08-05 01:23:00 - crawler - INFO - fetch_url_with_meta вызван для https://httpbin.org/status/503?seq=1048
2026-08-05 01:23:00 - crawler - WARNING - Домен httpbin.org временно заблокирован Circuit Breaker
2026-08-05 01:23:00 - crawler - ERROR - Ошибка при обработке https://httpbin.org/status/503?seq=1048: CircuitBreakerOpenError - Домен httpbin.org заблокирован
2026-08-05 01:23:00 - crawler - INFO - fetch_url_with_meta вызван для https://httpbin.org/status/429?seq=1049
2026-08-05 01:23:00 - crawler - WARNING - Домен httpbin.org временно заблокирован Circuit Breaker
2026-08-05 01:23:00 - crawler - ERROR - Ошибка при обработке https://httpbin.org/status/429?seq=1049: CircuitBreakerOpenError - Домен httpbin.org заблокирован
2026-08-05 01:23:00 - crawler - INFO - fetch_url_with_meta вызван для https://httpbin.org/get?seq=1050
2026-08-05 01:23:00 - crawler - WARNING - Домен httpbin.org временно заблокирован Circuit Breaker
2026-08-05 01:23:00 - crawler - ERROR - Ошибка при обработке https://httpbin.org/get?seq=1050: CircuitBreakerOpenError - Домен httpbin.org заблокирован
2026-08-05 01:23:00 - crawler - INFO - fetch_url_with_meta вызван для https://httpbin.org/delay/1?seq=1051
2026-08-05 01:23:00 - crawler - WARNING - Домен httpbin.org временно заблокирован Circuit Breaker
2026-08-05 01:23:00 - crawler - ERROR - Ошибка при обработке https://httpbin.org/delay/1?seq=1051: CircuitBreakerOpenError - Домен httpbin.org заблокирован
2026-08-05 01:23:00 - crawler - INFO - fetch_url_with_meta вызван для https://httpbin.org/delay/2?seq=1052
2026-08-05 01:23:00 - crawler - WARNING - Домен httpbin.org временно заблокирован Circuit Breaker
2026-08-05 01:23:00 - crawler - ERROR - Ошибка при обработке https://httpbin.org/delay/2?seq=1052: CircuitBreakerOpenError - Домен httpbin.org заблокирован
2026-08-05 01:23:00 - crawler - INFO - fetch_url_with_meta вызван для https://httpbin.org/html?seq=1053
2026-08-05 01:23:00 - crawler - WARNING - Домен httpbin.org временно заблокирован Circuit Breaker
2026-08-05 01:23:00 - crawler - ERROR - Ошибка при обработке https://httpbin.org/html?seq=1053: CircuitBreakerOpenError - Домен httpbin.org заблокирован
2026-08-05 01:23:00 - crawler - INFO - fetch_url_with_meta вызван для https://httpbin.org/forms/post?seq=1054
2026-08-05 01:23:00 - crawler - WARNING - Домен httpbin.org временно заблокирован Circuit Breaker
2026-08-05 01:23:00 - crawler - ERROR - Ошибка при обработке https://httpbin.org/forms/post?seq=1054: CircuitBreakerOpenError - Домен httpbin.org заблокирован
2026-08-05 01:23:00 - crawler - INFO - fetch_url_with_meta вызван для https://httpbin.org/bytes/1024?seq=1055
2026-08-05 01:23:00 - crawler - WARNING - Домен httpbin.org временно заблокирован Circuit Breaker
2026-08-05 01:23:00 - crawler - ERROR - Ошибка при обработке https://httpbin.org/bytes/1024?seq=1055: CircuitBreakerOpenError - Домен httpbin.org заблокирован
2026-08-05 01:23:00 - crawler - INFO - fetch_url_with_meta вызван для https://httpbin.org/status/200?seq=1056
2026-08-05 01:23:00 - crawler - WARNING - Домен httpbin.org временно заблокирован Circuit Breaker
2026-08-05 01:23:00 - crawler - ERROR - Ошибка при обработке https://httpbin.org/status/200?seq=1056: CircuitBreakerOpenError - Домен httpbin.org заблокирован
2026-08-05 01:23:00 - crawler - INFO - fetch_url_with_meta вызван для https://httpbin.org/status/404?seq=1057
2026-08-05 01:23:00 - crawler - WARNING - Домен httpbin.org временно заблокирован Circuit Breaker
2026-08-05 01:23:00 - crawler - ERROR - Ошибка при обработке https://httpbin.org/status/404?seq=1057: CircuitBreakerOpenError - Домен httpbin.org заблокирован
2026-08-05 01:23:00 - crawler - INFO - fetch_url_with_meta вызван для https://httpbin.org/status/500?seq=1058
2026-08-05 01:23:00 - crawler - WARNING - Домен httpbin.org временно заблокирован Circuit Breaker
2026-08-05 01:23:01 - crawler - ERROR - Ошибка при обработке https://httpbin.org/status/500?seq=1058: CircuitBreakerOpenError - Домен httpbin.org заблокирован
2026-08-05 01:23:01 - crawler - INFO - fetch_url_with_meta вызван для https://httpbin.org/status/503?seq=1059
2026-08-05 01:23:01 - crawler - WARNING - Домен httpbin.org временно заблокирован Circuit Breaker
2026-08-05 01:23:01 - crawler - ERROR - Ошибка при обработке https://httpbin.org/status/503?seq=1059: CircuitBreakerOpenError - Домен httpbin.org заблокирован
2026-08-05 01:23:01 - crawler - INFO - fetch_url_with_meta вызван для https://httpbin.org/status/429?seq=1060
2026-08-05 01:23:01 - crawler - WARNING - Домен httpbin.org временно заблокирован Circuit Breaker
2026-08-05 01:23:01 - crawler - ERROR - Ошибка при обработке https://httpbin.org/status/429?seq=1060: CircuitBreakerOpenError - Домен httpbin.org заблокирован
2026-08-05 01:23:01 - crawler - INFO - fetch_url_with_meta вызван для https://httpbin.org/get?seq=1061
2026-08-05 01:23:01 - crawler - WARNING - Домен httpbin.org временно заблокирован Circuit Breaker
2026-08-05 01:23:01 - crawler - ERROR - Ошибка при обработке https://httpbin.org/get?seq=1061: CircuitBreakerOpenError - Домен httpbin.org заблокирован
2026-08-05 01:23:01 - crawler - INFO - fetch_url_with_meta вызван для https://httpbin.org/delay/1?seq=1062
2026-08-05 01:23:01 - crawler - WARNING - Домен httpbin.org временно заблокирован Circuit Breaker
2026-08-05 01:23:01 - crawler - ERROR - Ошибка при обработке https://httpbin.org/delay/1?seq=1062: CircuitBreakerOpenError - Домен httpbin.org заблокирован
2026-08-05 01:23:01 - crawler - INFO - fetch_url_with_meta вызван для https://httpbin.org/delay/2?seq=1063
2026-08-05 01:23:01 - crawler - WARNING - Домен httpbin.org временно заблокирован Circuit Breaker
2026-08-05 01:23:01 - crawler - ERROR - Ошибка при обработке https://httpbin.org/delay/2?seq=1063: CircuitBreakerOpenError - Домен httpbin.org заблокирован
2026-08-05 01:23:01 - crawler - INFO - fetch_url_with_meta вызван для https://httpbin.org/html?seq=1064
2026-08-05 01:23:01 - crawler - WARNING - Домен httpbin.org временно заблокирован Circuit Breaker
2026-08-05 01:23:01 - crawler - ERROR - Ошибка при обработке https://httpbin.org/html?seq=1064: CircuitBreakerOpenError - Домен httpbin.org заблокирован
2026-08-05 01:23:01 - crawler - INFO - fetch_url_with_meta вызван для https://httpbin.org/forms/post?seq=1065
2026-08-05 01:23:01 - crawler - WARNING - Домен httpbin.org временно заблокирован Circuit Breaker
2026-08-05 01:23:01 - crawler - ERROR - Ошибка при обработке https://httpbin.org/forms/post?seq=1065: CircuitBreakerOpenError - Домен httpbin.org заблокирован
2026-08-05 01:23:01 - crawler - INFO - fetch_url_with_meta вызван для https://httpbin.org/bytes/1024?seq=1066
2026-08-05 01:23:01 - crawler - WARNING - Домен httpbin.org временно заблокирован Circuit Breaker
2026-08-05 01:23:01 - crawler - ERROR - Ошибка при обработке https://httpbin.org/bytes/1024?seq=1066: CircuitBreakerOpenError - Домен httpbin.org заблокирован
2026-08-05 01:23:01 - crawler - INFO - fetch_url_with_meta вызван для https://httpbin.org/status/200?seq=1067
2026-08-05 01:23:01 - crawler - WARNING - Домен httpbin.org временно заблокирован Circuit Breaker
2026-08-05 01:23:01 - crawler - ERROR - Ошибка при обработке https://httpbin.org/status/200?seq=1067: CircuitBreakerOpenError - Домен httpbin.org заблокирован
2026-08-05 01:23:01 - crawler - INFO - fetch_url_with_meta вызван для https://httpbin.org/status/404?seq=1068
2026-08-05 01:23:01 - crawler - WARNING - Домен httpbin.org временно заблокирован Circuit Breaker
2026-08-05 01:23:01 - crawler - ERROR - Ошибка при обработке https://httpbin.org/status/404?seq=1068: CircuitBreakerOpenError - Домен httpbin.org заблокирован
2026-08-05 01:23:01 - crawler - INFO - fetch_url_with_meta вызван для https://httpbin.org/status/500?seq=1069
2026-08-05 01:23:01 - crawler - WARNING - Домен httpbin.org временно заблокирован Circuit Breaker
2026-08-05 01:23:01 - crawler - ERROR - Ошибка при обработке https://httpbin.org/status/500?seq=1069: CircuitBreakerOpenError - Домен httpbin.org заблокирован
2026-08-05 01:23:01 - crawler - INFO - fetch_url_with_meta вызван для https://httpbin.org/status/503?seq=1070
2026-08-05 01:23:01 - crawler - WARNING - Домен httpbin.org временно заблокирован Circuit Breaker
2026-08-05 01:23:01 - crawler - ERROR - Ошибка при обработке https://httpbin.org/status/503?seq=1070: CircuitBreakerOpenError - Домен httpbin.org заблокирован
2026-08-05 01:23:01 - crawler - INFO - fetch_url_with_meta вызван для https://httpbin.org/status/429?seq=1071
2026-08-05 01:23:01 - crawler - WARNING - Домен httpbin.org временно заблокирован Circuit Breaker
2026-08-05 01:23:01 - crawler - ERROR - Ошибка при обработке https://httpbin.org/status/429?seq=1071: CircuitBreakerOpenError - Домен httpbin.org заблокирован
2026-08-05 01:23:01 - crawler - INFO - fetch_url_with_meta вызван для https://httpbin.org/get?seq=1072
2026-08-05 01:23:01 - crawler - WARNING - Домен httpbin.org временно заблокирован Circuit Breaker
2026-08-05 01:23:01 - crawler - ERROR - Ошибка при обработке https://httpbin.org/get?seq=1072: CircuitBreakerOpenError - Домен httpbin.org заблокирован
2026-08-05 01:23:01 - crawler - INFO - fetch_url_with_meta вызван для https://httpbin.org/delay/1?seq=1073
2026-08-05 01:23:01 - crawler - WARNING - Домен httpbin.org временно заблокирован Circuit Breaker
2026-08-05 01:23:01 - crawler - ERROR - Ошибка при обработке https://httpbin.org/delay/1?seq=1073: CircuitBreakerOpenError - Домен httpbin.org заблокирован
2026-08-05 01:23:01 - crawler - INFO - fetch_url_with_meta вызван для https://httpbin.org/delay/2?seq=1074
2026-08-05 01:23:01 - crawler - WARNING - Домен httpbin.org временно заблокирован Circuit Breaker
2026-08-05 01:23:01 - crawler - ERROR - Ошибка при обработке https://httpbin.org/delay/2?seq=1074: CircuitBreakerOpenError - Домен httpbin.org заблокирован
2026-08-05 01:23:01 - crawler - INFO - fetch_url_with_meta вызван для https://httpbin.org/html?seq=1075
2026-08-05 01:23:01 - crawler - WARNING - Домен httpbin.org временно заблокирован Circuit Breaker
2026-08-05 01:23:01 - crawler - ERROR - Ошибка при обработке https://httpbin.org/html?seq=1075: CircuitBreakerOpenError - Домен httpbin.org заблокирован
2026-08-05 01:23:01 - crawler - INFO - fetch_url_with_meta вызван для https://httpbin.org/forms/post?seq=1076
2026-08-05 01:23:01 - crawler - WARNING - Домен httpbin.org временно заблокирован Circuit Breaker
2026-08-05 01:23:01 - crawler - ERROR - Ошибка при обработке https://httpbin.org/forms/post?seq=1076: CircuitBreakerOpenError - Домен httpbin.org заблокирован
2026-08-05 01:23:01 - crawler - INFO - fetch_url_with_meta вызван для https://httpbin.org/bytes/1024?seq=1077
2026-08-05 01:23:01 - crawler - WARNING - Домен httpbin.org временно заблокирован Circuit Breaker
2026-08-05 01:23:01 - crawler - ERROR - Ошибка при обработке https://httpbin.org/bytes/1024?seq=1077: CircuitBreakerOpenError - Домен httpbin.org заблокирован
2026-08-05 01:23:01 - crawler - INFO - fetch_url_with_meta вызван для https://httpbin.org/status/200?seq=1078
2026-08-05 01:23:01 - crawler - WARNING - Домен httpbin.org временно заблокирован Circuit Breaker
2026-08-05 01:23:01 - crawler - ERROR - Ошибка при обработке https://httpbin.org/status/200?seq=1078: CircuitBreakerOpenError - Домен httpbin.org заблокирован
2026-08-05 01:23:01 - crawler - INFO - fetch_url_with_meta вызван для https://httpbin.org/status/404?seq=1079
2026-08-05 01:23:01 - crawler - WARNING - Домен httpbin.org временно заблокирован Circuit Breaker
2026-08-05 01:23:01 - crawler - ERROR - Ошибка при обработке https://httpbin.org/status/404?seq=1079: CircuitBreakerOpenError - Домен httpbin.org заблокирован
2026-08-05 01:23:01 - crawler - INFO - fetch_url_with_meta вызван для https://httpbin.org/status/500?seq=1080
2026-08-05 01:23:01 - crawler - WARNING - Домен httpbin.org временно заблокирован Circuit Breaker
2026-08-05 01:23:01 - crawler - ERROR - Ошибка при обработке https://httpbin.org/status/500?seq=1080: CircuitBreakerOpenError - Домен httpbin.org заблокирован
2026-08-05 01:23:01 - crawler - INFO - fetch_url_with_meta вызван для https://httpbin.org/status/503?seq=1081
2026-08-05 01:23:01 - crawler - WARNING - Домен httpbin.org временно заблокирован Circuit Breaker
2026-08-05 01:23:01 - crawler - ERROR - Ошибка при обработке https://httpbin.org/status/503?seq=1081: CircuitBreakerOpenError - Домен httpbin.org заблокирован
2026-08-05 01:23:01 - crawler - INFO - fetch_url_with_meta вызван для https://httpbin.org/status/429?seq=1082
2026-08-05 01:23:01 - crawler - WARNING - Домен httpbin.org временно заблокирован Circuit Breaker
2026-08-05 01:23:01 - crawler - ERROR - Ошибка при обработке https://httpbin.org/status/429?seq=1082: CircuitBreakerOpenError - Домен httpbin.org заблокирован
2026-08-05 01:23:01 - crawler - INFO - fetch_url_with_meta вызван для https://httpbin.org/get?seq=1083
2026-08-05 01:23:01 - crawler - WARNING - Домен httpbin.org временно заблокирован Circuit Breaker
2026-08-05 01:23:01 - crawler - ERROR - Ошибка при обработке https://httpbin.org/get?seq=1083: CircuitBreakerOpenError - Домен httpbin.org заблокирован
2026-08-05 01:23:01 - crawler - INFO - fetch_url_with_meta вызван для https://httpbin.org/delay/1?seq=1084
2026-08-05 01:23:01 - crawler - WARNING - Домен httpbin.org временно заблокирован Circuit Breaker
2026-08-05 01:23:01 - crawler - ERROR - Ошибка при обработке https://httpbin.org/delay/1?seq=1084: CircuitBreakerOpenError - Домен httpbin.org заблокирован
2026-08-05 01:23:01 - crawler - INFO - fetch_url_with_meta вызван для https://httpbin.org/delay/2?seq=1085
2026-08-05 01:23:01 - crawler - WARNING - Домен httpbin.org временно заблокирован Circuit Breaker
2026-08-05 01:23:01 - crawler - ERROR - Ошибка при обработке https://httpbin.org/delay/2?seq=1085: CircuitBreakerOpenError - Домен httpbin.org заблокирован
2026-08-05 01:23:01 - crawler - INFO - fetch_url_with_meta вызван для https://httpbin.org/html?seq=1086
2026-08-05 01:23:01 - crawler - WARNING - Домен httpbin.org временно заблокирован Circuit Breaker
2026-08-05 01:23:01 - crawler - ERROR - Ошибка при обработке https://httpbin.org/html?seq=1086: CircuitBreakerOpenError - Домен httpbin.org заблокирован
2026-08-05 01:23:01 - crawler - INFO - fetch_url_with_meta вызван для https://httpbin.org/forms/post?seq=1087
2026-08-05 01:23:01 - crawler - WARNING - Домен httpbin.org временно заблокирован Circuit Breaker
2026-08-05 01:23:01 - crawler - ERROR - Ошибка при обработке https://httpbin.org/forms/post?seq=1087: CircuitBreakerOpenError - Домен httpbin.org заблокирован
2026-08-05 01:23:01 - crawler - INFO - fetch_url_with_meta вызван для https://httpbin.org/bytes/1024?seq=1088
2026-08-05 01:23:01 - crawler - WARNING - Домен httpbin.org временно заблокирован Circuit Breaker
2026-08-05 01:23:01 - crawler - ERROR - Ошибка при обработке https://httpbin.org/bytes/1024?seq=1088: CircuitBreakerOpenError - Домен httpbin.org заблокирован
2026-08-05 01:23:01 - crawler - INFO - fetch_url_with_meta вызван для https://httpbin.org/status/200?seq=1089
2026-08-05 01:23:01 - crawler - WARNING - Домен httpbin.org временно заблокирован Circuit Breaker
2026-08-05 01:23:01 - crawler - ERROR - Ошибка при обработке https://httpbin.org/status/200?seq=1089: CircuitBreakerOpenError - Домен httpbin.org заблокирован
2026-08-05 01:23:01 - crawler - INFO - Успешно загружена: https://httpbin.org/get?seq=16 (размер: 330 байт, время: 5.77 с)
2026-08-05 01:23:01 - crawler - INFO - fetch_url_with_meta вызван для https://httpbin.org/status/404?seq=1090
2026-08-05 01:23:01 - crawler - WARNING - Домен httpbin.org временно заблокирован Circuit Breaker
2026-08-05 01:23:01 - crawler - ERROR - Ошибка при обработке https://httpbin.org/status/404?seq=1090: CircuitBreakerOpenError - Домен httpbin.org заблокирован
2026-08-05 01:23:01 - crawler - INFO - fetch_url_with_meta вызван для https://httpbin.org/status/500?seq=1091
2026-08-05 01:23:01 - crawler - WARNING - Домен httpbin.org временно заблокирован Circuit Breaker
2026-08-05 01:23:01 - crawler - ERROR - Ошибка при обработке https://httpbin.org/status/500?seq=1091: CircuitBreakerOpenError - Домен httpbin.org заблокирован
2026-08-05 01:23:01 - crawler - INFO - fetch_url_with_meta вызван для https://httpbin.org/status/503?seq=1092
2026-08-05 01:23:01 - crawler - WARNING - Домен httpbin.org временно заблокирован Circuit Breaker
2026-08-05 01:23:01 - crawler - ERROR - Ошибка при обработке https://httpbin.org/status/503?seq=1092: CircuitBreakerOpenError - Домен httpbin.org заблокирован
2026-08-05 01:23:01 - crawler - INFO - fetch_url_with_meta вызван для https://httpbin.org/status/429?seq=1093
2026-08-05 01:23:01 - crawler - WARNING - Домен httpbin.org временно заблокирован Circuit Breaker
2026-08-05 01:23:01 - crawler - ERROR - Ошибка при обработке https://httpbin.org/status/429?seq=1093: CircuitBreakerOpenError - Домен httpbin.org заблокирован
2026-08-05 01:23:01 - crawler - INFO - fetch_url_with_meta вызван для https://httpbin.org/get?seq=1094
2026-08-05 01:23:01 - crawler - WARNING - Домен httpbin.org временно заблокирован Circuit Breaker
2026-08-05 01:23:01 - crawler - ERROR - Ошибка при обработке https://httpbin.org/get?seq=1094: CircuitBreakerOpenError - Домен httpbin.org заблокирован
2026-08-05 01:23:01 - crawler - INFO - fetch_url_with_meta вызван для https://httpbin.org/delay/1?seq=1095
2026-08-05 01:23:01 - crawler - WARNING - Домен httpbin.org временно заблокирован Circuit Breaker
2026-08-05 01:23:01 - crawler - ERROR - Ошибка при обработке https://httpbin.org/delay/1?seq=1095: CircuitBreakerOpenError - Домен httpbin.org заблокирован
2026-08-05 01:23:01 - crawler - INFO - fetch_url_with_meta вызван для https://httpbin.org/delay/2?seq=1096
2026-08-05 01:23:01 - crawler - WARNING - Домен httpbin.org временно заблокирован Circuit Breaker
2026-08-05 01:23:01 - crawler - ERROR - Ошибка при обработке https://httpbin.org/delay/2?seq=1096: CircuitBreakerOpenError - Домен httpbin.org заблокирован
2026-08-05 01:23:01 - crawler - INFO - fetch_url_with_meta вызван для https://httpbin.org/html?seq=1097
2026-08-05 01:23:01 - crawler - WARNING - Домен httpbin.org временно заблокирован Circuit Breaker
2026-08-05 01:23:01 - crawler - ERROR - Ошибка при обработке https://httpbin.org/html?seq=1097: CircuitBreakerOpenError - Домен httpbin.org заблокирован
2026-08-05 01:23:01 - crawler - INFO - fetch_url_with_meta вызван для https://httpbin.org/forms/post?seq=1098
2026-08-05 01:23:01 - crawler - WARNING - Домен httpbin.org временно заблокирован Circuit Breaker
2026-08-05 01:23:01 - crawler - ERROR - Ошибка при обработке https://httpbin.org/forms/post?seq=1098: CircuitBreakerOpenError - Домен httpbin.org заблокирован
2026-08-05 01:23:01 - crawler - INFO - fetch_url_with_meta вызван для https://httpbin.org/bytes/1024?seq=1099
2026-08-05 01:23:01 - crawler - WARNING - Домен httpbin.org временно заблокирован Circuit Breaker
2026-08-05 01:23:01 - crawler - ERROR - Ошибка при обработке https://httpbin.org/bytes/1024?seq=1099: CircuitBreakerOpenError - Домен httpbin.org заблокирован
2026-08-05 01:23:01 - crawler - INFO - fetch_url_with_meta вызван для https://httpbin.org/status/200?seq=1100
2026-08-05 01:23:01 - crawler - WARNING - Домен httpbin.org временно заблокирован Circuit Breaker
2026-08-05 01:23:01 - crawler - ERROR - Ошибка при обработке https://httpbin.org/status/200?seq=1100: CircuitBreakerOpenError - Домен httpbin.org заблокирован
2026-08-05 01:23:01 - crawler - INFO - fetch_url_with_meta вызван для https://httpbin.org/status/404?seq=1101
2026-08-05 01:23:01 - crawler - WARNING - Домен httpbin.org временно заблокирован Circuit Breaker
2026-08-05 01:23:01 - crawler - ERROR - Ошибка при обработке https://httpbin.org/status/404?seq=1101: CircuitBreakerOpenError - Домен httpbin.org заблокирован
2026-08-05 01:23:01 - crawler - INFO - fetch_url_with_meta вызван для https://httpbin.org/status/500?seq=1102
2026-08-05 01:23:01 - crawler - WARNING - Домен httpbin.org временно заблокирован Circuit Breaker
2026-08-05 01:23:01 - crawler - ERROR - Ошибка при обработке https://httpbin.org/status/500?seq=1102: CircuitBreakerOpenError - Домен httpbin.org заблокирован
2026-08-05 01:23:01 - crawler - INFO - fetch_url_with_meta вызван для https://httpbin.org/status/503?seq=1103
2026-08-05 01:23:01 - crawler - WARNING - Домен httpbin.org временно заблокирован Circuit Breaker
2026-08-05 01:23:01 - crawler - ERROR - Ошибка при обработке https://httpbin.org/status/503?seq=1103: CircuitBreakerOpenError - Домен httpbin.org заблокирован
2026-08-05 01:23:01 - crawler - INFO - fetch_url_with_meta вызван для https://httpbin.org/status/429?seq=1104
2026-08-05 01:23:01 - crawler - WARNING - Домен httpbin.org временно заблокирован Circuit Breaker
2026-08-05 01:23:01 - crawler - ERROR - Ошибка при обработке https://httpbin.org/status/429?seq=1104: CircuitBreakerOpenError - Домен httpbin.org заблокирован
2026-08-05 01:23:01 - crawler - INFO - fetch_url_with_meta вызван для https://httpbin.org/get?seq=1105
2026-08-05 01:23:01 - crawler - WARNING - Домен httpbin.org временно заблокирован Circuit Breaker
2026-08-05 01:23:01 - crawler - ERROR - Ошибка при обработке https://httpbin.org/get?seq=1105: CircuitBreakerOpenError - Домен httpbin.org заблокирован
2026-08-05 01:23:01 - crawler - INFO - fetch_url_with_meta вызван для https://httpbin.org/delay/1?seq=1106
2026-08-05 01:23:01 - crawler - WARNING - Домен httpbin.org временно заблокирован Circuit Breaker
2026-08-05 01:23:01 - crawler - ERROR - Ошибка при обработке https://httpbin.org/delay/1?seq=1106: CircuitBreakerOpenError - Домен httpbin.org заблокирован
2026-08-05 01:23:01 - crawler - INFO - fetch_url_with_meta вызван для https://httpbin.org/delay/2?seq=1107
2026-08-05 01:23:01 - crawler - WARNING - Домен httpbin.org временно заблокирован Circuit Breaker
2026-08-05 01:23:01 - crawler - ERROR - Ошибка при обработке https://httpbin.org/delay/2?seq=1107: CircuitBreakerOpenError - Домен httpbin.org заблокирован
2026-08-05 01:23:01 - crawler - INFO - fetch_url_with_meta вызван для https://httpbin.org/html?seq=1108
2026-08-05 01:23:01 - crawler - WARNING - Домен httpbin.org временно заблокирован Circuit Breaker
2026-08-05 01:23:01 - crawler - ERROR - Ошибка при обработке https://httpbin.org/html?seq=1108: CircuitBreakerOpenError - Домен httpbin.org заблокирован
2026-08-05 01:23:01 - crawler - INFO - fetch_url_with_meta вызван для https://httpbin.org/forms/post?seq=1109
2026-08-05 01:23:01 - crawler - WARNING - Домен httpbin.org временно заблокирован Circuit Breaker
2026-08-05 01:23:01 - crawler - ERROR - Ошибка при обработке https://httpbin.org/forms/post?seq=1109: CircuitBreakerOpenError - Домен httpbin.org заблокирован
2026-08-05 01:23:01 - crawler - INFO - fetch_url_with_meta вызван для https://httpbin.org/bytes/1024?seq=1110
2026-08-05 01:23:01 - crawler - WARNING - Домен httpbin.org временно заблокирован Circuit Breaker
2026-08-05 01:23:01 - crawler - ERROR - Ошибка при обработке https://httpbin.org/bytes/1024?seq=1110: CircuitBreakerOpenError - Домен httpbin.org заблокирован
2026-08-05 01:23:01 - crawler - INFO - fetch_url_with_meta вызван для https://httpbin.org/status/200?seq=1111
2026-08-05 01:23:01 - crawler - WARNING - Домен httpbin.org временно заблокирован Circuit Breaker
2026-08-05 01:23:01 - crawler - ERROR - Ошибка при обработке https://httpbin.org/status/200?seq=1111: CircuitBreakerOpenError - Домен httpbin.org заблокирован
2026-08-05 01:23:01 - crawler - INFO - fetch_url_with_meta вызван для https://httpbin.org/status/404?seq=1112
2026-08-05 01:23:01 - crawler - WARNING - Домен httpbin.org временно заблокирован Circuit Breaker
2026-08-05 01:23:01 - crawler - ERROR - Ошибка при обработке https://httpbin.org/status/404?seq=1112: CircuitBreakerOpenError - Домен httpbin.org заблокирован
2026-08-05 01:23:01 - crawler - INFO - fetch_url_with_meta вызван для https://httpbin.org/status/500?seq=1113
2026-08-05 01:23:01 - crawler - WARNING - Домен httpbin.org временно заблокирован Circuit Breaker
2026-08-05 01:23:01 - crawler - ERROR - Ошибка при обработке https://httpbin.org/status/500?seq=1113: CircuitBreakerOpenError - Домен httpbin.org заблокирован
2026-08-05 01:23:01 - crawler - INFO - fetch_url_with_meta вызван для https://httpbin.org/status/503?seq=1114
2026-08-05 01:23:01 - crawler - WARNING - Домен httpbin.org временно заблокирован Circuit Breaker
2026-08-05 01:23:01 - crawler - ERROR - Ошибка при обработке https://httpbin.org/status/503?seq=1114: CircuitBreakerOpenError - Домен httpbin.org заблокирован
2026-08-05 01:23:01 - crawler - INFO - fetch_url_with_meta вызван для https://httpbin.org/status/429?seq=1115
2026-08-05 01:23:01 - crawler - WARNING - Домен httpbin.org временно заблокирован Circuit Breaker
2026-08-05 01:23:01 - crawler - ERROR - Ошибка при обработке https://httpbin.org/status/429?seq=1115: CircuitBreakerOpenError - Домен httpbin.org заблокирован
2026-08-05 01:23:01 - crawler - INFO - fetch_url_with_meta вызван для https://httpbin.org/get?seq=1116
2026-08-05 01:23:01 - crawler - WARNING - Домен httpbin.org временно заблокирован Circuit Breaker
2026-08-05 01:23:01 - crawler - ERROR - Ошибка при обработке https://httpbin.org/get?seq=1116: CircuitBreakerOpenError - Домен httpbin.org заблокирован
2026-08-05 01:23:01 - crawler - INFO - fetch_url_with_meta вызван для https://httpbin.org/delay/1?seq=1117
2026-08-05 01:23:01 - crawler - WARNING - Домен httpbin.org временно заблокирован Circuit Breaker
2026-08-05 01:23:01 - crawler - ERROR - Ошибка при обработке https://httpbin.org/delay/1?seq=1117: CircuitBreakerOpenError - Домен httpbin.org заблокирован
2026-08-05 01:23:01 - crawler - INFO - fetch_url_with_meta вызван для https://httpbin.org/delay/2?seq=1118
2026-08-05 01:23:01 - crawler - WARNING - Домен httpbin.org временно заблокирован Circuit Breaker
2026-08-05 01:23:01 - crawler - ERROR - Ошибка при обработке https://httpbin.org/delay/2?seq=1118: CircuitBreakerOpenError - Домен httpbin.org заблокирован
2026-08-05 01:23:01 - crawler - INFO - fetch_url_with_meta вызван для https://httpbin.org/html?seq=1119
2026-08-05 01:23:01 - crawler - WARNING - Домен httpbin.org временно заблокирован Circuit Breaker
2026-08-05 01:23:01 - crawler - ERROR - Ошибка при обработке https://httpbin.org/html?seq=1119: CircuitBreakerOpenError - Домен httpbin.org заблокирован
2026-08-05 01:23:01 - crawler - INFO - fetch_url_with_meta вызван для https://httpbin.org/forms/post?seq=1120
2026-08-05 01:23:01 - crawler - WARNING - Домен httpbin.org временно заблокирован Circuit Breaker
2026-08-05 01:23:01 - crawler - ERROR - Ошибка при обработке https://httpbin.org/forms/post?seq=1120: CircuitBreakerOpenError - Домен httpbin.org заблокирован
2026-08-05 01:23:01 - crawler - INFO - fetch_url_with_meta вызван для https://httpbin.org/bytes/1024?seq=1121
2026-08-05 01:23:01 - crawler - WARNING - Домен httpbin.org временно заблокирован Circuit Breaker
2026-08-05 01:23:01 - crawler - ERROR - Ошибка при обработке https://httpbin.org/bytes/1024?seq=1121: CircuitBreakerOpenError - Домен httpbin.org заблокирован
2026-08-05 01:23:01 - crawler - INFO - fetch_url_with_meta вызван для https://httpbin.org/status/200?seq=1122
2026-08-05 01:23:01 - crawler - WARNING - Домен httpbin.org временно заблокирован Circuit Breaker
2026-08-05 01:23:01 - crawler - ERROR - Ошибка при обработке https://httpbin.org/status/200?seq=1122: CircuitBreakerOpenError - Домен httpbin.org заблокирован
2026-08-05 01:23:01 - crawler - INFO - fetch_url_with_meta вызван для https://httpbin.org/status/404?seq=1123
2026-08-05 01:23:01 - crawler - WARNING - Домен httpbin.org временно заблокирован Circuit Breaker
2026-08-05 01:23:01 - crawler - ERROR - Ошибка при обработке https://httpbin.org/status/404?seq=1123: CircuitBreakerOpenError - Домен httpbin.org заблокирован
2026-08-05 01:23:01 - crawler - INFO - fetch_url_with_meta вызван для https://httpbin.org/status/500?seq=1124
2026-08-05 01:23:01 - crawler - WARNING - Домен httpbin.org временно заблокирован Circuit Breaker
2026-08-05 01:23:01 - crawler - ERROR - Ошибка при обработке https://httpbin.org/status/500?seq=1124: CircuitBreakerOpenError - Домен httpbin.org заблокирован
2026-08-05 01:23:01 - crawler - INFO - fetch_url_with_meta вызван для https://httpbin.org/status/503?seq=1125
2026-08-05 01:23:01 - crawler - WARNING - Домен httpbin.org временно заблокирован Circuit Breaker
2026-08-05 01:23:01 - crawler - ERROR - Ошибка при обработке https://httpbin.org/status/503?seq=1125: CircuitBreakerOpenError - Домен httpbin.org заблокирован
2026-08-05 01:23:01 - crawler - INFO - fetch_url_with_meta вызван для https://httpbin.org/status/429?seq=1126
2026-08-05 01:23:01 - crawler - WARNING - Домен httpbin.org временно заблокирован Circuit Breaker
2026-08-05 01:23:01 - crawler - ERROR - Ошибка при обработке https://httpbin.org/status/429?seq=1126: CircuitBreakerOpenError - Домен httpbin.org заблокирован
2026-08-05 01:23:01 - crawler - INFO - fetch_url_with_meta вызван для https://httpbin.org/get?seq=1127
2026-08-05 01:23:01 - crawler - WARNING - Домен httpbin.org временно заблокирован Circuit Breaker
2026-08-05 01:23:01 - crawler - ERROR - Ошибка при обработке https://httpbin.org/get?seq=1127: CircuitBreakerOpenError - Домен httpbin.org заблокирован
2026-08-05 01:23:01 - crawler - INFO - fetch_url_with_meta вызван для https://httpbin.org/delay/1?seq=1128
2026-08-05 01:23:01 - crawler - WARNING - Домен httpbin.org временно заблокирован Circuit Breaker
2026-08-05 01:23:01 - crawler - ERROR - Ошибка при обработке https://httpbin.org/delay/1?seq=1128: CircuitBreakerOpenError - Домен httpbin.org заблокирован
2026-08-05 01:23:01 - crawler - INFO - fetch_url_with_meta вызван для https://httpbin.org/delay/2?seq=1129
2026-08-05 01:23:01 - crawler - WARNING - Домен httpbin.org временно заблокирован Circuit Breaker
2026-08-05 01:23:01 - crawler - ERROR - Ошибка при обработке https://httpbin.org/delay/2?seq=1129: CircuitBreakerOpenError - Домен httpbin.org заблокирован
2026-08-05 01:23:01 - crawler - INFO - fetch_url_with_meta вызван для https://httpbin.org/html?seq=1130
2026-08-05 01:23:01 - crawler - WARNING - Домен httpbin.org временно заблокирован Circuit Breaker
2026-08-05 01:23:01 - crawler - ERROR - Ошибка при обработке https://httpbin.org/html?seq=1130: CircuitBreakerOpenError - Домен httpbin.org заблокирован
2026-08-05 01:23:01 - crawler - INFO - fetch_url_with_meta вызван для https://httpbin.org/forms/post?seq=1131
2026-08-05 01:23:01 - crawler - WARNING - Домен httpbin.org временно заблокирован Circuit Breaker
2026-08-05 01:23:01 - crawler - ERROR - Ошибка при обработке https://httpbin.org/forms/post?seq=1131: CircuitBreakerOpenError - Домен httpbin.org заблокирован
2026-08-05 01:23:01 - crawler - INFO - fetch_url_with_meta вызван для https://httpbin.org/bytes/1024?seq=1132
2026-08-05 01:23:01 - crawler - WARNING - Домен httpbin.org временно заблокирован Circuit Breaker
2026-08-05 01:23:01 - crawler - ERROR - Ошибка при обработке https://httpbin.org/bytes/1024?seq=1132: CircuitBreakerOpenError - Домен httpbin.org заблокирован
2026-08-05 01:23:01 - crawler - INFO - fetch_url_with_meta вызван для https://httpbin.org/status/200?seq=1133
2026-08-05 01:23:01 - crawler - WARNING - Домен httpbin.org временно заблокирован Circuit Breaker
2026-08-05 01:23:01 - crawler - ERROR - Ошибка при обработке https://httpbin.org/status/200?seq=1133: CircuitBreakerOpenError - Домен httpbin.org заблокирован
2026-08-05 01:23:01 - retry_strategy - ERROR - Превышено максимальное число попыток (3) для NetworkError: Timeout: Timeout on reading data from socket
2026-08-05 01:23:01 - crawler - ERROR - Временная ошибка NetworkError для https://httpbin.org/status/503?seq=14 (время: 21.11 с, попыток: 4, задержка до следующей: 0.00с)
2026-08-05 01:23:01 - circuit_breaker - WARNING - Circuit breaker перешёл в OPEN для домена (ошибок: 7)
2026-08-05 01:23:01 - crawler - ERROR - Ошибка при обработке https://httpbin.org/status/503?seq=14: NetworkError - Timeout: Timeout on reading data from socket
2026-08-05 01:23:01 - crawler - INFO - fetch_url_with_meta вызван для https://httpbin.org/status/404?seq=1134
2026-08-05 01:23:01 - crawler - WARNING - Домен httpbin.org временно заблокирован Circuit Breaker
2026-08-05 01:23:01 - crawler - ERROR - Ошибка при обработке https://httpbin.org/status/404?seq=1134: CircuitBreakerOpenError - Домен httpbin.org заблокирован
2026-08-05 01:23:01 - crawler - INFO - fetch_url_with_meta вызван для https://httpbin.org/status/500?seq=1135
2026-08-05 01:23:01 - crawler - WARNING - Домен httpbin.org временно заблокирован Circuit Breaker
2026-08-05 01:23:01 - crawler - ERROR - Ошибка при обработке https://httpbin.org/status/500?seq=1135: CircuitBreakerOpenError - Домен httpbin.org заблокирован
2026-08-05 01:23:01 - crawler - INFO - fetch_url_with_meta вызван для https://httpbin.org/status/503?seq=1136
2026-08-05 01:23:01 - crawler - WARNING - Домен httpbin.org временно заблокирован Circuit Breaker
2026-08-05 01:23:01 - crawler - ERROR - Ошибка при обработке https://httpbin.org/status/503?seq=1136: CircuitBreakerOpenError - Домен httpbin.org заблокирован
2026-08-05 01:23:01 - crawler - INFO - fetch_url_with_meta вызван для https://httpbin.org/status/429?seq=1137
2026-08-05 01:23:01 - crawler - WARNING - Домен httpbin.org временно заблокирован Circuit Breaker
2026-08-05 01:23:01 - crawler - ERROR - Ошибка при обработке https://httpbin.org/status/429?seq=1137: CircuitBreakerOpenError - Домен httpbin.org заблокирован
2026-08-05 01:23:01 - crawler - INFO - fetch_url_with_meta вызван для https://httpbin.org/get?seq=1138
2026-08-05 01:23:01 - crawler - WARNING - Домен httpbin.org временно заблокирован Circuit Breaker
2026-08-05 01:23:01 - crawler - ERROR - Ошибка при обработке https://httpbin.org/get?seq=1138: CircuitBreakerOpenError - Домен httpbin.org заблокирован
2026-08-05 01:23:01 - crawler - INFO - fetch_url_with_meta вызван для https://httpbin.org/delay/1?seq=1139
2026-08-05 01:23:01 - crawler - WARNING - Домен httpbin.org временно заблокирован Circuit Breaker
2026-08-05 01:23:01 - crawler - ERROR - Ошибка при обработке https://httpbin.org/delay/1?seq=1139: CircuitBreakerOpenError - Домен httpbin.org заблокирован
2026-08-05 01:23:01 - crawler - INFO - fetch_url_with_meta вызван для https://httpbin.org/delay/2?seq=1140
2026-08-05 01:23:01 - crawler - WARNING - Домен httpbin.org временно заблокирован Circuit Breaker
2026-08-05 01:23:01 - crawler - ERROR - Ошибка при обработке https://httpbin.org/delay/2?seq=1140: CircuitBreakerOpenError - Домен httpbin.org заблокирован
2026-08-05 01:23:01 - crawler - INFO - fetch_url_with_meta вызван для https://httpbin.org/html?seq=1141
2026-08-05 01:23:01 - crawler - WARNING - Домен httpbin.org временно заблокирован Circuit Breaker
2026-08-05 01:23:01 - crawler - ERROR - Ошибка при обработке https://httpbin.org/html?seq=1141: CircuitBreakerOpenError - Домен httpbin.org заблокирован
2026-08-05 01:23:01 - crawler - INFO - fetch_url_with_meta вызван для https://httpbin.org/forms/post?seq=1142
2026-08-05 01:23:01 - crawler - WARNING - Домен httpbin.org временно заблокирован Circuit Breaker
2026-08-05 01:23:01 - crawler - ERROR - Ошибка при обработке https://httpbin.org/forms/post?seq=1142: CircuitBreakerOpenError - Домен httpbin.org заблокирован
2026-08-05 01:23:01 - crawler - INFO - fetch_url_with_meta вызван для https://httpbin.org/bytes/1024?seq=1143
2026-08-05 01:23:01 - crawler - WARNING - Домен httpbin.org временно заблокирован Circuit Breaker
2026-08-05 01:23:01 - crawler - ERROR - Ошибка при обработке https://httpbin.org/bytes/1024?seq=1143: CircuitBreakerOpenError - Домен httpbin.org заблокирован
2026-08-05 01:23:02 - crawler - INFO - fetch_url_with_meta вызван для https://httpbin.org/status/200?seq=1144
2026-08-05 01:23:02 - crawler - WARNING - Домен httpbin.org временно заблокирован Circuit Breaker
2026-08-05 01:23:02 - crawler - ERROR - Ошибка при обработке https://httpbin.org/status/200?seq=1144: CircuitBreakerOpenError - Домен httpbin.org заблокирован
2026-08-05 01:23:02 - crawler - INFO - fetch_url_with_meta вызван для https://httpbin.org/status/404?seq=1145
2026-08-05 01:23:02 - crawler - WARNING - Домен httpbin.org временно заблокирован Circuit Breaker
2026-08-05 01:23:02 - crawler - ERROR - Ошибка при обработке https://httpbin.org/status/404?seq=1145: CircuitBreakerOpenError - Домен httpbin.org заблокирован
2026-08-05 01:23:02 - crawler - INFO - fetch_url_with_meta вызван для https://httpbin.org/status/500?seq=1146
2026-08-05 01:23:02 - crawler - WARNING - Домен httpbin.org временно заблокирован Circuit Breaker
2026-08-05 01:23:02 - crawler - ERROR - Ошибка при обработке https://httpbin.org/status/500?seq=1146: CircuitBreakerOpenError - Домен httpbin.org заблокирован
2026-08-05 01:23:02 - crawler - INFO - fetch_url_with_meta вызван для https://httpbin.org/status/503?seq=1147
2026-08-05 01:23:02 - crawler - WARNING - Домен httpbin.org временно заблокирован Circuit Breaker
2026-08-05 01:23:02 - crawler - ERROR - Ошибка при обработке https://httpbin.org/status/503?seq=1147: CircuitBreakerOpenError - Домен httpbin.org заблокирован
2026-08-05 01:23:02 - crawler - INFO - fetch_url_with_meta вызван для https://httpbin.org/status/429?seq=1148
2026-08-05 01:23:02 - crawler - WARNING - Домен httpbin.org временно заблокирован Circuit Breaker
2026-08-05 01:23:02 - crawler - ERROR - Ошибка при обработке https://httpbin.org/status/429?seq=1148: CircuitBreakerOpenError - Домен httpbin.org заблокирован
2026-08-05 01:23:02 - crawler - INFO - fetch_url_with_meta вызван для https://httpbin.org/get?seq=1149
2026-08-05 01:23:02 - crawler - WARNING - Домен httpbin.org временно заблокирован Circuit Breaker
2026-08-05 01:23:02 - crawler - ERROR - Ошибка при обработке https://httpbin.org/get?seq=1149: CircuitBreakerOpenError - Домен httpbin.org заблокирован
2026-08-05 01:23:02 - crawler - INFO - fetch_url_with_meta вызван для https://httpbin.org/delay/1?seq=1150
2026-08-05 01:23:02 - crawler - WARNING - Домен httpbin.org временно заблокирован Circuit Breaker
2026-08-05 01:23:02 - crawler - ERROR - Ошибка при обработке https://httpbin.org/delay/1?seq=1150: CircuitBreakerOpenError - Домен httpbin.org заблокирован
2026-08-05 01:23:02 - crawler - INFO - fetch_url_with_meta вызван для https://httpbin.org/delay/2?seq=1151
2026-08-05 01:23:02 - crawler - WARNING - Домен httpbin.org временно заблокирован Circuit Breaker
2026-08-05 01:23:02 - crawler - ERROR - Ошибка при обработке https://httpbin.org/delay/2?seq=1151: CircuitBreakerOpenError - Домен httpbin.org заблокирован
2026-08-05 01:23:02 - crawler - INFO - fetch_url_with_meta вызван для https://httpbin.org/html?seq=1152
2026-08-05 01:23:02 - crawler - WARNING - Домен httpbin.org временно заблокирован Circuit Breaker
2026-08-05 01:23:02 - crawler - ERROR - Ошибка при обработке https://httpbin.org/html?seq=1152: CircuitBreakerOpenError - Домен httpbin.org заблокирован
2026-08-05 01:23:02 - crawler - INFO - fetch_url_with_meta вызван для https://httpbin.org/forms/post?seq=1153
2026-08-05 01:23:02 - crawler - WARNING - Домен httpbin.org временно заблокирован Circuit Breaker
2026-08-05 01:23:02 - crawler - ERROR - Ошибка при обработке https://httpbin.org/forms/post?seq=1153: CircuitBreakerOpenError - Домен httpbin.org заблокирован
2026-08-05 01:23:02 - crawler - INFO - fetch_url_with_meta вызван для https://httpbin.org/bytes/1024?seq=1154
2026-08-05 01:23:02 - crawler - WARNING - Домен httpbin.org временно заблокирован Circuit Breaker
2026-08-05 01:23:02 - crawler - ERROR - Ошибка при обработке https://httpbin.org/bytes/1024?seq=1154: CircuitBreakerOpenError - Домен httpbin.org заблокирован
2026-08-05 01:23:02 - crawler - INFO - fetch_url_with_meta вызван для https://httpbin.org/status/200?seq=1155
2026-08-05 01:23:02 - crawler - WARNING - Домен httpbin.org временно заблокирован Circuit Breaker
2026-08-05 01:23:02 - crawler - ERROR - Ошибка при обработке https://httpbin.org/status/200?seq=1155: CircuitBreakerOpenError - Домен httpbin.org заблокирован
2026-08-05 01:23:02 - crawler - INFO - fetch_url_with_meta вызван для https://httpbin.org/status/404?seq=1156
2026-08-05 01:23:02 - crawler - WARNING - Домен httpbin.org временно заблокирован Circuit Breaker
2026-08-05 01:23:02 - crawler - ERROR - Ошибка при обработке https://httpbin.org/status/404?seq=1156: CircuitBreakerOpenError - Домен httpbin.org заблокирован
2026-08-05 01:23:02 - crawler - INFO - fetch_url_with_meta вызван для https://httpbin.org/status/500?seq=1157
2026-08-05 01:23:02 - crawler - WARNING - Домен httpbin.org временно заблокирован Circuit Breaker
2026-08-05 01:23:02 - crawler - ERROR - Ошибка при обработке https://httpbin.org/status/500?seq=1157: CircuitBreakerOpenError - Домен httpbin.org заблокирован
2026-08-05 01:23:02 - crawler - INFO - fetch_url_with_meta вызван для https://httpbin.org/status/503?seq=1158
2026-08-05 01:23:02 - crawler - WARNING - Домен httpbin.org временно заблокирован Circuit Breaker
2026-08-05 01:23:02 - crawler - ERROR - Ошибка при обработке https://httpbin.org/status/503?seq=1158: CircuitBreakerOpenError - Домен httpbin.org заблокирован
2026-08-05 01:23:02 - crawler - INFO - fetch_url_with_meta вызван для https://httpbin.org/status/429?seq=1159
2026-08-05 01:23:02 - crawler - WARNING - Домен httpbin.org временно заблокирован Circuit Breaker
2026-08-05 01:23:02 - crawler - ERROR - Ошибка при обработке https://httpbin.org/status/429?seq=1159: CircuitBreakerOpenError - Домен httpbin.org заблокирован
2026-08-05 01:23:02 - crawler - INFO - fetch_url_with_meta вызван для https://httpbin.org/get?seq=1160
2026-08-05 01:23:02 - crawler - WARNING - Домен httpbin.org временно заблокирован Circuit Breaker
2026-08-05 01:23:02 - crawler - ERROR - Ошибка при обработке https://httpbin.org/get?seq=1160: CircuitBreakerOpenError - Домен httpbin.org заблокирован
2026-08-05 01:23:02 - crawler - INFO - fetch_url_with_meta вызван для https://httpbin.org/delay/1?seq=1161
2026-08-05 01:23:02 - crawler - WARNING - Домен httpbin.org временно заблокирован Circuit Breaker
2026-08-05 01:23:02 - crawler - ERROR - Ошибка при обработке https://httpbin.org/delay/1?seq=1161: CircuitBreakerOpenError - Домен httpbin.org заблокирован
2026-08-05 01:23:02 - crawler - INFO - fetch_url_with_meta вызван для https://httpbin.org/delay/2?seq=1162
2026-08-05 01:23:02 - crawler - WARNING - Домен httpbin.org временно заблокирован Circuit Breaker
2026-08-05 01:23:02 - crawler - ERROR - Ошибка при обработке https://httpbin.org/delay/2?seq=1162: CircuitBreakerOpenError - Домен httpbin.org заблокирован
2026-08-05 01:23:02 - crawler - INFO - fetch_url_with_meta вызван для https://httpbin.org/html?seq=1163
2026-08-05 01:23:02 - crawler - WARNING - Домен httpbin.org временно заблокирован Circuit Breaker
2026-08-05 01:23:02 - crawler - ERROR - Ошибка при обработке https://httpbin.org/html?seq=1163: CircuitBreakerOpenError - Домен httpbin.org заблокирован
2026-08-05 01:23:02 - crawler - INFO - fetch_url_with_meta вызван для https://httpbin.org/forms/post?seq=1164
2026-08-05 01:23:02 - crawler - WARNING - Домен httpbin.org временно заблокирован Circuit Breaker
2026-08-05 01:23:02 - crawler - ERROR - Ошибка при обработке https://httpbin.org/forms/post?seq=1164: CircuitBreakerOpenError - Домен httpbin.org заблокирован
2026-08-05 01:23:02 - crawler - INFO - fetch_url_with_meta вызван для https://httpbin.org/bytes/1024?seq=1165
2026-08-05 01:23:02 - crawler - WARNING - Домен httpbin.org временно заблокирован Circuit Breaker
2026-08-05 01:23:02 - crawler - ERROR - Ошибка при обработке https://httpbin.org/bytes/1024?seq=1165: CircuitBreakerOpenError - Домен httpbin.org заблокирован
2026-08-05 01:23:02 - crawler - INFO - fetch_url_with_meta вызван для https://httpbin.org/status/200?seq=1166
2026-08-05 01:23:02 - crawler - WARNING - Домен httpbin.org временно заблокирован Circuit Breaker
2026-08-05 01:23:02 - crawler - ERROR - Ошибка при обработке https://httpbin.org/status/200?seq=1166: CircuitBreakerOpenError - Домен httpbin.org заблокирован
2026-08-05 01:23:02 - crawler - INFO - fetch_url_with_meta вызван для https://httpbin.org/status/404?seq=1167
2026-08-05 01:23:02 - crawler - WARNING - Домен httpbin.org временно заблокирован Circuit Breaker
2026-08-05 01:23:02 - crawler - ERROR - Ошибка при обработке https://httpbin.org/status/404?seq=1167: CircuitBreakerOpenError - Домен httpbin.org заблокирован
2026-08-05 01:23:02 - crawler - INFO - fetch_url_with_meta вызван для https://httpbin.org/status/500?seq=1168
2026-08-05 01:23:02 - crawler - WARNING - Домен httpbin.org временно заблокирован Circuit Breaker
2026-08-05 01:23:02 - crawler - ERROR - Ошибка при обработке https://httpbin.org/status/500?seq=1168: CircuitBreakerOpenError - Домен httpbin.org заблокирован
2026-08-05 01:23:02 - crawler - INFO - fetch_url_with_meta вызван для https://httpbin.org/status/503?seq=1169
2026-08-05 01:23:02 - crawler - WARNING - Домен httpbin.org временно заблокирован Circuit Breaker
2026-08-05 01:23:02 - crawler - ERROR - Ошибка при обработке https://httpbin.org/status/503?seq=1169: CircuitBreakerOpenError - Домен httpbin.org заблокирован
2026-08-05 01:23:02 - crawler - INFO - fetch_url_with_meta вызван для https://httpbin.org/status/429?seq=1170
2026-08-05 01:23:02 - crawler - WARNING - Домен httpbin.org временно заблокирован Circuit Breaker
2026-08-05 01:23:02 - crawler - ERROR - Ошибка при обработке https://httpbin.org/status/429?seq=1170: CircuitBreakerOpenError - Домен httpbin.org заблокирован
2026-08-05 01:23:02 - crawler - INFO - fetch_url_with_meta вызван для https://httpbin.org/get?seq=1171
2026-08-05 01:23:02 - crawler - WARNING - Домен httpbin.org временно заблокирован Circuit Breaker
2026-08-05 01:23:02 - crawler - ERROR - Ошибка при обработке https://httpbin.org/get?seq=1171: CircuitBreakerOpenError - Домен httpbin.org заблокирован
2026-08-05 01:23:02 - crawler - INFO - fetch_url_with_meta вызван для https://httpbin.org/delay/1?seq=1172
2026-08-05 01:23:02 - crawler - WARNING - Домен httpbin.org временно заблокирован Circuit Breaker
2026-08-05 01:23:02 - crawler - ERROR - Ошибка при обработке https://httpbin.org/delay/1?seq=1172: CircuitBreakerOpenError - Домен httpbin.org заблокирован
2026-08-05 01:23:02 - crawler - INFO - fetch_url_with_meta вызван для https://httpbin.org/delay/2?seq=1173
2026-08-05 01:23:02 - crawler - WARNING - Домен httpbin.org временно заблокирован Circuit Breaker
2026-08-05 01:23:02 - crawler - ERROR - Ошибка при обработке https://httpbin.org/delay/2?seq=1173: CircuitBreakerOpenError - Домен httpbin.org заблокирован
2026-08-05 01:23:02 - crawler - INFO - fetch_url_with_meta вызван для https://httpbin.org/html?seq=1174
2026-08-05 01:23:02 - crawler - WARNING - Домен httpbin.org временно заблокирован Circuit Breaker
2026-08-05 01:23:02 - crawler - ERROR - Ошибка при обработке https://httpbin.org/html?seq=1174: CircuitBreakerOpenError - Домен httpbin.org заблокирован
2026-08-05 01:23:02 - crawler - INFO - fetch_url_with_meta вызван для https://httpbin.org/forms/post?seq=1175
2026-08-05 01:23:02 - crawler - WARNING - Домен httpbin.org временно заблокирован Circuit Breaker
2026-08-05 01:23:02 - crawler - ERROR - Ошибка при обработке https://httpbin.org/forms/post?seq=1175: CircuitBreakerOpenError - Домен httpbin.org заблокирован
2026-08-05 01:23:02 - crawler - INFO - fetch_url_with_meta вызван для https://httpbin.org/bytes/1024?seq=1176
2026-08-05 01:23:02 - crawler - WARNING - Домен httpbin.org временно заблокирован Circuit Breaker
2026-08-05 01:23:02 - crawler - ERROR - Ошибка при обработке https://httpbin.org/bytes/1024?seq=1176: CircuitBreakerOpenError - Домен httpbin.org заблокирован
2026-08-05 01:23:02 - crawler - INFO - fetch_url_with_meta вызван для https://httpbin.org/status/200?seq=1177
2026-08-05 01:23:02 - crawler - WARNING - Домен httpbin.org временно заблокирован Circuit Breaker
2026-08-05 01:23:02 - crawler - ERROR - Ошибка при обработке https://httpbin.org/status/200?seq=1177: CircuitBreakerOpenError - Домен httpbin.org заблокирован
2026-08-05 01:23:02 - crawler - INFO - fetch_url_with_meta вызван для https://httpbin.org/status/404?seq=1178
2026-08-05 01:23:02 - crawler - WARNING - Домен httpbin.org временно заблокирован Circuit Breaker
2026-08-05 01:23:02 - crawler - ERROR - Ошибка при обработке https://httpbin.org/status/404?seq=1178: CircuitBreakerOpenError - Домен httpbin.org заблокирован
2026-08-05 01:23:02 - crawler - INFO - fetch_url_with_meta вызван для https://httpbin.org/status/500?seq=1179
2026-08-05 01:23:02 - crawler - WARNING - Домен httpbin.org временно заблокирован Circuit Breaker
2026-08-05 01:23:02 - crawler - ERROR - Ошибка при обработке https://httpbin.org/status/500?seq=1179: CircuitBreakerOpenError - Домен httpbin.org заблокирован
2026-08-05 01:23:02 - crawler - INFO - fetch_url_with_meta вызван для https://httpbin.org/status/503?seq=1180
2026-08-05 01:23:02 - crawler - WARNING - Домен httpbin.org временно заблокирован Circuit Breaker
2026-08-05 01:23:02 - crawler - ERROR - Ошибка при обработке https://httpbin.org/status/503?seq=1180: CircuitBreakerOpenError - Домен httpbin.org заблокирован
2026-08-05 01:23:02 - crawler - INFO - fetch_url_with_meta вызван для https://httpbin.org/status/429?seq=1181
2026-08-05 01:23:02 - crawler - WARNING - Домен httpbin.org временно заблокирован Circuit Breaker
2026-08-05 01:23:02 - crawler - ERROR - Ошибка при обработке https://httpbin.org/status/429?seq=1181: CircuitBreakerOpenError - Домен httpbin.org заблокирован
2026-08-05 01:23:02 - crawler - INFO - fetch_url_with_meta вызван для https://httpbin.org/get?seq=1182
2026-08-05 01:23:02 - crawler - WARNING - Домен httpbin.org временно заблокирован Circuit Breaker
2026-08-05 01:23:02 - crawler - ERROR - Ошибка при обработке https://httpbin.org/get?seq=1182: CircuitBreakerOpenError - Домен httpbin.org заблокирован
2026-08-05 01:23:02 - crawler - INFO - fetch_url_with_meta вызван для https://httpbin.org/delay/1?seq=1183
2026-08-05 01:23:02 - crawler - WARNING - Домен httpbin.org временно заблокирован Circuit Breaker
2026-08-05 01:23:02 - crawler - ERROR - Ошибка при обработке https://httpbin.org/delay/1?seq=1183: CircuitBreakerOpenError - Домен httpbin.org заблокирован
2026-08-05 01:23:02 - crawler - INFO - fetch_url_with_meta вызван для https://httpbin.org/delay/2?seq=1184
2026-08-05 01:23:02 - crawler - WARNING - Домен httpbin.org временно заблокирован Circuit Breaker
2026-08-05 01:23:02 - crawler - ERROR - Ошибка при обработке https://httpbin.org/delay/2?seq=1184: CircuitBreakerOpenError - Домен httpbin.org заблокирован
2026-08-05 01:23:02 - crawler - INFO - fetch_url_with_meta вызван для https://httpbin.org/html?seq=1185
2026-08-05 01:23:02 - crawler - WARNING - Домен httpbin.org временно заблокирован Circuit Breaker
2026-08-05 01:23:02 - crawler - ERROR - Ошибка при обработке https://httpbin.org/html?seq=1185: CircuitBreakerOpenError - Домен httpbin.org заблокирован
2026-08-05 01:23:02 - crawler - INFO - fetch_url_with_meta вызван для https://httpbin.org/forms/post?seq=1186
2026-08-05 01:23:02 - crawler - WARNING - Домен httpbin.org временно заблокирован Circuit Breaker
2026-08-05 01:23:02 - crawler - ERROR - Ошибка при обработке https://httpbin.org/forms/post?seq=1186: CircuitBreakerOpenError - Домен httpbin.org заблокирован
2026-08-05 01:23:02 - crawler - INFO - fetch_url_with_meta вызван для https://httpbin.org/bytes/1024?seq=1187
2026-08-05 01:23:02 - crawler - WARNING - Домен httpbin.org временно заблокирован Circuit Breaker
2026-08-05 01:23:02 - crawler - ERROR - Ошибка при обработке https://httpbin.org/bytes/1024?seq=1187: CircuitBreakerOpenError - Домен httpbin.org заблокирован
2026-08-05 01:23:02 - crawler - INFO - fetch_url_with_meta вызван для https://httpbin.org/status/200?seq=1188
2026-08-05 01:23:02 - crawler - WARNING - Домен httpbin.org временно заблокирован Circuit Breaker
2026-08-05 01:23:02 - crawler - ERROR - Ошибка при обработке https://httpbin.org/status/200?seq=1188: CircuitBreakerOpenError - Домен httpbin.org заблокирован
2026-08-05 01:23:02 - crawler - INFO - fetch_url_with_meta вызван для https://httpbin.org/status/404?seq=1189
2026-08-05 01:23:02 - crawler - WARNING - Домен httpbin.org временно заблокирован Circuit Breaker
2026-08-05 01:23:02 - crawler - ERROR - Ошибка при обработке https://httpbin.org/status/404?seq=1189: CircuitBreakerOpenError - Домен httpbin.org заблокирован
2026-08-05 01:23:02 - crawler - INFO - fetch_url_with_meta вызван для https://httpbin.org/status/500?seq=1190
2026-08-05 01:23:02 - crawler - WARNING - Домен httpbin.org временно заблокирован Circuit Breaker
2026-08-05 01:23:02 - crawler - ERROR - Ошибка при обработке https://httpbin.org/status/500?seq=1190: CircuitBreakerOpenError - Домен httpbin.org заблокирован
2026-08-05 01:23:02 - crawler - INFO - fetch_url_with_meta вызван для https://httpbin.org/status/503?seq=1191
2026-08-05 01:23:02 - crawler - WARNING - Домен httpbin.org временно заблокирован Circuit Breaker
2026-08-05 01:23:02 - crawler - ERROR - Ошибка при обработке https://httpbin.org/status/503?seq=1191: CircuitBreakerOpenError - Домен httpbin.org заблокирован
2026-08-05 01:23:02 - crawler - INFO - fetch_url_with_meta вызван для https://httpbin.org/status/429?seq=1192
2026-08-05 01:23:02 - crawler - WARNING - Домен httpbin.org временно заблокирован Circuit Breaker
2026-08-05 01:23:02 - crawler - ERROR - Ошибка при обработке https://httpbin.org/status/429?seq=1192: CircuitBreakerOpenError - Домен httpbin.org заблокирован
2026-08-05 01:23:02 - crawler - INFO - fetch_url_with_meta вызван для https://httpbin.org/get?seq=1193
2026-08-05 01:23:02 - crawler - WARNING - Домен httpbin.org временно заблокирован Circuit Breaker
2026-08-05 01:23:02 - crawler - ERROR - Ошибка при обработке https://httpbin.org/get?seq=1193: CircuitBreakerOpenError - Домен httpbin.org заблокирован
2026-08-05 01:23:02 - crawler - INFO - fetch_url_with_meta вызван для https://httpbin.org/delay/1?seq=1194
2026-08-05 01:23:02 - crawler - WARNING - Домен httpbin.org временно заблокирован Circuit Breaker
2026-08-05 01:23:02 - crawler - ERROR - Ошибка при обработке https://httpbin.org/delay/1?seq=1194: CircuitBreakerOpenError - Домен httpbin.org заблокирован
2026-08-05 01:23:02 - crawler - INFO - fetch_url_with_meta вызван для https://httpbin.org/delay/2?seq=1195
2026-08-05 01:23:02 - crawler - WARNING - Домен httpbin.org временно заблокирован Circuit Breaker
2026-08-05 01:23:02 - crawler - ERROR - Ошибка при обработке https://httpbin.org/delay/2?seq=1195: CircuitBreakerOpenError - Домен httpbin.org заблокирован
2026-08-05 01:23:02 - crawler - INFO - fetch_url_with_meta вызван для https://httpbin.org/html?seq=1196
2026-08-05 01:23:02 - crawler - WARNING - Домен httpbin.org временно заблокирован Circuit Breaker
2026-08-05 01:23:02 - crawler - ERROR - Ошибка при обработке https://httpbin.org/html?seq=1196: CircuitBreakerOpenError - Домен httpbin.org заблокирован
2026-08-05 01:23:02 - crawler - INFO - fetch_url_with_meta вызван для https://httpbin.org/forms/post?seq=1197
2026-08-05 01:23:02 - crawler - WARNING - Домен httpbin.org временно заблокирован Circuit Breaker
2026-08-05 01:23:02 - crawler - ERROR - Ошибка при обработке https://httpbin.org/forms/post?seq=1197: CircuitBreakerOpenError - Домен httpbin.org заблокирован
2026-08-05 01:23:02 - crawler - INFO - fetch_url_with_meta вызван для https://httpbin.org/bytes/1024?seq=1198
2026-08-05 01:23:02 - crawler - WARNING - Домен httpbin.org временно заблокирован Circuit Breaker
2026-08-05 01:23:02 - crawler - ERROR - Ошибка при обработке https://httpbin.org/bytes/1024?seq=1198: CircuitBreakerOpenError - Домен httpbin.org заблокирован
2026-08-05 01:23:02 - crawler - INFO - fetch_url_with_meta вызван для https://httpbin.org/status/200?seq=1199
2026-08-05 01:23:02 - crawler - WARNING - Домен httpbin.org временно заблокирован Circuit Breaker
2026-08-05 01:23:02 - crawler - ERROR - Ошибка при обработке https://httpbin.org/status/200?seq=1199: CircuitBreakerOpenError - Домен httpbin.org заблокирован
2026-08-05 01:23:02 - crawler - INFO - fetch_url_with_meta вызван для https://httpbin.org/status/404?seq=1200
2026-08-05 01:23:02 - crawler - WARNING - Домен httpbin.org временно заблокирован Circuit Breaker
2026-08-05 01:23:02 - crawler - ERROR - Ошибка при обработке https://httpbin.org/status/404?seq=1200: CircuitBreakerOpenError - Домен httpbin.org заблокирован
2026-08-05 01:23:02 - crawler - INFO - fetch_url_with_meta вызван для https://httpbin.org/status/500?seq=1201
2026-08-05 01:23:02 - crawler - WARNING - Домен httpbin.org временно заблокирован Circuit Breaker
2026-08-05 01:23:02 - crawler - ERROR - Ошибка при обработке https://httpbin.org/status/500?seq=1201: CircuitBreakerOpenError - Домен httpbin.org заблокирован
2026-08-05 01:23:02 - crawler - INFO - fetch_url_with_meta вызван для https://httpbin.org/status/503?seq=1202
2026-08-05 01:23:02 - crawler - WARNING - Домен httpbin.org временно заблокирован Circuit Breaker
2026-08-05 01:23:02 - crawler - ERROR - Ошибка при обработке https://httpbin.org/status/503?seq=1202: CircuitBreakerOpenError - Домен httpbin.org заблокирован
2026-08-05 01:23:02 - crawler - INFO - fetch_url_with_meta вызван для https://httpbin.org/status/429?seq=1203
2026-08-05 01:23:02 - crawler - WARNING - Домен httpbin.org временно заблокирован Circuit Breaker
2026-08-05 01:23:02 - crawler - ERROR - Ошибка при обработке https://httpbin.org/status/429?seq=1203: CircuitBreakerOpenError - Домен httpbin.org заблокирован
2026-08-05 01:23:02 - crawler - INFO - fetch_url_with_meta вызван для https://httpbin.org/get?seq=1204
2026-08-05 01:23:02 - crawler - WARNING - Домен httpbin.org временно заблокирован Circuit Breaker
2026-08-05 01:23:02 - crawler - ERROR - Ошибка при обработке https://httpbin.org/get?seq=1204: CircuitBreakerOpenError - Домен httpbin.org заблокирован
2026-08-05 01:23:02 - crawler - INFO - fetch_url_with_meta вызван для https://httpbin.org/delay/1?seq=1205
2026-08-05 01:23:02 - crawler - WARNING - Домен httpbin.org временно заблокирован Circuit Breaker
2026-08-05 01:23:02 - crawler - ERROR - Ошибка при обработке https://httpbin.org/delay/1?seq=1205: CircuitBreakerOpenError - Домен httpbin.org заблокирован
2026-08-05 01:23:02 - crawler - INFO - fetch_url_with_meta вызван для https://httpbin.org/delay/2?seq=1206
2026-08-05 01:23:02 - crawler - WARNING - Домен httpbin.org временно заблокирован Circuit Breaker
2026-08-05 01:23:02 - crawler - ERROR - Ошибка при обработке https://httpbin.org/delay/2?seq=1206: CircuitBreakerOpenError - Домен httpbin.org заблокирован
2026-08-05 01:23:02 - crawler - INFO - fetch_url_with_meta вызван для https://httpbin.org/html?seq=1207
2026-08-05 01:23:02 - crawler - WARNING - Домен httpbin.org временно заблокирован Circuit Breaker
2026-08-05 01:23:02 - crawler - ERROR - Ошибка при обработке https://httpbin.org/html?seq=1207: CircuitBreakerOpenError - Домен httpbin.org заблокирован
2026-08-05 01:23:02 - crawler - INFO - fetch_url_with_meta вызван для https://httpbin.org/forms/post?seq=1208
2026-08-05 01:23:02 - crawler - WARNING - Домен httpbin.org временно заблокирован Circuit Breaker
2026-08-05 01:23:02 - crawler - ERROR - Ошибка при обработке https://httpbin.org/forms/post?seq=1208: CircuitBreakerOpenError - Домен httpbin.org заблокирован
2026-08-05 01:23:02 - crawler - INFO - fetch_url_with_meta вызван для https://httpbin.org/bytes/1024?seq=1209
2026-08-05 01:23:02 - crawler - WARNING - Домен httpbin.org временно заблокирован Circuit Breaker
2026-08-05 01:23:02 - crawler - ERROR - Ошибка при обработке https://httpbin.org/bytes/1024?seq=1209: CircuitBreakerOpenError - Домен httpbin.org заблокирован
2026-08-05 01:23:02 - crawler - INFO - fetch_url_with_meta вызван для https://httpbin.org/status/200?seq=1210
2026-08-05 01:23:02 - crawler - WARNING - Домен httpbin.org временно заблокирован Circuit Breaker
2026-08-05 01:23:02 - crawler - ERROR - Ошибка при обработке https://httpbin.org/status/200?seq=1210: CircuitBreakerOpenError - Домен httpbin.org заблокирован
2026-08-05 01:23:02 - crawler - INFO - fetch_url_with_meta вызван для https://httpbin.org/status/404?seq=1211
2026-08-05 01:23:02 - crawler - WARNING - Домен httpbin.org временно заблокирован Circuit Breaker
2026-08-05 01:23:02 - crawler - ERROR - Ошибка при обработке https://httpbin.org/status/404?seq=1211: CircuitBreakerOpenError - Домен httpbin.org заблокирован
2026-08-05 01:23:02 - crawler - INFO - fetch_url_with_meta вызван для https://httpbin.org/status/500?seq=1212
2026-08-05 01:23:02 - crawler - WARNING - Домен httpbin.org временно заблокирован Circuit Breaker
2026-08-05 01:23:02 - crawler - ERROR - Ошибка при обработке https://httpbin.org/status/500?seq=1212: CircuitBreakerOpenError - Домен httpbin.org заблокирован
2026-08-05 01:23:02 - crawler - INFO - fetch_url_with_meta вызван для https://httpbin.org/status/503?seq=1213
2026-08-05 01:23:02 - crawler - WARNING - Домен httpbin.org временно заблокирован Circuit Breaker
2026-08-05 01:23:02 - crawler - ERROR - Ошибка при обработке https://httpbin.org/status/503?seq=1213: CircuitBreakerOpenError - Домен httpbin.org заблокирован
2026-08-05 01:23:02 - crawler - INFO - fetch_url_with_meta вызван для https://httpbin.org/status/429?seq=1214
2026-08-05 01:23:02 - crawler - WARNING - Домен httpbin.org временно заблокирован Circuit Breaker
2026-08-05 01:23:02 - crawler - ERROR - Ошибка при обработке https://httpbin.org/status/429?seq=1214: CircuitBreakerOpenError - Домен httpbin.org заблокирован
2026-08-05 01:23:02 - crawler - INFO - fetch_url_with_meta вызван для https://httpbin.org/get?seq=1215
2026-08-05 01:23:02 - crawler - WARNING - Домен httpbin.org временно заблокирован Circuit Breaker
2026-08-05 01:23:02 - crawler - ERROR - Ошибка при обработке https://httpbin.org/get?seq=1215: CircuitBreakerOpenError - Домен httpbin.org заблокирован
2026-08-05 01:23:02 - crawler - INFO - fetch_url_with_meta вызван для https://httpbin.org/delay/1?seq=1216
2026-08-05 01:23:02 - crawler - WARNING - Домен httpbin.org временно заблокирован Circuit Breaker
2026-08-05 01:23:02 - crawler - ERROR - Ошибка при обработке https://httpbin.org/delay/1?seq=1216: CircuitBreakerOpenError - Домен httpbin.org заблокирован
2026-08-05 01:23:02 - crawler - INFO - fetch_url_with_meta вызван для https://httpbin.org/delay/2?seq=1217
2026-08-05 01:23:02 - crawler - WARNING - Домен httpbin.org временно заблокирован Circuit Breaker
2026-08-05 01:23:02 - crawler - ERROR - Ошибка при обработке https://httpbin.org/delay/2?seq=1217: CircuitBreakerOpenError - Домен httpbin.org заблокирован
2026-08-05 01:23:02 - crawler - INFO - fetch_url_with_meta вызван для https://httpbin.org/html?seq=1218
2026-08-05 01:23:02 - crawler - WARNING - Домен httpbin.org временно заблокирован Circuit Breaker
2026-08-05 01:23:02 - crawler - ERROR - Ошибка при обработке https://httpbin.org/html?seq=1218: CircuitBreakerOpenError - Домен httpbin.org заблокирован
2026-08-05 01:23:02 - crawler - INFO - fetch_url_with_meta вызван для https://httpbin.org/forms/post?seq=1219
2026-08-05 01:23:02 - crawler - WARNING - Домен httpbin.org временно заблокирован Circuit Breaker
2026-08-05 01:23:02 - crawler - ERROR - Ошибка при обработке https://httpbin.org/forms/post?seq=1219: CircuitBreakerOpenError - Домен httpbin.org заблокирован
2026-08-05 01:23:02 - crawler - INFO - fetch_url_with_meta вызван для https://httpbin.org/bytes/1024?seq=1220
2026-08-05 01:23:02 - crawler - WARNING - Домен httpbin.org временно заблокирован Circuit Breaker
2026-08-05 01:23:02 - crawler - ERROR - Ошибка при обработке https://httpbin.org/bytes/1024?seq=1220: CircuitBreakerOpenError - Домен httpbin.org заблокирован
2026-08-05 01:23:02 - crawler - INFO - fetch_url_with_meta вызван для https://httpbin.org/status/200?seq=1221
2026-08-05 01:23:02 - crawler - WARNING - Домен httpbin.org временно заблокирован Circuit Breaker
2026-08-05 01:23:02 - crawler - ERROR - Ошибка при обработке https://httpbin.org/status/200?seq=1221: CircuitBreakerOpenError - Домен httpbin.org заблокирован
2026-08-05 01:23:02 - crawler - INFO - fetch_url_with_meta вызван для https://httpbin.org/status/404?seq=1222
2026-08-05 01:23:02 - crawler - WARNING - Домен httpbin.org временно заблокирован Circuit Breaker
2026-08-05 01:23:02 - crawler - ERROR - Ошибка при обработке https://httpbin.org/status/404?seq=1222: CircuitBreakerOpenError - Домен httpbin.org заблокирован
2026-08-05 01:23:02 - crawler - INFO - fetch_url_with_meta вызван для https://httpbin.org/status/500?seq=1223
2026-08-05 01:23:02 - crawler - WARNING - Домен httpbin.org временно заблокирован Circuit Breaker
2026-08-05 01:23:02 - crawler - ERROR - Ошибка при обработке https://httpbin.org/status/500?seq=1223: CircuitBreakerOpenError - Домен httpbin.org заблокирован
2026-08-05 01:23:03 - crawler - INFO - fetch_url_with_meta вызван для https://httpbin.org/status/503?seq=1224
2026-08-05 01:23:03 - crawler - WARNING - Домен httpbin.org временно заблокирован Circuit Breaker
2026-08-05 01:23:03 - crawler - ERROR - Ошибка при обработке https://httpbin.org/status/503?seq=1224: CircuitBreakerOpenError - Домен httpbin.org заблокирован
2026-08-05 01:23:03 - crawler - INFO - fetch_url_with_meta вызван для https://httpbin.org/status/429?seq=1225
2026-08-05 01:23:03 - crawler - WARNING - Домен httpbin.org временно заблокирован Circuit Breaker
2026-08-05 01:23:03 - crawler - ERROR - Ошибка при обработке https://httpbin.org/status/429?seq=1225: CircuitBreakerOpenError - Домен httpbin.org заблокирован
2026-08-05 01:23:03 - crawler - INFO - fetch_url_with_meta вызван для https://httpbin.org/get?seq=1226
2026-08-05 01:23:03 - crawler - WARNING - Домен httpbin.org временно заблокирован Circuit Breaker
2026-08-05 01:23:03 - crawler - ERROR - Ошибка при обработке https://httpbin.org/get?seq=1226: CircuitBreakerOpenError - Домен httpbin.org заблокирован
2026-08-05 01:23:03 - crawler - INFO - fetch_url_with_meta вызван для https://httpbin.org/delay/1?seq=1227
2026-08-05 01:23:03 - crawler - WARNING - Домен httpbin.org временно заблокирован Circuit Breaker
2026-08-05 01:23:03 - crawler - ERROR - Ошибка при обработке https://httpbin.org/delay/1?seq=1227: CircuitBreakerOpenError - Домен httpbin.org заблокирован
2026-08-05 01:23:03 - crawler - INFO - fetch_url_with_meta вызван для https://httpbin.org/delay/2?seq=1228
2026-08-05 01:23:03 - crawler - WARNING - Домен httpbin.org временно заблокирован Circuit Breaker
2026-08-05 01:23:03 - crawler - ERROR - Ошибка при обработке https://httpbin.org/delay/2?seq=1228: CircuitBreakerOpenError - Домен httpbin.org заблокирован
2026-08-05 01:23:03 - crawler - INFO - fetch_url_with_meta вызван для https://httpbin.org/html?seq=1229
2026-08-05 01:23:03 - crawler - WARNING - Домен httpbin.org временно заблокирован Circuit Breaker
2026-08-05 01:23:03 - crawler - ERROR - Ошибка при обработке https://httpbin.org/html?seq=1229: CircuitBreakerOpenError - Домен httpbin.org заблокирован
2026-08-05 01:23:03 - crawler - INFO - fetch_url_with_meta вызван для https://httpbin.org/forms/post?seq=1230
2026-08-05 01:23:03 - crawler - WARNING - Домен httpbin.org временно заблокирован Circuit Breaker
2026-08-05 01:23:03 - crawler - ERROR - Ошибка при обработке https://httpbin.org/forms/post?seq=1230: CircuitBreakerOpenError - Домен httpbin.org заблокирован
2026-08-05 01:23:03 - crawler - INFO - fetch_url_with_meta вызван для https://httpbin.org/bytes/1024?seq=1231
2026-08-05 01:23:03 - crawler - WARNING - Домен httpbin.org временно заблокирован Circuit Breaker
2026-08-05 01:23:03 - crawler - ERROR - Ошибка при обработке https://httpbin.org/bytes/1024?seq=1231: CircuitBreakerOpenError - Домен httpbin.org заблокирован
2026-08-05 01:23:03 - crawler - INFO - fetch_url_with_meta вызван для https://httpbin.org/status/200?seq=1232
2026-08-05 01:23:03 - crawler - WARNING - Домен httpbin.org временно заблокирован Circuit Breaker
2026-08-05 01:23:03 - crawler - ERROR - Ошибка при обработке https://httpbin.org/status/200?seq=1232: CircuitBreakerOpenError - Домен httpbin.org заблокирован
2026-08-05 01:23:03 - crawler - INFO - fetch_url_with_meta вызван для https://httpbin.org/status/404?seq=1233
2026-08-05 01:23:03 - crawler - WARNING - Домен httpbin.org временно заблокирован Circuit Breaker
2026-08-05 01:23:03 - crawler - ERROR - Ошибка при обработке https://httpbin.org/status/404?seq=1233: CircuitBreakerOpenError - Домен httpbin.org заблокирован
2026-08-05 01:23:03 - crawler - INFO - fetch_url_with_meta вызван для https://httpbin.org/status/500?seq=1234
2026-08-05 01:23:03 - crawler - WARNING - Домен httpbin.org временно заблокирован Circuit Breaker
2026-08-05 01:23:03 - crawler - ERROR - Ошибка при обработке https://httpbin.org/status/500?seq=1234: CircuitBreakerOpenError - Домен httpbin.org заблокирован
2026-08-05 01:23:03 - crawler - INFO - fetch_url_with_meta вызван для https://httpbin.org/status/503?seq=1235
2026-08-05 01:23:03 - crawler - WARNING - Домен httpbin.org временно заблокирован Circuit Breaker
2026-08-05 01:23:03 - crawler - ERROR - Ошибка при обработке https://httpbin.org/status/503?seq=1235: CircuitBreakerOpenError - Домен httpbin.org заблокирован
2026-08-05 01:23:03 - crawler - INFO - fetch_url_with_meta вызван для https://httpbin.org/status/429?seq=1236
2026-08-05 01:23:03 - crawler - WARNING - Домен httpbin.org временно заблокирован Circuit Breaker
2026-08-05 01:23:03 - crawler - ERROR - Ошибка при обработке https://httpbin.org/status/429?seq=1236: CircuitBreakerOpenError - Домен httpbin.org заблокирован
2026-08-05 01:23:03 - crawler - INFO - fetch_url_with_meta вызван для https://httpbin.org/get?seq=1237
2026-08-05 01:23:03 - crawler - WARNING - Домен httpbin.org временно заблокирован Circuit Breaker
2026-08-05 01:23:03 - crawler - ERROR - Ошибка при обработке https://httpbin.org/get?seq=1237: CircuitBreakerOpenError - Домен httpbin.org заблокирован
2026-08-05 01:23:03 - crawler - INFO - fetch_url_with_meta вызван для https://httpbin.org/delay/1?seq=1238
2026-08-05 01:23:03 - crawler - WARNING - Домен httpbin.org временно заблокирован Circuit Breaker
2026-08-05 01:23:03 - crawler - ERROR - Ошибка при обработке https://httpbin.org/delay/1?seq=1238: CircuitBreakerOpenError - Домен httpbin.org заблокирован
2026-08-05 01:23:03 - crawler - INFO - fetch_url_with_meta вызван для https://httpbin.org/delay/2?seq=1239
2026-08-05 01:23:03 - crawler - WARNING - Домен httpbin.org временно заблокирован Circuit Breaker
2026-08-05 01:23:03 - crawler - ERROR - Ошибка при обработке https://httpbin.org/delay/2?seq=1239: CircuitBreakerOpenError - Домен httpbin.org заблокирован
2026-08-05 01:23:03 - crawler - INFO - fetch_url_with_meta вызван для https://httpbin.org/html?seq=1240
2026-08-05 01:23:03 - crawler - WARNING - Домен httpbin.org временно заблокирован Circuit Breaker
2026-08-05 01:23:03 - crawler - ERROR - Ошибка при обработке https://httpbin.org/html?seq=1240: CircuitBreakerOpenError - Домен httpbin.org заблокирован
2026-08-05 01:23:03 - crawler - INFO - fetch_url_with_meta вызван для https://httpbin.org/forms/post?seq=1241
2026-08-05 01:23:03 - crawler - WARNING - Домен httpbin.org временно заблокирован Circuit Breaker
2026-08-05 01:23:03 - crawler - ERROR - Ошибка при обработке https://httpbin.org/forms/post?seq=1241: CircuitBreakerOpenError - Домен httpbin.org заблокирован
2026-08-05 01:23:03 - crawler - INFO - fetch_url_with_meta вызван для https://httpbin.org/bytes/1024?seq=1242
2026-08-05 01:23:03 - crawler - WARNING - Домен httpbin.org временно заблокирован Circuit Breaker
2026-08-05 01:23:03 - crawler - ERROR - Ошибка при обработке https://httpbin.org/bytes/1024?seq=1242: CircuitBreakerOpenError - Домен httpbin.org заблокирован
2026-08-05 01:23:03 - crawler - INFO - fetch_url_with_meta вызван для https://httpbin.org/status/200?seq=1243
2026-08-05 01:23:03 - crawler - WARNING - Домен httpbin.org временно заблокирован Circuit Breaker
2026-08-05 01:23:03 - crawler - ERROR - Ошибка при обработке https://httpbin.org/status/200?seq=1243: CircuitBreakerOpenError - Домен httpbin.org заблокирован
2026-08-05 01:23:03 - crawler - INFO - fetch_url_with_meta вызван для https://httpbin.org/status/404?seq=1244
2026-08-05 01:23:03 - crawler - WARNING - Домен httpbin.org временно заблокирован Circuit Breaker
2026-08-05 01:23:03 - crawler - ERROR - Ошибка при обработке https://httpbin.org/status/404?seq=1244: CircuitBreakerOpenError - Домен httpbin.org заблокирован
2026-08-05 01:23:03 - crawler - INFO - fetch_url_with_meta вызван для https://httpbin.org/status/500?seq=1245
2026-08-05 01:23:03 - crawler - WARNING - Домен httpbin.org временно заблокирован Circuit Breaker
2026-08-05 01:23:03 - crawler - ERROR - Ошибка при обработке https://httpbin.org/status/500?seq=1245: CircuitBreakerOpenError - Домен httpbin.org заблокирован
2026-08-05 01:23:03 - crawler - INFO - fetch_url_with_meta вызван для https://httpbin.org/status/503?seq=1246
2026-08-05 01:23:03 - crawler - WARNING - Домен httpbin.org временно заблокирован Circuit Breaker
2026-08-05 01:23:03 - crawler - ERROR - Ошибка при обработке https://httpbin.org/status/503?seq=1246: CircuitBreakerOpenError - Домен httpbin.org заблокирован
2026-08-05 01:23:03 - crawler - INFO - fetch_url_with_meta вызван для https://httpbin.org/status/429?seq=1247
2026-08-05 01:23:03 - crawler - WARNING - Домен httpbin.org временно заблокирован Circuit Breaker
2026-08-05 01:23:03 - crawler - ERROR - Ошибка при обработке https://httpbin.org/status/429?seq=1247: CircuitBreakerOpenError - Домен httpbin.org заблокирован
2026-08-05 01:23:03 - crawler - INFO - fetch_url_with_meta вызван для https://httpbin.org/get?seq=1248
2026-08-05 01:23:03 - crawler - WARNING - Домен httpbin.org временно заблокирован Circuit Breaker
2026-08-05 01:23:03 - crawler - ERROR - Ошибка при обработке https://httpbin.org/get?seq=1248: CircuitBreakerOpenError - Домен httpbin.org заблокирован
2026-08-05 01:23:03 - crawler - INFO - fetch_url_with_meta вызван для https://httpbin.org/delay/1?seq=1249
2026-08-05 01:23:03 - crawler - WARNING - Домен httpbin.org временно заблокирован Circuit Breaker
2026-08-05 01:23:03 - crawler - ERROR - Ошибка при обработке https://httpbin.org/delay/1?seq=1249: CircuitBreakerOpenError - Домен httpbin.org заблокирован
2026-08-05 01:23:03 - crawler - INFO - fetch_url_with_meta вызван для https://httpbin.org/delay/2?seq=1250
2026-08-05 01:23:03 - crawler - WARNING - Домен httpbin.org временно заблокирован Circuit Breaker
2026-08-05 01:23:03 - crawler - ERROR - Ошибка при обработке https://httpbin.org/delay/2?seq=1250: CircuitBreakerOpenError - Домен httpbin.org заблокирован
2026-08-05 01:23:03 - crawler - INFO - fetch_url_with_meta вызван для https://httpbin.org/html?seq=1251
2026-08-05 01:23:03 - crawler - WARNING - Домен httpbin.org временно заблокирован Circuit Breaker
2026-08-05 01:23:03 - crawler - ERROR - Ошибка при обработке https://httpbin.org/html?seq=1251: CircuitBreakerOpenError - Домен httpbin.org заблокирован
2026-08-05 01:23:03 - crawler - INFO - fetch_url_with_meta вызван для https://httpbin.org/forms/post?seq=1252
2026-08-05 01:23:03 - crawler - WARNING - Домен httpbin.org временно заблокирован Circuit Breaker
2026-08-05 01:23:03 - crawler - ERROR - Ошибка при обработке https://httpbin.org/forms/post?seq=1252: CircuitBreakerOpenError - Домен httpbin.org заблокирован
2026-08-05 01:23:03 - crawler - INFO - fetch_url_with_meta вызван для https://httpbin.org/bytes/1024?seq=1253
2026-08-05 01:23:03 - crawler - WARNING - Домен httpbin.org временно заблокирован Circuit Breaker
2026-08-05 01:23:03 - crawler - ERROR - Ошибка при обработке https://httpbin.org/bytes/1024?seq=1253: CircuitBreakerOpenError - Домен httpbin.org заблокирован
2026-08-05 01:23:03 - crawler - INFO - fetch_url_with_meta вызван для https://httpbin.org/status/200?seq=1254
2026-08-05 01:23:03 - crawler - WARNING - Домен httpbin.org временно заблокирован Circuit Breaker
2026-08-05 01:23:03 - crawler - ERROR - Ошибка при обработке https://httpbin.org/status/200?seq=1254: CircuitBreakerOpenError - Домен httpbin.org заблокирован
2026-08-05 01:23:03 - crawler - INFO - fetch_url_with_meta вызван для https://httpbin.org/status/404?seq=1255
2026-08-05 01:23:03 - crawler - WARNING - Домен httpbin.org временно заблокирован Circuit Breaker
2026-08-05 01:23:03 - crawler - ERROR - Ошибка при обработке https://httpbin.org/status/404?seq=1255: CircuitBreakerOpenError - Домен httpbin.org заблокирован
2026-08-05 01:23:03 - crawler - INFO - fetch_url_with_meta вызван для https://httpbin.org/status/500?seq=1256
2026-08-05 01:23:03 - crawler - WARNING - Домен httpbin.org временно заблокирован Circuit Breaker
2026-08-05 01:23:03 - crawler - ERROR - Ошибка при обработке https://httpbin.org/status/500?seq=1256: CircuitBreakerOpenError - Домен httpbin.org заблокирован
2026-08-05 01:23:03 - crawler - INFO - fetch_url_with_meta вызван для https://httpbin.org/status/503?seq=1257
2026-08-05 01:23:03 - crawler - WARNING - Домен httpbin.org временно заблокирован Circuit Breaker
2026-08-05 01:23:03 - crawler - ERROR - Ошибка при обработке https://httpbin.org/status/503?seq=1257: CircuitBreakerOpenError - Домен httpbin.org заблокирован
2026-08-05 01:23:03 - crawler - INFO - fetch_url_with_meta вызван для https://httpbin.org/status/429?seq=1258
2026-08-05 01:23:03 - crawler - WARNING - Домен httpbin.org временно заблокирован Circuit Breaker
2026-08-05 01:23:03 - crawler - ERROR - Ошибка при обработке https://httpbin.org/status/429?seq=1258: CircuitBreakerOpenError - Домен httpbin.org заблокирован
2026-08-05 01:23:03 - crawler - INFO - fetch_url_with_meta вызван для https://httpbin.org/get?seq=1259
2026-08-05 01:23:03 - crawler - WARNING - Домен httpbin.org временно заблокирован Circuit Breaker
2026-08-05 01:23:03 - crawler - ERROR - Ошибка при обработке https://httpbin.org/get?seq=1259: CircuitBreakerOpenError - Домен httpbin.org заблокирован
2026-08-05 01:23:03 - crawler - INFO - fetch_url_with_meta вызван для https://httpbin.org/delay/1?seq=1260
2026-08-05 01:23:03 - crawler - WARNING - Домен httpbin.org временно заблокирован Circuit Breaker
2026-08-05 01:23:03 - crawler - ERROR - Ошибка при обработке https://httpbin.org/delay/1?seq=1260: CircuitBreakerOpenError - Домен httpbin.org заблокирован
2026-08-05 01:23:03 - crawler - INFO - fetch_url_with_meta вызван для https://httpbin.org/delay/2?seq=1261
2026-08-05 01:23:03 - crawler - WARNING - Домен httpbin.org временно заблокирован Circuit Breaker
2026-08-05 01:23:03 - crawler - ERROR - Ошибка при обработке https://httpbin.org/delay/2?seq=1261: CircuitBreakerOpenError - Домен httpbin.org заблокирован
2026-08-05 01:23:03 - crawler - INFO - fetch_url_with_meta вызван для https://httpbin.org/html?seq=1262
2026-08-05 01:23:03 - crawler - WARNING - Домен httpbin.org временно заблокирован Circuit Breaker
2026-08-05 01:23:03 - crawler - ERROR - Ошибка при обработке https://httpbin.org/html?seq=1262: CircuitBreakerOpenError - Домен httpbin.org заблокирован
2026-08-05 01:23:03 - crawler - INFO - fetch_url_with_meta вызван для https://httpbin.org/forms/post?seq=1263
2026-08-05 01:23:03 - crawler - WARNING - Домен httpbin.org временно заблокирован Circuit Breaker
2026-08-05 01:23:03 - crawler - ERROR - Ошибка при обработке https://httpbin.org/forms/post?seq=1263: CircuitBreakerOpenError - Домен httpbin.org заблокирован
2026-08-05 01:23:03 - crawler - INFO - fetch_url_with_meta вызван для https://httpbin.org/bytes/1024?seq=1264
2026-08-05 01:23:03 - crawler - WARNING - Домен httpbin.org временно заблокирован Circuit Breaker
2026-08-05 01:23:03 - crawler - ERROR - Ошибка при обработке https://httpbin.org/bytes/1024?seq=1264: CircuitBreakerOpenError - Домен httpbin.org заблокирован
2026-08-05 01:23:03 - crawler - INFO - fetch_url_with_meta вызван для https://httpbin.org/status/200?seq=1265
2026-08-05 01:23:03 - crawler - WARNING - Домен httpbin.org временно заблокирован Circuit Breaker
2026-08-05 01:23:03 - crawler - ERROR - Ошибка при обработке https://httpbin.org/status/200?seq=1265: CircuitBreakerOpenError - Домен httpbin.org заблокирован
2026-08-05 01:23:03 - crawler - INFO - fetch_url_with_meta вызван для https://httpbin.org/status/404?seq=1266
2026-08-05 01:23:03 - crawler - WARNING - Домен httpbin.org временно заблокирован Circuit Breaker
2026-08-05 01:23:03 - crawler - ERROR - Ошибка при обработке https://httpbin.org/status/404?seq=1266: CircuitBreakerOpenError - Домен httpbin.org заблокирован
2026-08-05 01:23:03 - crawler - INFO - fetch_url_with_meta вызван для https://httpbin.org/status/500?seq=1267
2026-08-05 01:23:03 - crawler - WARNING - Домен httpbin.org временно заблокирован Circuit Breaker
2026-08-05 01:23:03 - crawler - ERROR - Ошибка при обработке https://httpbin.org/status/500?seq=1267: CircuitBreakerOpenError - Домен httpbin.org заблокирован
2026-08-05 01:23:03 - crawler - INFO - fetch_url_with_meta вызван для https://httpbin.org/status/503?seq=1268
2026-08-05 01:23:03 - crawler - WARNING - Домен httpbin.org временно заблокирован Circuit Breaker
2026-08-05 01:23:03 - crawler - ERROR - Ошибка при обработке https://httpbin.org/status/503?seq=1268: CircuitBreakerOpenError - Домен httpbin.org заблокирован
2026-08-05 01:23:03 - crawler - INFO - fetch_url_with_meta вызван для https://httpbin.org/status/429?seq=1269
2026-08-05 01:23:03 - crawler - WARNING - Домен httpbin.org временно заблокирован Circuit Breaker
2026-08-05 01:23:03 - crawler - ERROR - Ошибка при обработке https://httpbin.org/status/429?seq=1269: CircuitBreakerOpenError - Домен httpbin.org заблокирован
2026-08-05 01:23:03 - crawler - INFO - fetch_url_with_meta вызван для https://httpbin.org/get?seq=1270
2026-08-05 01:23:03 - crawler - WARNING - Домен httpbin.org временно заблокирован Circuit Breaker
2026-08-05 01:23:03 - crawler - ERROR - Ошибка при обработке https://httpbin.org/get?seq=1270: CircuitBreakerOpenError - Домен httpbin.org заблокирован
2026-08-05 01:23:03 - crawler - INFO - fetch_url_with_meta вызван для https://httpbin.org/delay/1?seq=1271
2026-08-05 01:23:03 - crawler - WARNING - Домен httpbin.org временно заблокирован Circuit Breaker
2026-08-05 01:23:03 - crawler - ERROR - Ошибка при обработке https://httpbin.org/delay/1?seq=1271: CircuitBreakerOpenError - Домен httpbin.org заблокирован
2026-08-05 01:23:03 - crawler - INFO - fetch_url_with_meta вызван для https://httpbin.org/delay/2?seq=1272
2026-08-05 01:23:03 - crawler - WARNING - Домен httpbin.org временно заблокирован Circuit Breaker
2026-08-05 01:23:03 - crawler - ERROR - Ошибка при обработке https://httpbin.org/delay/2?seq=1272: CircuitBreakerOpenError - Домен httpbin.org заблокирован
2026-08-05 01:23:03 - crawler - INFO - fetch_url_with_meta вызван для https://httpbin.org/html?seq=1273
2026-08-05 01:23:03 - crawler - WARNING - Домен httpbin.org временно заблокирован Circuit Breaker
2026-08-05 01:23:03 - crawler - ERROR - Ошибка при обработке https://httpbin.org/html?seq=1273: CircuitBreakerOpenError - Домен httpbin.org заблокирован
2026-08-05 01:23:03 - crawler - INFO - fetch_url_with_meta вызван для https://httpbin.org/forms/post?seq=1274
2026-08-05 01:23:03 - crawler - WARNING - Домен httpbin.org временно заблокирован Circuit Breaker
2026-08-05 01:23:03 - crawler - ERROR - Ошибка при обработке https://httpbin.org/forms/post?seq=1274: CircuitBreakerOpenError - Домен httpbin.org заблокирован
2026-08-05 01:23:03 - crawler - INFO - fetch_url_with_meta вызван для https://httpbin.org/bytes/1024?seq=1275
2026-08-05 01:23:03 - crawler - WARNING - Домен httpbin.org временно заблокирован Circuit Breaker
2026-08-05 01:23:03 - crawler - ERROR - Ошибка при обработке https://httpbin.org/bytes/1024?seq=1275: CircuitBreakerOpenError - Домен httpbin.org заблокирован
2026-08-05 01:23:03 - crawler - INFO - fetch_url_with_meta вызван для https://httpbin.org/status/200?seq=1276
2026-08-05 01:23:03 - crawler - WARNING - Домен httpbin.org временно заблокирован Circuit Breaker
2026-08-05 01:23:03 - crawler - ERROR - Ошибка при обработке https://httpbin.org/status/200?seq=1276: CircuitBreakerOpenError - Домен httpbin.org заблокирован
2026-08-05 01:23:03 - crawler - INFO - fetch_url_with_meta вызван для https://httpbin.org/status/404?seq=1277
2026-08-05 01:23:03 - crawler - WARNING - Домен httpbin.org временно заблокирован Circuit Breaker
2026-08-05 01:23:03 - crawler - ERROR - Ошибка при обработке https://httpbin.org/status/404?seq=1277: CircuitBreakerOpenError - Домен httpbin.org заблокирован
2026-08-05 01:23:03 - crawler - INFO - fetch_url_with_meta вызван для https://httpbin.org/status/500?seq=1278
2026-08-05 01:23:03 - crawler - WARNING - Домен httpbin.org временно заблокирован Circuit Breaker
2026-08-05 01:23:03 - crawler - ERROR - Ошибка при обработке https://httpbin.org/status/500?seq=1278: CircuitBreakerOpenError - Домен httpbin.org заблокирован
2026-08-05 01:23:03 - crawler - INFO - fetch_url_with_meta вызван для https://httpbin.org/status/503?seq=1279
2026-08-05 01:23:03 - crawler - WARNING - Домен httpbin.org временно заблокирован Circuit Breaker
2026-08-05 01:23:03 - crawler - ERROR - Ошибка при обработке https://httpbin.org/status/503?seq=1279: CircuitBreakerOpenError - Домен httpbin.org заблокирован
2026-08-05 01:23:03 - crawler - INFO - fetch_url_with_meta вызван для https://httpbin.org/status/429?seq=1280
2026-08-05 01:23:03 - crawler - WARNING - Домен httpbin.org временно заблокирован Circuit Breaker
2026-08-05 01:23:03 - crawler - ERROR - Ошибка при обработке https://httpbin.org/status/429?seq=1280: CircuitBreakerOpenError - Домен httpbin.org заблокирован
2026-08-05 01:23:03 - crawler - INFO - fetch_url_with_meta вызван для https://httpbin.org/get?seq=1281
2026-08-05 01:23:03 - crawler - WARNING - Домен httpbin.org временно заблокирован Circuit Breaker
2026-08-05 01:23:03 - crawler - ERROR - Ошибка при обработке https://httpbin.org/get?seq=1281: CircuitBreakerOpenError - Домен httpbin.org заблокирован
2026-08-05 01:23:03 - crawler - INFO - fetch_url_with_meta вызван для https://httpbin.org/delay/1?seq=1282
2026-08-05 01:23:03 - crawler - WARNING - Домен httpbin.org временно заблокирован Circuit Breaker
2026-08-05 01:23:03 - crawler - ERROR - Ошибка при обработке https://httpbin.org/delay/1?seq=1282: CircuitBreakerOpenError - Домен httpbin.org заблокирован
2026-08-05 01:23:03 - crawler - INFO - fetch_url_with_meta вызван для https://httpbin.org/delay/2?seq=1283
2026-08-05 01:23:03 - crawler - WARNING - Домен httpbin.org временно заблокирован Circuit Breaker
2026-08-05 01:23:03 - crawler - ERROR - Ошибка при обработке https://httpbin.org/delay/2?seq=1283: CircuitBreakerOpenError - Домен httpbin.org заблокирован
2026-08-05 01:23:03 - crawler - INFO - fetch_url_with_meta вызван для https://httpbin.org/html?seq=1284
2026-08-05 01:23:03 - crawler - WARNING - Домен httpbin.org временно заблокирован Circuit Breaker
2026-08-05 01:23:03 - crawler - ERROR - Ошибка при обработке https://httpbin.org/html?seq=1284: CircuitBreakerOpenError - Домен httpbin.org заблокирован
2026-08-05 01:23:03 - crawler - INFO - fetch_url_with_meta вызван для https://httpbin.org/forms/post?seq=1285
2026-08-05 01:23:03 - crawler - WARNING - Домен httpbin.org временно заблокирован Circuit Breaker
2026-08-05 01:23:03 - crawler - ERROR - Ошибка при обработке https://httpbin.org/forms/post?seq=1285: CircuitBreakerOpenError - Домен httpbin.org заблокирован
2026-08-05 01:23:03 - crawler - INFO - fetch_url_with_meta вызван для https://httpbin.org/bytes/1024?seq=1286
2026-08-05 01:23:03 - crawler - WARNING - Домен httpbin.org временно заблокирован Circuit Breaker
2026-08-05 01:23:03 - crawler - ERROR - Ошибка при обработке https://httpbin.org/bytes/1024?seq=1286: CircuitBreakerOpenError - Домен httpbin.org заблокирован
2026-08-05 01:23:03 - crawler - INFO - fetch_url_with_meta вызван для https://httpbin.org/status/200?seq=1287
2026-08-05 01:23:03 - crawler - WARNING - Домен httpbin.org временно заблокирован Circuit Breaker
2026-08-05 01:23:03 - crawler - ERROR - Ошибка при обработке https://httpbin.org/status/200?seq=1287: CircuitBreakerOpenError - Домен httpbin.org заблокирован
2026-08-05 01:23:03 - crawler - INFO - fetch_url_with_meta вызван для https://httpbin.org/status/404?seq=1288
2026-08-05 01:23:03 - crawler - WARNING - Домен httpbin.org временно заблокирован Circuit Breaker
2026-08-05 01:23:03 - crawler - ERROR - Ошибка при обработке https://httpbin.org/status/404?seq=1288: CircuitBreakerOpenError - Домен httpbin.org заблокирован
2026-08-05 01:23:03 - crawler - INFO - fetch_url_with_meta вызван для https://httpbin.org/status/500?seq=1289
2026-08-05 01:23:03 - crawler - WARNING - Домен httpbin.org временно заблокирован Circuit Breaker
2026-08-05 01:23:03 - crawler - ERROR - Ошибка при обработке https://httpbin.org/status/500?seq=1289: CircuitBreakerOpenError - Домен httpbin.org заблокирован
2026-08-05 01:23:03 - crawler - INFO - fetch_url_with_meta вызван для https://httpbin.org/status/503?seq=1290
2026-08-05 01:23:03 - crawler - WARNING - Домен httpbin.org временно заблокирован Circuit Breaker
2026-08-05 01:23:03 - crawler - ERROR - Ошибка при обработке https://httpbin.org/status/503?seq=1290: CircuitBreakerOpenError - Домен httpbin.org заблокирован
2026-08-05 01:23:03 - crawler - INFO - fetch_url_with_meta вызван для https://httpbin.org/status/429?seq=1291
2026-08-05 01:23:03 - crawler - WARNING - Домен httpbin.org временно заблокирован Circuit Breaker
2026-08-05 01:23:03 - crawler - ERROR - Ошибка при обработке https://httpbin.org/status/429?seq=1291: CircuitBreakerOpenError - Домен httpbin.org заблокирован
2026-08-05 01:23:03 - crawler - INFO - fetch_url_with_meta вызван для https://httpbin.org/get?seq=1292
2026-08-05 01:23:03 - crawler - WARNING - Домен httpbin.org временно заблокирован Circuit Breaker
2026-08-05 01:23:03 - crawler - ERROR - Ошибка при обработке https://httpbin.org/get?seq=1292: CircuitBreakerOpenError - Домен httpbin.org заблокирован
2026-08-05 01:23:03 - crawler - INFO - fetch_url_with_meta вызван для https://httpbin.org/delay/1?seq=1293
2026-08-05 01:23:03 - crawler - WARNING - Домен httpbin.org временно заблокирован Circuit Breaker
2026-08-05 01:23:03 - crawler - ERROR - Ошибка при обработке https://httpbin.org/delay/1?seq=1293: CircuitBreakerOpenError - Домен httpbin.org заблокирован
2026-08-05 01:23:03 - crawler - INFO - fetch_url_with_meta вызван для https://httpbin.org/delay/2?seq=1294
2026-08-05 01:23:03 - crawler - WARNING - Домен httpbin.org временно заблокирован Circuit Breaker
2026-08-05 01:23:03 - crawler - ERROR - Ошибка при обработке https://httpbin.org/delay/2?seq=1294: CircuitBreakerOpenError - Домен httpbin.org заблокирован
2026-08-05 01:23:03 - crawler - INFO - fetch_url_with_meta вызван для https://httpbin.org/html?seq=1295
2026-08-05 01:23:03 - crawler - WARNING - Домен httpbin.org временно заблокирован Circuit Breaker
2026-08-05 01:23:03 - crawler - ERROR - Ошибка при обработке https://httpbin.org/html?seq=1295: CircuitBreakerOpenError - Домен httpbin.org заблокирован
2026-08-05 01:23:03 - crawler - INFO - fetch_url_with_meta вызван для https://httpbin.org/forms/post?seq=1296
2026-08-05 01:23:03 - crawler - WARNING - Домен httpbin.org временно заблокирован Circuit Breaker
2026-08-05 01:23:03 - crawler - ERROR - Ошибка при обработке https://httpbin.org/forms/post?seq=1296: CircuitBreakerOpenError - Домен httpbin.org заблокирован
2026-08-05 01:23:03 - crawler - INFO - fetch_url_with_meta вызван для https://httpbin.org/bytes/1024?seq=1297
2026-08-05 01:23:03 - crawler - WARNING - Домен httpbin.org временно заблокирован Circuit Breaker
2026-08-05 01:23:03 - crawler - ERROR - Ошибка при обработке https://httpbin.org/bytes/1024?seq=1297: CircuitBreakerOpenError - Домен httpbin.org заблокирован
2026-08-05 01:23:03 - crawler - INFO - fetch_url_with_meta вызван для https://httpbin.org/status/200?seq=1298
2026-08-05 01:23:03 - crawler - WARNING - Домен httpbin.org временно заблокирован Circuit Breaker
2026-08-05 01:23:03 - crawler - ERROR - Ошибка при обработке https://httpbin.org/status/200?seq=1298: CircuitBreakerOpenError - Домен httpbin.org заблокирован
2026-08-05 01:23:03 - crawler - INFO - fetch_url_with_meta вызван для https://httpbin.org/status/404?seq=1299
2026-08-05 01:23:03 - crawler - WARNING - Домен httpbin.org временно заблокирован Circuit Breaker
2026-08-05 01:23:03 - crawler - ERROR - Ошибка при обработке https://httpbin.org/status/404?seq=1299: CircuitBreakerOpenError - Домен httpbin.org заблокирован
2026-08-05 01:23:03 - crawler - INFO - fetch_url_with_meta вызван для https://httpbin.org/status/500?seq=1300
2026-08-05 01:23:03 - crawler - WARNING - Домен httpbin.org временно заблокирован Circuit Breaker
2026-08-05 01:23:03 - crawler - ERROR - Ошибка при обработке https://httpbin.org/status/500?seq=1300: CircuitBreakerOpenError - Домен httpbin.org заблокирован
2026-08-05 01:23:03 - crawler - INFO - fetch_url_with_meta вызван для https://httpbin.org/status/503?seq=1301
2026-08-05 01:23:03 - crawler - WARNING - Домен httpbin.org временно заблокирован Circuit Breaker
2026-08-05 01:23:03 - crawler - ERROR - Ошибка при обработке https://httpbin.org/status/503?seq=1301: CircuitBreakerOpenError - Домен httpbin.org заблокирован
2026-08-05 01:23:03 - crawler - INFO - fetch_url_with_meta вызван для https://httpbin.org/status/429?seq=1302
2026-08-05 01:23:03 - crawler - WARNING - Домен httpbin.org временно заблокирован Circuit Breaker
2026-08-05 01:23:03 - crawler - ERROR - Ошибка при обработке https://httpbin.org/status/429?seq=1302: CircuitBreakerOpenError - Домен httpbin.org заблокирован
2026-08-05 01:23:03 - crawler - INFO - fetch_url_with_meta вызван для https://httpbin.org/get?seq=1303
2026-08-05 01:23:03 - crawler - WARNING - Домен httpbin.org временно заблокирован Circuit Breaker
2026-08-05 01:23:03 - crawler - ERROR - Ошибка при обработке https://httpbin.org/get?seq=1303: CircuitBreakerOpenError - Домен httpbin.org заблокирован
2026-08-05 01:23:04 - crawler - INFO - fetch_url_with_meta вызван для https://httpbin.org/delay/1?seq=1304
2026-08-05 01:23:04 - crawler - WARNING - Домен httpbin.org временно заблокирован Circuit Breaker
2026-08-05 01:23:04 - crawler - ERROR - Ошибка при обработке https://httpbin.org/delay/1?seq=1304: CircuitBreakerOpenError - Домен httpbin.org заблокирован
2026-08-05 01:23:04 - crawler - INFO - fetch_url_with_meta вызван для https://httpbin.org/delay/2?seq=1305
2026-08-05 01:23:04 - crawler - WARNING - Домен httpbin.org временно заблокирован Circuit Breaker
2026-08-05 01:23:04 - crawler - ERROR - Ошибка при обработке https://httpbin.org/delay/2?seq=1305: CircuitBreakerOpenError - Домен httpbin.org заблокирован
2026-08-05 01:23:04 - crawler - INFO - fetch_url_with_meta вызван для https://httpbin.org/html?seq=1306
2026-08-05 01:23:04 - crawler - WARNING - Домен httpbin.org временно заблокирован Circuit Breaker
2026-08-05 01:23:04 - crawler - ERROR - Ошибка при обработке https://httpbin.org/html?seq=1306: CircuitBreakerOpenError - Домен httpbin.org заблокирован
2026-08-05 01:23:04 - crawler - INFO - fetch_url_with_meta вызван для https://httpbin.org/forms/post?seq=1307
2026-08-05 01:23:04 - crawler - WARNING - Домен httpbin.org временно заблокирован Circuit Breaker
2026-08-05 01:23:04 - crawler - ERROR - Ошибка при обработке https://httpbin.org/forms/post?seq=1307: CircuitBreakerOpenError - Домен httpbin.org заблокирован
2026-08-05 01:23:04 - crawler - INFO - fetch_url_with_meta вызван для https://httpbin.org/bytes/1024?seq=1308
2026-08-05 01:23:04 - crawler - WARNING - Домен httpbin.org временно заблокирован Circuit Breaker
2026-08-05 01:23:04 - crawler - ERROR - Ошибка при обработке https://httpbin.org/bytes/1024?seq=1308: CircuitBreakerOpenError - Домен httpbin.org заблокирован
2026-08-05 01:23:04 - crawler - INFO - fetch_url_with_meta вызван для https://httpbin.org/status/200?seq=1309
2026-08-05 01:23:04 - crawler - WARNING - Домен httpbin.org временно заблокирован Circuit Breaker
2026-08-05 01:23:04 - crawler - ERROR - Ошибка при обработке https://httpbin.org/status/200?seq=1309: CircuitBreakerOpenError - Домен httpbin.org заблокирован
2026-08-05 01:23:04 - crawler - INFO - fetch_url_with_meta вызван для https://httpbin.org/status/404?seq=1310
2026-08-05 01:23:04 - crawler - WARNING - Домен httpbin.org временно заблокирован Circuit Breaker
2026-08-05 01:23:04 - crawler - ERROR - Ошибка при обработке https://httpbin.org/status/404?seq=1310: CircuitBreakerOpenError - Домен httpbin.org заблокирован
2026-08-05 01:23:04 - crawler - INFO - fetch_url_with_meta вызван для https://httpbin.org/status/500?seq=1311
2026-08-05 01:23:04 - crawler - WARNING - Домен httpbin.org временно заблокирован Circuit Breaker
2026-08-05 01:23:04 - crawler - ERROR - Ошибка при обработке https://httpbin.org/status/500?seq=1311: CircuitBreakerOpenError - Домен httpbin.org заблокирован
2026-08-05 01:23:04 - crawler - INFO - fetch_url_with_meta вызван для https://httpbin.org/status/503?seq=1312
2026-08-05 01:23:04 - crawler - WARNING - Домен httpbin.org временно заблокирован Circuit Breaker
2026-08-05 01:23:04 - crawler - ERROR - Ошибка при обработке https://httpbin.org/status/503?seq=1312: CircuitBreakerOpenError - Домен httpbin.org заблокирован
2026-08-05 01:23:04 - crawler - INFO - fetch_url_with_meta вызван для https://httpbin.org/status/429?seq=1313
2026-08-05 01:23:04 - crawler - WARNING - Домен httpbin.org временно заблокирован Circuit Breaker
2026-08-05 01:23:04 - crawler - ERROR - Ошибка при обработке https://httpbin.org/status/429?seq=1313: CircuitBreakerOpenError - Домен httpbin.org заблокирован
2026-08-05 01:23:04 - crawler - INFO - fetch_url_with_meta вызван для https://httpbin.org/get?seq=1314
2026-08-05 01:23:04 - crawler - WARNING - Домен httpbin.org временно заблокирован Circuit Breaker
2026-08-05 01:23:04 - crawler - ERROR - Ошибка при обработке https://httpbin.org/get?seq=1314: CircuitBreakerOpenError - Домен httpbin.org заблокирован
2026-08-05 01:23:04 - crawler - INFO - fetch_url_with_meta вызван для https://httpbin.org/delay/1?seq=1315
2026-08-05 01:23:04 - crawler - WARNING - Домен httpbin.org временно заблокирован Circuit Breaker
2026-08-05 01:23:04 - crawler - ERROR - Ошибка при обработке https://httpbin.org/delay/1?seq=1315: CircuitBreakerOpenError - Домен httpbin.org заблокирован
2026-08-05 01:23:04 - crawler - INFO - fetch_url_with_meta вызван для https://httpbin.org/delay/2?seq=1316
2026-08-05 01:23:04 - crawler - WARNING - Домен httpbin.org временно заблокирован Circuit Breaker
2026-08-05 01:23:04 - crawler - ERROR - Ошибка при обработке https://httpbin.org/delay/2?seq=1316: CircuitBreakerOpenError - Домен httpbin.org заблокирован
2026-08-05 01:23:04 - crawler - INFO - fetch_url_with_meta вызван для https://httpbin.org/html?seq=1317
2026-08-05 01:23:04 - crawler - WARNING - Домен httpbin.org временно заблокирован Circuit Breaker
2026-08-05 01:23:04 - crawler - ERROR - Ошибка при обработке https://httpbin.org/html?seq=1317: CircuitBreakerOpenError - Домен httpbin.org заблокирован
2026-08-05 01:23:04 - crawler - INFO - fetch_url_with_meta вызван для https://httpbin.org/forms/post?seq=1318
2026-08-05 01:23:04 - crawler - WARNING - Домен httpbin.org временно заблокирован Circuit Breaker
2026-08-05 01:23:04 - crawler - ERROR - Ошибка при обработке https://httpbin.org/forms/post?seq=1318: CircuitBreakerOpenError - Домен httpbin.org заблокирован
2026-08-05 01:23:04 - crawler - INFO - fetch_url_with_meta вызван для https://httpbin.org/bytes/1024?seq=1319
2026-08-05 01:23:04 - crawler - WARNING - Домен httpbin.org временно заблокирован Circuit Breaker
2026-08-05 01:23:04 - crawler - ERROR - Ошибка при обработке https://httpbin.org/bytes/1024?seq=1319: CircuitBreakerOpenError - Домен httpbin.org заблокирован
2026-08-05 01:23:04 - crawler - INFO - fetch_url_with_meta вызван для https://httpbin.org/status/200?seq=1320
2026-08-05 01:23:04 - crawler - WARNING - Домен httpbin.org временно заблокирован Circuit Breaker
2026-08-05 01:23:04 - crawler - ERROR - Ошибка при обработке https://httpbin.org/status/200?seq=1320: CircuitBreakerOpenError - Домен httpbin.org заблокирован
2026-08-05 01:23:04 - crawler - INFO - fetch_url_with_meta вызван для https://httpbin.org/status/404?seq=1321
2026-08-05 01:23:04 - crawler - WARNING - Домен httpbin.org временно заблокирован Circuit Breaker
2026-08-05 01:23:04 - crawler - ERROR - Ошибка при обработке https://httpbin.org/status/404?seq=1321: CircuitBreakerOpenError - Домен httpbin.org заблокирован
2026-08-05 01:23:04 - crawler - INFO - fetch_url_with_meta вызван для https://httpbin.org/status/500?seq=1322
2026-08-05 01:23:04 - crawler - WARNING - Домен httpbin.org временно заблокирован Circuit Breaker
2026-08-05 01:23:04 - crawler - ERROR - Ошибка при обработке https://httpbin.org/status/500?seq=1322: CircuitBreakerOpenError - Домен httpbin.org заблокирован
2026-08-05 01:23:04 - crawler - INFO - fetch_url_with_meta вызван для https://httpbin.org/status/503?seq=1323
2026-08-05 01:23:04 - crawler - WARNING - Домен httpbin.org временно заблокирован Circuit Breaker
2026-08-05 01:23:04 - crawler - ERROR - Ошибка при обработке https://httpbin.org/status/503?seq=1323: CircuitBreakerOpenError - Домен httpbin.org заблокирован
2026-08-05 01:23:04 - crawler - INFO - fetch_url_with_meta вызван для https://httpbin.org/status/429?seq=1324
2026-08-05 01:23:04 - crawler - WARNING - Домен httpbin.org временно заблокирован Circuit Breaker
2026-08-05 01:23:04 - crawler - ERROR - Ошибка при обработке https://httpbin.org/status/429?seq=1324: CircuitBreakerOpenError - Домен httpbin.org заблокирован
2026-08-05 01:23:04 - crawler - INFO - fetch_url_with_meta вызван для https://httpbin.org/get?seq=1325
2026-08-05 01:23:04 - crawler - WARNING - Домен httpbin.org временно заблокирован Circuit Breaker
2026-08-05 01:23:04 - crawler - ERROR - Ошибка при обработке https://httpbin.org/get?seq=1325: CircuitBreakerOpenError - Домен httpbin.org заблокирован
2026-08-05 01:23:04 - crawler - INFO - fetch_url_with_meta вызван для https://httpbin.org/delay/1?seq=1326
2026-08-05 01:23:04 - crawler - WARNING - Домен httpbin.org временно заблокирован Circuit Breaker
2026-08-05 01:23:04 - crawler - ERROR - Ошибка при обработке https://httpbin.org/delay/1?seq=1326: CircuitBreakerOpenError - Домен httpbin.org заблокирован
2026-08-05 01:23:04 - crawler - INFO - fetch_url_with_meta вызван для https://httpbin.org/delay/2?seq=1327
2026-08-05 01:23:04 - crawler - WARNING - Домен httpbin.org временно заблокирован Circuit Breaker
2026-08-05 01:23:04 - crawler - ERROR - Ошибка при обработке https://httpbin.org/delay/2?seq=1327: CircuitBreakerOpenError - Домен httpbin.org заблокирован
2026-08-05 01:23:04 - crawler - INFO - fetch_url_with_meta вызван для https://httpbin.org/html?seq=1328
2026-08-05 01:23:04 - crawler - WARNING - Домен httpbin.org временно заблокирован Circuit Breaker
2026-08-05 01:23:04 - crawler - ERROR - Ошибка при обработке https://httpbin.org/html?seq=1328: CircuitBreakerOpenError - Домен httpbin.org заблокирован
2026-08-05 01:23:04 - crawler - INFO - fetch_url_with_meta вызван для https://httpbin.org/forms/post?seq=1329
2026-08-05 01:23:04 - crawler - WARNING - Домен httpbin.org временно заблокирован Circuit Breaker
2026-08-05 01:23:04 - crawler - ERROR - Ошибка при обработке https://httpbin.org/forms/post?seq=1329: CircuitBreakerOpenError - Домен httpbin.org заблокирован
2026-08-05 01:23:04 - crawler - INFO - fetch_url_with_meta вызван для https://httpbin.org/bytes/1024?seq=1330
2026-08-05 01:23:04 - crawler - WARNING - Домен httpbin.org временно заблокирован Circuit Breaker
2026-08-05 01:23:04 - crawler - ERROR - Ошибка при обработке https://httpbin.org/bytes/1024?seq=1330: CircuitBreakerOpenError - Домен httpbin.org заблокирован
2026-08-05 01:23:04 - crawler - INFO - fetch_url_with_meta вызван для https://httpbin.org/status/200?seq=1331
2026-08-05 01:23:04 - crawler - WARNING - Домен httpbin.org временно заблокирован Circuit Breaker
2026-08-05 01:23:04 - crawler - ERROR - Ошибка при обработке https://httpbin.org/status/200?seq=1331: CircuitBreakerOpenError - Домен httpbin.org заблокирован
2026-08-05 01:23:04 - crawler - INFO - fetch_url_with_meta вызван для https://httpbin.org/status/404?seq=1332
2026-08-05 01:23:04 - crawler - WARNING - Домен httpbin.org временно заблокирован Circuit Breaker
2026-08-05 01:23:04 - crawler - ERROR - Ошибка при обработке https://httpbin.org/status/404?seq=1332: CircuitBreakerOpenError - Домен httpbin.org заблокирован
2026-08-05 01:23:04 - crawler - INFO - fetch_url_with_meta вызван для https://httpbin.org/status/500?seq=1333
2026-08-05 01:23:04 - crawler - WARNING - Домен httpbin.org временно заблокирован Circuit Breaker
2026-08-05 01:23:04 - crawler - ERROR - Ошибка при обработке https://httpbin.org/status/500?seq=1333: CircuitBreakerOpenError - Домен httpbin.org заблокирован
2026-08-05 01:23:04 - crawler - INFO - fetch_url_with_meta вызван для https://httpbin.org/status/503?seq=1334
2026-08-05 01:23:04 - crawler - WARNING - Домен httpbin.org временно заблокирован Circuit Breaker
2026-08-05 01:23:04 - crawler - ERROR - Ошибка при обработке https://httpbin.org/status/503?seq=1334: CircuitBreakerOpenError - Домен httpbin.org заблокирован
2026-08-05 01:23:04 - crawler - INFO - fetch_url_with_meta вызван для https://httpbin.org/status/429?seq=1335
2026-08-05 01:23:04 - crawler - WARNING - Домен httpbin.org временно заблокирован Circuit Breaker
2026-08-05 01:23:04 - crawler - ERROR - Ошибка при обработке https://httpbin.org/status/429?seq=1335: CircuitBreakerOpenError - Домен httpbin.org заблокирован
2026-08-05 01:23:04 - crawler - INFO - fetch_url_with_meta вызван для https://httpbin.org/get?seq=1336
2026-08-05 01:23:04 - crawler - WARNING - Домен httpbin.org временно заблокирован Circuit Breaker
2026-08-05 01:23:04 - crawler - ERROR - Ошибка при обработке https://httpbin.org/get?seq=1336: CircuitBreakerOpenError - Домен httpbin.org заблокирован
2026-08-05 01:23:04 - crawler - INFO - fetch_url_with_meta вызван для https://httpbin.org/delay/1?seq=1337
2026-08-05 01:23:04 - crawler - WARNING - Домен httpbin.org временно заблокирован Circuit Breaker
2026-08-05 01:23:04 - crawler - ERROR - Ошибка при обработке https://httpbin.org/delay/1?seq=1337: CircuitBreakerOpenError - Домен httpbin.org заблокирован
2026-08-05 01:23:04 - crawler - INFO - fetch_url_with_meta вызван для https://httpbin.org/delay/2?seq=1338
2026-08-05 01:23:04 - crawler - WARNING - Домен httpbin.org временно заблокирован Circuit Breaker
2026-08-05 01:23:04 - crawler - ERROR - Ошибка при обработке https://httpbin.org/delay/2?seq=1338: CircuitBreakerOpenError - Домен httpbin.org заблокирован
2026-08-05 01:23:04 - crawler - INFO - fetch_url_with_meta вызван для https://httpbin.org/html?seq=1339
2026-08-05 01:23:04 - crawler - WARNING - Домен httpbin.org временно заблокирован Circuit Breaker
2026-08-05 01:23:04 - crawler - ERROR - Ошибка при обработке https://httpbin.org/html?seq=1339: CircuitBreakerOpenError - Домен httpbin.org заблокирован
2026-08-05 01:23:04 - crawler - INFO - fetch_url_with_meta вызван для https://httpbin.org/forms/post?seq=1340
2026-08-05 01:23:04 - crawler - WARNING - Домен httpbin.org временно заблокирован Circuit Breaker
2026-08-05 01:23:04 - crawler - ERROR - Ошибка при обработке https://httpbin.org/forms/post?seq=1340: CircuitBreakerOpenError - Домен httpbin.org заблокирован
2026-08-05 01:23:04 - crawler - INFO - fetch_url_with_meta вызван для https://httpbin.org/bytes/1024?seq=1341
2026-08-05 01:23:04 - crawler - WARNING - Домен httpbin.org временно заблокирован Circuit Breaker
2026-08-05 01:23:04 - crawler - ERROR - Ошибка при обработке https://httpbin.org/bytes/1024?seq=1341: CircuitBreakerOpenError - Домен httpbin.org заблокирован
2026-08-05 01:23:04 - crawler - INFO - fetch_url_with_meta вызван для https://httpbin.org/status/200?seq=1342
2026-08-05 01:23:04 - crawler - WARNING - Домен httpbin.org временно заблокирован Circuit Breaker
2026-08-05 01:23:04 - crawler - ERROR - Ошибка при обработке https://httpbin.org/status/200?seq=1342: CircuitBreakerOpenError - Домен httpbin.org заблокирован
2026-08-05 01:23:04 - crawler - INFO - fetch_url_with_meta вызван для https://httpbin.org/status/404?seq=1343
2026-08-05 01:23:04 - crawler - WARNING - Домен httpbin.org временно заблокирован Circuit Breaker
2026-08-05 01:23:04 - crawler - ERROR - Ошибка при обработке https://httpbin.org/status/404?seq=1343: CircuitBreakerOpenError - Домен httpbin.org заблокирован
2026-08-05 01:23:04 - crawler - INFO - fetch_url_with_meta вызван для https://httpbin.org/status/500?seq=1344
2026-08-05 01:23:04 - crawler - WARNING - Домен httpbin.org временно заблокирован Circuit Breaker
2026-08-05 01:23:04 - crawler - ERROR - Ошибка при обработке https://httpbin.org/status/500?seq=1344: CircuitBreakerOpenError - Домен httpbin.org заблокирован
2026-08-05 01:23:04 - crawler - INFO - fetch_url_with_meta вызван для https://httpbin.org/status/503?seq=1345
2026-08-05 01:23:04 - crawler - WARNING - Домен httpbin.org временно заблокирован Circuit Breaker
2026-08-05 01:23:04 - crawler - ERROR - Ошибка при обработке https://httpbin.org/status/503?seq=1345: CircuitBreakerOpenError - Домен httpbin.org заблокирован
2026-08-05 01:23:04 - crawler - INFO - fetch_url_with_meta вызван для https://httpbin.org/status/429?seq=1346
2026-08-05 01:23:04 - crawler - WARNING - Домен httpbin.org временно заблокирован Circuit Breaker
2026-08-05 01:23:04 - crawler - ERROR - Ошибка при обработке https://httpbin.org/status/429?seq=1346: CircuitBreakerOpenError - Домен httpbin.org заблокирован
2026-08-05 01:23:04 - crawler - INFO - fetch_url_with_meta вызван для https://httpbin.org/get?seq=1347
2026-08-05 01:23:04 - crawler - WARNING - Домен httpbin.org временно заблокирован Circuit Breaker
2026-08-05 01:23:04 - crawler - ERROR - Ошибка при обработке https://httpbin.org/get?seq=1347: CircuitBreakerOpenError - Домен httpbin.org заблокирован
2026-08-05 01:23:04 - crawler - INFO - fetch_url_with_meta вызван для https://httpbin.org/delay/1?seq=1348
2026-08-05 01:23:04 - crawler - WARNING - Домен httpbin.org временно заблокирован Circuit Breaker
2026-08-05 01:23:04 - crawler - ERROR - Ошибка при обработке https://httpbin.org/delay/1?seq=1348: CircuitBreakerOpenError - Домен httpbin.org заблокирован
2026-08-05 01:23:04 - crawler - INFO - fetch_url_with_meta вызван для https://httpbin.org/delay/2?seq=1349
2026-08-05 01:23:04 - crawler - WARNING - Домен httpbin.org временно заблокирован Circuit Breaker
2026-08-05 01:23:04 - crawler - ERROR - Ошибка при обработке https://httpbin.org/delay/2?seq=1349: CircuitBreakerOpenError - Домен httpbin.org заблокирован
2026-08-05 01:23:04 - crawler - INFO - fetch_url_with_meta вызван для https://httpbin.org/html?seq=1350
2026-08-05 01:23:04 - crawler - WARNING - Домен httpbin.org временно заблокирован Circuit Breaker
2026-08-05 01:23:04 - crawler - ERROR - Ошибка при обработке https://httpbin.org/html?seq=1350: CircuitBreakerOpenError - Домен httpbin.org заблокирован
2026-08-05 01:23:04 - crawler - INFO - fetch_url_with_meta вызван для https://httpbin.org/forms/post?seq=1351
2026-08-05 01:23:04 - crawler - WARNING - Домен httpbin.org временно заблокирован Circuit Breaker
2026-08-05 01:23:04 - crawler - ERROR - Ошибка при обработке https://httpbin.org/forms/post?seq=1351: CircuitBreakerOpenError - Домен httpbin.org заблокирован
2026-08-05 01:23:04 - crawler - INFO - fetch_url_with_meta вызван для https://httpbin.org/bytes/1024?seq=1352
2026-08-05 01:23:04 - crawler - WARNING - Домен httpbin.org временно заблокирован Circuit Breaker
2026-08-05 01:23:04 - crawler - ERROR - Ошибка при обработке https://httpbin.org/bytes/1024?seq=1352: CircuitBreakerOpenError - Домен httpbin.org заблокирован
2026-08-05 01:23:04 - crawler - INFO - fetch_url_with_meta вызван для https://httpbin.org/status/200?seq=1353
2026-08-05 01:23:04 - crawler - WARNING - Домен httpbin.org временно заблокирован Circuit Breaker
2026-08-05 01:23:04 - crawler - ERROR - Ошибка при обработке https://httpbin.org/status/200?seq=1353: CircuitBreakerOpenError - Домен httpbin.org заблокирован
2026-08-05 01:23:04 - crawler - INFO - fetch_url_with_meta вызван для https://httpbin.org/status/404?seq=1354
2026-08-05 01:23:04 - crawler - WARNING - Домен httpbin.org временно заблокирован Circuit Breaker
2026-08-05 01:23:04 - crawler - ERROR - Ошибка при обработке https://httpbin.org/status/404?seq=1354: CircuitBreakerOpenError - Домен httpbin.org заблокирован
2026-08-05 01:23:04 - crawler - INFO - fetch_url_with_meta вызван для https://httpbin.org/status/500?seq=1355
2026-08-05 01:23:04 - crawler - WARNING - Домен httpbin.org временно заблокирован Circuit Breaker
2026-08-05 01:23:04 - crawler - ERROR - Ошибка при обработке https://httpbin.org/status/500?seq=1355: CircuitBreakerOpenError - Домен httpbin.org заблокирован
2026-08-05 01:23:04 - crawler - INFO - fetch_url_with_meta вызван для https://httpbin.org/status/503?seq=1356
2026-08-05 01:23:04 - crawler - WARNING - Домен httpbin.org временно заблокирован Circuit Breaker
2026-08-05 01:23:04 - crawler - ERROR - Ошибка при обработке https://httpbin.org/status/503?seq=1356: CircuitBreakerOpenError - Домен httpbin.org заблокирован
2026-08-05 01:23:04 - crawler - INFO - fetch_url_with_meta вызван для https://httpbin.org/status/429?seq=1357
2026-08-05 01:23:04 - crawler - WARNING - Домен httpbin.org временно заблокирован Circuit Breaker
2026-08-05 01:23:04 - crawler - ERROR - Ошибка при обработке https://httpbin.org/status/429?seq=1357: CircuitBreakerOpenError - Домен httpbin.org заблокирован
2026-08-05 01:23:04 - crawler - INFO - fetch_url_with_meta вызван для https://httpbin.org/get?seq=1358
2026-08-05 01:23:04 - crawler - WARNING - Домен httpbin.org временно заблокирован Circuit Breaker
2026-08-05 01:23:04 - crawler - ERROR - Ошибка при обработке https://httpbin.org/get?seq=1358: CircuitBreakerOpenError - Домен httpbin.org заблокирован
2026-08-05 01:23:04 - crawler - INFO - fetch_url_with_meta вызван для https://httpbin.org/delay/1?seq=1359
2026-08-05 01:23:04 - crawler - WARNING - Домен httpbin.org временно заблокирован Circuit Breaker
2026-08-05 01:23:04 - crawler - ERROR - Ошибка при обработке https://httpbin.org/delay/1?seq=1359: CircuitBreakerOpenError - Домен httpbin.org заблокирован
2026-08-05 01:23:04 - crawler - INFO - fetch_url_with_meta вызван для https://httpbin.org/delay/2?seq=1360
2026-08-05 01:23:04 - crawler - WARNING - Домен httpbin.org временно заблокирован Circuit Breaker
2026-08-05 01:23:04 - crawler - ERROR - Ошибка при обработке https://httpbin.org/delay/2?seq=1360: CircuitBreakerOpenError - Домен httpbin.org заблокирован
2026-08-05 01:23:04 - crawler - INFO - fetch_url_with_meta вызван для https://httpbin.org/html?seq=1361
2026-08-05 01:23:04 - crawler - WARNING - Домен httpbin.org временно заблокирован Circuit Breaker
2026-08-05 01:23:04 - crawler - ERROR - Ошибка при обработке https://httpbin.org/html?seq=1361: CircuitBreakerOpenError - Домен httpbin.org заблокирован
2026-08-05 01:23:04 - crawler - INFO - fetch_url_with_meta вызван для https://httpbin.org/forms/post?seq=1362
2026-08-05 01:23:04 - crawler - WARNING - Домен httpbin.org временно заблокирован Circuit Breaker
2026-08-05 01:23:04 - crawler - ERROR - Ошибка при обработке https://httpbin.org/forms/post?seq=1362: CircuitBreakerOpenError - Домен httpbin.org заблокирован
2026-08-05 01:23:04 - crawler - INFO - fetch_url_with_meta вызван для https://httpbin.org/bytes/1024?seq=1363
2026-08-05 01:23:04 - crawler - WARNING - Домен httpbin.org временно заблокирован Circuit Breaker
2026-08-05 01:23:04 - crawler - ERROR - Ошибка при обработке https://httpbin.org/bytes/1024?seq=1363: CircuitBreakerOpenError - Домен httpbin.org заблокирован
2026-08-05 01:23:04 - crawler - INFO - fetch_url_with_meta вызван для https://httpbin.org/status/200?seq=1364
2026-08-05 01:23:04 - crawler - WARNING - Домен httpbin.org временно заблокирован Circuit Breaker
2026-08-05 01:23:04 - crawler - ERROR - Ошибка при обработке https://httpbin.org/status/200?seq=1364: CircuitBreakerOpenError - Домен httpbin.org заблокирован
2026-08-05 01:23:04 - crawler - INFO - fetch_url_with_meta вызван для https://httpbin.org/status/404?seq=1365
2026-08-05 01:23:04 - crawler - WARNING - Домен httpbin.org временно заблокирован Circuit Breaker
2026-08-05 01:23:04 - crawler - ERROR - Ошибка при обработке https://httpbin.org/status/404?seq=1365: CircuitBreakerOpenError - Домен httpbin.org заблокирован
2026-08-05 01:23:04 - crawler - INFO - fetch_url_with_meta вызван для https://httpbin.org/status/500?seq=1366
2026-08-05 01:23:04 - crawler - WARNING - Домен httpbin.org временно заблокирован Circuit Breaker
2026-08-05 01:23:04 - crawler - ERROR - Ошибка при обработке https://httpbin.org/status/500?seq=1366: CircuitBreakerOpenError - Домен httpbin.org заблокирован
2026-08-05 01:23:04 - crawler - INFO - fetch_url_with_meta вызван для https://httpbin.org/status/503?seq=1367
2026-08-05 01:23:04 - crawler - WARNING - Домен httpbin.org временно заблокирован Circuit Breaker
2026-08-05 01:23:04 - crawler - ERROR - Ошибка при обработке https://httpbin.org/status/503?seq=1367: CircuitBreakerOpenError - Домен httpbin.org заблокирован
2026-08-05 01:23:04 - crawler - INFO - fetch_url_with_meta вызван для https://httpbin.org/status/429?seq=1368
2026-08-05 01:23:04 - crawler - WARNING - Домен httpbin.org временно заблокирован Circuit Breaker
2026-08-05 01:23:04 - crawler - ERROR - Ошибка при обработке https://httpbin.org/status/429?seq=1368: CircuitBreakerOpenError - Домен httpbin.org заблокирован
2026-08-05 01:23:04 - crawler - INFO - fetch_url_with_meta вызван для https://httpbin.org/get?seq=1369
2026-08-05 01:23:04 - crawler - WARNING - Домен httpbin.org временно заблокирован Circuit Breaker
2026-08-05 01:23:04 - crawler - ERROR - Ошибка при обработке https://httpbin.org/get?seq=1369: CircuitBreakerOpenError - Домен httpbin.org заблокирован
2026-08-05 01:23:04 - crawler - INFO - fetch_url_with_meta вызван для https://httpbin.org/delay/1?seq=1370
2026-08-05 01:23:04 - crawler - WARNING - Домен httpbin.org временно заблокирован Circuit Breaker
2026-08-05 01:23:04 - crawler - ERROR - Ошибка при обработке https://httpbin.org/delay/1?seq=1370: CircuitBreakerOpenError - Домен httpbin.org заблокирован
2026-08-05 01:23:04 - crawler - INFO - fetch_url_with_meta вызван для https://httpbin.org/delay/2?seq=1371
2026-08-05 01:23:04 - crawler - WARNING - Домен httpbin.org временно заблокирован Circuit Breaker
2026-08-05 01:23:04 - crawler - ERROR - Ошибка при обработке https://httpbin.org/delay/2?seq=1371: CircuitBreakerOpenError - Домен httpbin.org заблокирован
2026-08-05 01:23:04 - crawler - INFO - fetch_url_with_meta вызван для https://httpbin.org/html?seq=1372
2026-08-05 01:23:04 - crawler - WARNING - Домен httpbin.org временно заблокирован Circuit Breaker
2026-08-05 01:23:04 - crawler - ERROR - Ошибка при обработке https://httpbin.org/html?seq=1372: CircuitBreakerOpenError - Домен httpbin.org заблокирован
2026-08-05 01:23:04 - crawler - INFO - fetch_url_with_meta вызван для https://httpbin.org/forms/post?seq=1373
2026-08-05 01:23:04 - crawler - WARNING - Домен httpbin.org временно заблокирован Circuit Breaker
2026-08-05 01:23:04 - crawler - ERROR - Ошибка при обработке https://httpbin.org/forms/post?seq=1373: CircuitBreakerOpenError - Домен httpbin.org заблокирован
2026-08-05 01:23:04 - crawler - INFO - fetch_url_with_meta вызван для https://httpbin.org/bytes/1024?seq=1374
2026-08-05 01:23:04 - crawler - WARNING - Домен httpbin.org временно заблокирован Circuit Breaker
2026-08-05 01:23:04 - crawler - ERROR - Ошибка при обработке https://httpbin.org/bytes/1024?seq=1374: CircuitBreakerOpenError - Домен httpbin.org заблокирован
2026-08-05 01:23:04 - crawler - INFO - fetch_url_with_meta вызван для https://httpbin.org/status/200?seq=1375
2026-08-05 01:23:04 - crawler - WARNING - Домен httpbin.org временно заблокирован Circuit Breaker
2026-08-05 01:23:04 - crawler - ERROR - Ошибка при обработке https://httpbin.org/status/200?seq=1375: CircuitBreakerOpenError - Домен httpbin.org заблокирован
2026-08-05 01:23:04 - crawler - INFO - fetch_url_with_meta вызван для https://httpbin.org/status/404?seq=1376
2026-08-05 01:23:04 - crawler - WARNING - Домен httpbin.org временно заблокирован Circuit Breaker
2026-08-05 01:23:04 - crawler - ERROR - Ошибка при обработке https://httpbin.org/status/404?seq=1376: CircuitBreakerOpenError - Домен httpbin.org заблокирован
2026-08-05 01:23:04 - crawler - INFO - fetch_url_with_meta вызван для https://httpbin.org/status/500?seq=1377
2026-08-05 01:23:04 - crawler - WARNING - Домен httpbin.org временно заблокирован Circuit Breaker
2026-08-05 01:23:04 - crawler - ERROR - Ошибка при обработке https://httpbin.org/status/500?seq=1377: CircuitBreakerOpenError - Домен httpbin.org заблокирован
2026-08-05 01:23:04 - crawler - INFO - fetch_url_with_meta вызван для https://httpbin.org/status/503?seq=1378
2026-08-05 01:23:04 - crawler - WARNING - Домен httpbin.org временно заблокирован Circuit Breaker
2026-08-05 01:23:04 - crawler - ERROR - Ошибка при обработке https://httpbin.org/status/503?seq=1378: CircuitBreakerOpenError - Домен httpbin.org заблокирован
2026-08-05 01:23:04 - crawler - INFO - fetch_url_with_meta вызван для https://httpbin.org/status/429?seq=1379
2026-08-05 01:23:04 - crawler - WARNING - Домен httpbin.org временно заблокирован Circuit Breaker
2026-08-05 01:23:04 - crawler - ERROR - Ошибка при обработке https://httpbin.org/status/429?seq=1379: CircuitBreakerOpenError - Домен httpbin.org заблокирован
2026-08-05 01:23:04 - crawler - INFO - fetch_url_with_meta вызван для https://httpbin.org/get?seq=1380
2026-08-05 01:23:04 - crawler - WARNING - Домен httpbin.org временно заблокирован Circuit Breaker
2026-08-05 01:23:04 - crawler - ERROR - Ошибка при обработке https://httpbin.org/get?seq=1380: CircuitBreakerOpenError - Домен httpbin.org заблокирован
2026-08-05 01:23:04 - crawler - INFO - fetch_url_with_meta вызван для https://httpbin.org/delay/1?seq=1381
2026-08-05 01:23:04 - crawler - WARNING - Домен httpbin.org временно заблокирован Circuit Breaker
2026-08-05 01:23:04 - crawler - ERROR - Ошибка при обработке https://httpbin.org/delay/1?seq=1381: CircuitBreakerOpenError - Домен httpbin.org заблокирован
2026-08-05 01:23:04 - crawler - INFO - fetch_url_with_meta вызван для https://httpbin.org/delay/2?seq=1382
2026-08-05 01:23:04 - crawler - WARNING - Домен httpbin.org временно заблокирован Circuit Breaker
2026-08-05 01:23:04 - crawler - ERROR - Ошибка при обработке https://httpbin.org/delay/2?seq=1382: CircuitBreakerOpenError - Домен httpbin.org заблокирован
2026-08-05 01:23:04 - crawler - INFO - fetch_url_with_meta вызван для https://httpbin.org/html?seq=1383
2026-08-05 01:23:04 - crawler - WARNING - Домен httpbin.org временно заблокирован Circuit Breaker
2026-08-05 01:23:04 - crawler - ERROR - Ошибка при обработке https://httpbin.org/html?seq=1383: CircuitBreakerOpenError - Домен httpbin.org заблокирован
2026-08-05 01:23:05 - crawler - INFO - fetch_url_with_meta вызван для https://httpbin.org/forms/post?seq=1384
2026-08-05 01:23:05 - crawler - WARNING - Домен httpbin.org временно заблокирован Circuit Breaker
2026-08-05 01:23:05 - crawler - ERROR - Ошибка при обработке https://httpbin.org/forms/post?seq=1384: CircuitBreakerOpenError - Домен httpbin.org заблокирован
2026-08-05 01:23:05 - crawler - INFO - fetch_url_with_meta вызван для https://httpbin.org/bytes/1024?seq=1385
2026-08-05 01:23:05 - crawler - WARNING - Домен httpbin.org временно заблокирован Circuit Breaker
2026-08-05 01:23:05 - crawler - ERROR - Ошибка при обработке https://httpbin.org/bytes/1024?seq=1385: CircuitBreakerOpenError - Домен httpbin.org заблокирован
2026-08-05 01:23:05 - crawler - INFO - fetch_url_with_meta вызван для https://httpbin.org/status/200?seq=1386
2026-08-05 01:23:05 - crawler - WARNING - Домен httpbin.org временно заблокирован Circuit Breaker
2026-08-05 01:23:05 - crawler - ERROR - Ошибка при обработке https://httpbin.org/status/200?seq=1386: CircuitBreakerOpenError - Домен httpbin.org заблокирован
2026-08-05 01:23:05 - crawler - INFO - fetch_url_with_meta вызван для https://httpbin.org/status/404?seq=1387
2026-08-05 01:23:05 - crawler - WARNING - Домен httpbin.org временно заблокирован Circuit Breaker
2026-08-05 01:23:05 - crawler - ERROR - Ошибка при обработке https://httpbin.org/status/404?seq=1387: CircuitBreakerOpenError - Домен httpbin.org заблокирован
2026-08-05 01:23:05 - crawler - INFO - fetch_url_with_meta вызван для https://httpbin.org/status/500?seq=1388
2026-08-05 01:23:05 - crawler - WARNING - Домен httpbin.org временно заблокирован Circuit Breaker
2026-08-05 01:23:05 - crawler - ERROR - Ошибка при обработке https://httpbin.org/status/500?seq=1388: CircuitBreakerOpenError - Домен httpbin.org заблокирован
2026-08-05 01:23:05 - crawler - INFO - fetch_url_with_meta вызван для https://httpbin.org/status/503?seq=1389
2026-08-05 01:23:05 - crawler - WARNING - Домен httpbin.org временно заблокирован Circuit Breaker
2026-08-05 01:23:05 - crawler - ERROR - Ошибка при обработке https://httpbin.org/status/503?seq=1389: CircuitBreakerOpenError - Домен httpbin.org заблокирован
2026-08-05 01:23:05 - crawler - INFO - fetch_url_with_meta вызван для https://httpbin.org/status/429?seq=1390
2026-08-05 01:23:05 - crawler - WARNING - Домен httpbin.org временно заблокирован Circuit Breaker
2026-08-05 01:23:05 - crawler - ERROR - Ошибка при обработке https://httpbin.org/status/429?seq=1390: CircuitBreakerOpenError - Домен httpbin.org заблокирован
2026-08-05 01:23:05 - crawler - INFO - fetch_url_with_meta вызван для https://httpbin.org/get?seq=1391
2026-08-05 01:23:05 - crawler - WARNING - Домен httpbin.org временно заблокирован Circuit Breaker
2026-08-05 01:23:05 - crawler - ERROR - Ошибка при обработке https://httpbin.org/get?seq=1391: CircuitBreakerOpenError - Домен httpbin.org заблокирован
2026-08-05 01:23:05 - crawler - INFO - fetch_url_with_meta вызван для https://httpbin.org/delay/1?seq=1392
2026-08-05 01:23:05 - crawler - WARNING - Домен httpbin.org временно заблокирован Circuit Breaker
2026-08-05 01:23:05 - crawler - ERROR - Ошибка при обработке https://httpbin.org/delay/1?seq=1392: CircuitBreakerOpenError - Домен httpbin.org заблокирован
2026-08-05 01:23:05 - crawler - INFO - fetch_url_with_meta вызван для https://httpbin.org/delay/2?seq=1393
2026-08-05 01:23:05 - crawler - WARNING - Домен httpbin.org временно заблокирован Circuit Breaker
2026-08-05 01:23:05 - crawler - ERROR - Ошибка при обработке https://httpbin.org/delay/2?seq=1393: CircuitBreakerOpenError - Домен httpbin.org заблокирован
2026-08-05 01:23:05 - crawler - INFO - fetch_url_with_meta вызван для https://httpbin.org/html?seq=1394
2026-08-05 01:23:05 - crawler - WARNING - Домен httpbin.org временно заблокирован Circuit Breaker
2026-08-05 01:23:05 - crawler - ERROR - Ошибка при обработке https://httpbin.org/html?seq=1394: CircuitBreakerOpenError - Домен httpbin.org заблокирован
2026-08-05 01:23:05 - crawler - INFO - fetch_url_with_meta вызван для https://httpbin.org/forms/post?seq=1395
2026-08-05 01:23:05 - crawler - WARNING - Домен httpbin.org временно заблокирован Circuit Breaker
2026-08-05 01:23:05 - crawler - ERROR - Ошибка при обработке https://httpbin.org/forms/post?seq=1395: CircuitBreakerOpenError - Домен httpbin.org заблокирован
2026-08-05 01:23:05 - crawler - INFO - fetch_url_with_meta вызван для https://httpbin.org/bytes/1024?seq=1396
2026-08-05 01:23:05 - crawler - WARNING - Домен httpbin.org временно заблокирован Circuit Breaker
2026-08-05 01:23:05 - crawler - ERROR - Ошибка при обработке https://httpbin.org/bytes/1024?seq=1396: CircuitBreakerOpenError - Домен httpbin.org заблокирован
2026-08-05 01:23:05 - crawler - INFO - fetch_url_with_meta вызван для https://httpbin.org/status/200?seq=1397
2026-08-05 01:23:05 - crawler - WARNING - Домен httpbin.org временно заблокирован Circuit Breaker
2026-08-05 01:23:05 - crawler - ERROR - Ошибка при обработке https://httpbin.org/status/200?seq=1397: CircuitBreakerOpenError - Домен httpbin.org заблокирован
2026-08-05 01:23:05 - crawler - INFO - fetch_url_with_meta вызван для https://httpbin.org/status/404?seq=1398
2026-08-05 01:23:05 - crawler - WARNING - Домен httpbin.org временно заблокирован Circuit Breaker
2026-08-05 01:23:05 - crawler - ERROR - Ошибка при обработке https://httpbin.org/status/404?seq=1398: CircuitBreakerOpenError - Домен httpbin.org заблокирован
2026-08-05 01:23:05 - crawler - INFO - fetch_url_with_meta вызван для https://httpbin.org/status/500?seq=1399
2026-08-05 01:23:05 - crawler - WARNING - Домен httpbin.org временно заблокирован Circuit Breaker
2026-08-05 01:23:05 - crawler - ERROR - Ошибка при обработке https://httpbin.org/status/500?seq=1399: CircuitBreakerOpenError - Домен httpbin.org заблокирован
2026-08-05 01:23:05 - crawler - INFO - fetch_url_with_meta вызван для https://httpbin.org/status/503?seq=1400
2026-08-05 01:23:05 - crawler - WARNING - Домен httpbin.org временно заблокирован Circuit Breaker
2026-08-05 01:23:05 - crawler - ERROR - Ошибка при обработке https://httpbin.org/status/503?seq=1400: CircuitBreakerOpenError - Домен httpbin.org заблокирован
2026-08-05 01:23:05 - crawler - INFO - fetch_url_with_meta вызван для https://httpbin.org/status/429?seq=1401
2026-08-05 01:23:05 - crawler - WARNING - Домен httpbin.org временно заблокирован Circuit Breaker
2026-08-05 01:23:05 - crawler - ERROR - Ошибка при обработке https://httpbin.org/status/429?seq=1401: CircuitBreakerOpenError - Домен httpbin.org заблокирован
2026-08-05 01:23:05 - crawler - INFO - fetch_url_with_meta вызван для https://httpbin.org/get?seq=1402
2026-08-05 01:23:05 - crawler - WARNING - Домен httpbin.org временно заблокирован Circuit Breaker
2026-08-05 01:23:05 - crawler - ERROR - Ошибка при обработке https://httpbin.org/get?seq=1402: CircuitBreakerOpenError - Домен httpbin.org заблокирован
2026-08-05 01:23:05 - crawler - INFO - fetch_url_with_meta вызван для https://httpbin.org/delay/1?seq=1403
2026-08-05 01:23:05 - crawler - WARNING - Домен httpbin.org временно заблокирован Circuit Breaker
2026-08-05 01:23:05 - crawler - ERROR - Ошибка при обработке https://httpbin.org/delay/1?seq=1403: CircuitBreakerOpenError - Домен httpbin.org заблокирован
2026-08-05 01:23:05 - crawler - INFO - fetch_url_with_meta вызван для https://httpbin.org/delay/2?seq=1404
2026-08-05 01:23:05 - crawler - WARNING - Домен httpbin.org временно заблокирован Circuit Breaker
2026-08-05 01:23:05 - crawler - ERROR - Ошибка при обработке https://httpbin.org/delay/2?seq=1404: CircuitBreakerOpenError - Домен httpbin.org заблокирован
2026-08-05 01:23:05 - crawler - INFO - fetch_url_with_meta вызван для https://httpbin.org/html?seq=1405
2026-08-05 01:23:05 - crawler - WARNING - Домен httpbin.org временно заблокирован Circuit Breaker
2026-08-05 01:23:05 - crawler - ERROR - Ошибка при обработке https://httpbin.org/html?seq=1405: CircuitBreakerOpenError - Домен httpbin.org заблокирован
2026-08-05 01:23:05 - crawler - INFO - fetch_url_with_meta вызван для https://httpbin.org/forms/post?seq=1406
2026-08-05 01:23:05 - crawler - WARNING - Домен httpbin.org временно заблокирован Circuit Breaker
2026-08-05 01:23:05 - crawler - ERROR - Ошибка при обработке https://httpbin.org/forms/post?seq=1406: CircuitBreakerOpenError - Домен httpbin.org заблокирован
2026-08-05 01:23:05 - crawler - INFO - fetch_url_with_meta вызван для https://httpbin.org/bytes/1024?seq=1407
2026-08-05 01:23:05 - crawler - WARNING - Домен httpbin.org временно заблокирован Circuit Breaker
2026-08-05 01:23:05 - crawler - ERROR - Ошибка при обработке https://httpbin.org/bytes/1024?seq=1407: CircuitBreakerOpenError - Домен httpbin.org заблокирован
2026-08-05 01:23:05 - crawler - INFO - fetch_url_with_meta вызван для https://httpbin.org/status/200?seq=1408
2026-08-05 01:23:05 - crawler - WARNING - Домен httpbin.org временно заблокирован Circuit Breaker
2026-08-05 01:23:05 - crawler - ERROR - Ошибка при обработке https://httpbin.org/status/200?seq=1408: CircuitBreakerOpenError - Домен httpbin.org заблокирован
2026-08-05 01:23:05 - crawler - INFO - fetch_url_with_meta вызван для https://httpbin.org/status/404?seq=1409
2026-08-05 01:23:05 - crawler - WARNING - Домен httpbin.org временно заблокирован Circuit Breaker
2026-08-05 01:23:05 - crawler - ERROR - Ошибка при обработке https://httpbin.org/status/404?seq=1409: CircuitBreakerOpenError - Домен httpbin.org заблокирован
2026-08-05 01:23:05 - crawler - INFO - fetch_url_with_meta вызван для https://httpbin.org/status/500?seq=1410
2026-08-05 01:23:05 - crawler - WARNING - Домен httpbin.org временно заблокирован Circuit Breaker
2026-08-05 01:23:05 - crawler - ERROR - Ошибка при обработке https://httpbin.org/status/500?seq=1410: CircuitBreakerOpenError - Домен httpbin.org заблокирован
2026-08-05 01:23:05 - crawler - INFO - fetch_url_with_meta вызван для https://httpbin.org/status/503?seq=1411
2026-08-05 01:23:05 - crawler - WARNING - Домен httpbin.org временно заблокирован Circuit Breaker
2026-08-05 01:23:05 - crawler - ERROR - Ошибка при обработке https://httpbin.org/status/503?seq=1411: CircuitBreakerOpenError - Домен httpbin.org заблокирован
2026-08-05 01:23:05 - crawler - INFO - fetch_url_with_meta вызван для https://httpbin.org/status/429?seq=1412
2026-08-05 01:23:05 - crawler - WARNING - Домен httpbin.org временно заблокирован Circuit Breaker
2026-08-05 01:23:05 - crawler - ERROR - Ошибка при обработке https://httpbin.org/status/429?seq=1412: CircuitBreakerOpenError - Домен httpbin.org заблокирован
2026-08-05 01:23:05 - crawler - INFO - fetch_url_with_meta вызван для https://httpbin.org/get?seq=1413
2026-08-05 01:23:05 - crawler - WARNING - Домен httpbin.org временно заблокирован Circuit Breaker
2026-08-05 01:23:05 - crawler - ERROR - Ошибка при обработке https://httpbin.org/get?seq=1413: CircuitBreakerOpenError - Домен httpbin.org заблокирован
2026-08-05 01:23:05 - crawler - INFO - fetch_url_with_meta вызван для https://httpbin.org/delay/1?seq=1414
2026-08-05 01:23:05 - crawler - WARNING - Домен httpbin.org временно заблокирован Circuit Breaker
2026-08-05 01:23:05 - crawler - ERROR - Ошибка при обработке https://httpbin.org/delay/1?seq=1414: CircuitBreakerOpenError - Домен httpbin.org заблокирован
2026-08-05 01:23:05 - crawler - INFO - fetch_url_with_meta вызван для https://httpbin.org/delay/2?seq=1415
2026-08-05 01:23:05 - crawler - WARNING - Домен httpbin.org временно заблокирован Circuit Breaker
2026-08-05 01:23:05 - crawler - ERROR - Ошибка при обработке https://httpbin.org/delay/2?seq=1415: CircuitBreakerOpenError - Домен httpbin.org заблокирован
2026-08-05 01:23:05 - crawler - INFO - fetch_url_with_meta вызван для https://httpbin.org/html?seq=1416
2026-08-05 01:23:05 - crawler - WARNING - Домен httpbin.org временно заблокирован Circuit Breaker
2026-08-05 01:23:05 - crawler - ERROR - Ошибка при обработке https://httpbin.org/html?seq=1416: CircuitBreakerOpenError - Домен httpbin.org заблокирован
2026-08-05 01:23:05 - crawler - INFO - fetch_url_with_meta вызван для https://httpbin.org/forms/post?seq=1417
2026-08-05 01:23:05 - crawler - WARNING - Домен httpbin.org временно заблокирован Circuit Breaker
2026-08-05 01:23:05 - crawler - ERROR - Ошибка при обработке https://httpbin.org/forms/post?seq=1417: CircuitBreakerOpenError - Домен httpbin.org заблокирован
2026-08-05 01:23:05 - crawler - INFO - fetch_url_with_meta вызван для https://httpbin.org/bytes/1024?seq=1418
2026-08-05 01:23:05 - crawler - WARNING - Домен httpbin.org временно заблокирован Circuit Breaker
2026-08-05 01:23:05 - crawler - ERROR - Ошибка при обработке https://httpbin.org/bytes/1024?seq=1418: CircuitBreakerOpenError - Домен httpbin.org заблокирован
2026-08-05 01:23:05 - crawler - INFO - fetch_url_with_meta вызван для https://httpbin.org/status/200?seq=1419
2026-08-05 01:23:05 - crawler - WARNING - Домен httpbin.org временно заблокирован Circuit Breaker
2026-08-05 01:23:05 - crawler - ERROR - Ошибка при обработке https://httpbin.org/status/200?seq=1419: CircuitBreakerOpenError - Домен httpbin.org заблокирован
2026-08-05 01:23:05 - crawler - INFO - fetch_url_with_meta вызван для https://httpbin.org/status/404?seq=1420
2026-08-05 01:23:05 - crawler - WARNING - Домен httpbin.org временно заблокирован Circuit Breaker
2026-08-05 01:23:05 - crawler - ERROR - Ошибка при обработке https://httpbin.org/status/404?seq=1420: CircuitBreakerOpenError - Домен httpbin.org заблокирован
2026-08-05 01:23:05 - crawler - INFO - fetch_url_with_meta вызван для https://httpbin.org/status/500?seq=1421
2026-08-05 01:23:05 - crawler - WARNING - Домен httpbin.org временно заблокирован Circuit Breaker
2026-08-05 01:23:05 - crawler - ERROR - Ошибка при обработке https://httpbin.org/status/500?seq=1421: CircuitBreakerOpenError - Домен httpbin.org заблокирован
2026-08-05 01:23:05 - crawler - INFO - fetch_url_with_meta вызван для https://httpbin.org/status/503?seq=1422
2026-08-05 01:23:05 - crawler - WARNING - Домен httpbin.org временно заблокирован Circuit Breaker
2026-08-05 01:23:05 - crawler - ERROR - Ошибка при обработке https://httpbin.org/status/503?seq=1422: CircuitBreakerOpenError - Домен httpbin.org заблокирован
2026-08-05 01:23:05 - crawler - INFO - fetch_url_with_meta вызван для https://httpbin.org/status/429?seq=1423
2026-08-05 01:23:05 - crawler - WARNING - Домен httpbin.org временно заблокирован Circuit Breaker
2026-08-05 01:23:05 - crawler - ERROR - Ошибка при обработке https://httpbin.org/status/429?seq=1423: CircuitBreakerOpenError - Домен httpbin.org заблокирован
2026-08-05 01:23:05 - crawler - INFO - fetch_url_with_meta вызван для https://httpbin.org/get?seq=1424
2026-08-05 01:23:05 - crawler - WARNING - Домен httpbin.org временно заблокирован Circuit Breaker
2026-08-05 01:23:05 - crawler - ERROR - Ошибка при обработке https://httpbin.org/get?seq=1424: CircuitBreakerOpenError - Домен httpbin.org заблокирован
2026-08-05 01:23:05 - crawler - INFO - fetch_url_with_meta вызван для https://httpbin.org/delay/1?seq=1425
2026-08-05 01:23:05 - crawler - WARNING - Домен httpbin.org временно заблокирован Circuit Breaker
2026-08-05 01:23:05 - crawler - ERROR - Ошибка при обработке https://httpbin.org/delay/1?seq=1425: CircuitBreakerOpenError - Домен httpbin.org заблокирован
2026-08-05 01:23:05 - crawler - INFO - fetch_url_with_meta вызван для https://httpbin.org/delay/2?seq=1426
2026-08-05 01:23:05 - crawler - WARNING - Домен httpbin.org временно заблокирован Circuit Breaker
2026-08-05 01:23:05 - crawler - ERROR - Ошибка при обработке https://httpbin.org/delay/2?seq=1426: CircuitBreakerOpenError - Домен httpbin.org заблокирован
2026-08-05 01:23:05 - crawler - INFO - fetch_url_with_meta вызван для https://httpbin.org/html?seq=1427
2026-08-05 01:23:05 - crawler - WARNING - Домен httpbin.org временно заблокирован Circuit Breaker
2026-08-05 01:23:05 - crawler - ERROR - Ошибка при обработке https://httpbin.org/html?seq=1427: CircuitBreakerOpenError - Домен httpbin.org заблокирован
2026-08-05 01:23:05 - crawler - INFO - fetch_url_with_meta вызван для https://httpbin.org/forms/post?seq=1428
2026-08-05 01:23:05 - crawler - WARNING - Домен httpbin.org временно заблокирован Circuit Breaker
2026-08-05 01:23:05 - crawler - ERROR - Ошибка при обработке https://httpbin.org/forms/post?seq=1428: CircuitBreakerOpenError - Домен httpbin.org заблокирован
2026-08-05 01:23:05 - crawler - INFO - fetch_url_with_meta вызван для https://httpbin.org/bytes/1024?seq=1429
2026-08-05 01:23:05 - crawler - WARNING - Домен httpbin.org временно заблокирован Circuit Breaker
2026-08-05 01:23:05 - crawler - ERROR - Ошибка при обработке https://httpbin.org/bytes/1024?seq=1429: CircuitBreakerOpenError - Домен httpbin.org заблокирован
2026-08-05 01:23:05 - crawler - INFO - fetch_url_with_meta вызван для https://httpbin.org/status/200?seq=1430
2026-08-05 01:23:05 - crawler - WARNING - Домен httpbin.org временно заблокирован Circuit Breaker
2026-08-05 01:23:05 - crawler - ERROR - Ошибка при обработке https://httpbin.org/status/200?seq=1430: CircuitBreakerOpenError - Домен httpbin.org заблокирован
2026-08-05 01:23:05 - crawler - INFO - fetch_url_with_meta вызван для https://httpbin.org/status/404?seq=1431
2026-08-05 01:23:05 - crawler - WARNING - Домен httpbin.org временно заблокирован Circuit Breaker
2026-08-05 01:23:05 - crawler - ERROR - Ошибка при обработке https://httpbin.org/status/404?seq=1431: CircuitBreakerOpenError - Домен httpbin.org заблокирован
2026-08-05 01:23:05 - crawler - INFO - fetch_url_with_meta вызван для https://httpbin.org/status/500?seq=1432
2026-08-05 01:23:05 - crawler - WARNING - Домен httpbin.org временно заблокирован Circuit Breaker
2026-08-05 01:23:05 - crawler - ERROR - Ошибка при обработке https://httpbin.org/status/500?seq=1432: CircuitBreakerOpenError - Домен httpbin.org заблокирован
2026-08-05 01:23:05 - crawler - INFO - fetch_url_with_meta вызван для https://httpbin.org/status/503?seq=1433
2026-08-05 01:23:05 - crawler - WARNING - Домен httpbin.org временно заблокирован Circuit Breaker
2026-08-05 01:23:05 - crawler - ERROR - Ошибка при обработке https://httpbin.org/status/503?seq=1433: CircuitBreakerOpenError - Домен httpbin.org заблокирован
2026-08-05 01:23:05 - crawler - INFO - fetch_url_with_meta вызван для https://httpbin.org/status/429?seq=1434
2026-08-05 01:23:05 - crawler - WARNING - Домен httpbin.org временно заблокирован Circuit Breaker
2026-08-05 01:23:05 - crawler - ERROR - Ошибка при обработке https://httpbin.org/status/429?seq=1434: CircuitBreakerOpenError - Домен httpbin.org заблокирован
2026-08-05 01:23:05 - crawler - INFO - fetch_url_with_meta вызван для https://httpbin.org/get?seq=1435
2026-08-05 01:23:05 - crawler - WARNING - Домен httpbin.org временно заблокирован Circuit Breaker
2026-08-05 01:23:05 - crawler - ERROR - Ошибка при обработке https://httpbin.org/get?seq=1435: CircuitBreakerOpenError - Домен httpbin.org заблокирован
2026-08-05 01:23:05 - crawler - INFO - fetch_url_with_meta вызван для https://httpbin.org/delay/1?seq=1436
2026-08-05 01:23:05 - crawler - WARNING - Домен httpbin.org временно заблокирован Circuit Breaker
2026-08-05 01:23:05 - crawler - ERROR - Ошибка при обработке https://httpbin.org/delay/1?seq=1436: CircuitBreakerOpenError - Домен httpbin.org заблокирован
2026-08-05 01:23:05 - crawler - INFO - fetch_url_with_meta вызван для https://httpbin.org/delay/2?seq=1437
2026-08-05 01:23:05 - crawler - WARNING - Домен httpbin.org временно заблокирован Circuit Breaker
2026-08-05 01:23:05 - crawler - ERROR - Ошибка при обработке https://httpbin.org/delay/2?seq=1437: CircuitBreakerOpenError - Домен httpbin.org заблокирован
2026-08-05 01:23:05 - crawler - INFO - fetch_url_with_meta вызван для https://httpbin.org/html?seq=1438
2026-08-05 01:23:05 - crawler - WARNING - Домен httpbin.org временно заблокирован Circuit Breaker
2026-08-05 01:23:05 - crawler - ERROR - Ошибка при обработке https://httpbin.org/html?seq=1438: CircuitBreakerOpenError - Домен httpbin.org заблокирован
2026-08-05 01:23:05 - crawler - INFO - fetch_url_with_meta вызван для https://httpbin.org/forms/post?seq=1439
2026-08-05 01:23:05 - crawler - WARNING - Домен httpbin.org временно заблокирован Circuit Breaker
2026-08-05 01:23:05 - crawler - ERROR - Ошибка при обработке https://httpbin.org/forms/post?seq=1439: CircuitBreakerOpenError - Домен httpbin.org заблокирован
2026-08-05 01:23:05 - crawler - INFO - fetch_url_with_meta вызван для https://httpbin.org/bytes/1024?seq=1440
2026-08-05 01:23:05 - crawler - WARNING - Домен httpbin.org временно заблокирован Circuit Breaker
2026-08-05 01:23:05 - crawler - ERROR - Ошибка при обработке https://httpbin.org/bytes/1024?seq=1440: CircuitBreakerOpenError - Домен httpbin.org заблокирован
2026-08-05 01:23:05 - crawler - INFO - fetch_url_with_meta вызван для https://httpbin.org/status/200?seq=1441
2026-08-05 01:23:05 - crawler - WARNING - Домен httpbin.org временно заблокирован Circuit Breaker
2026-08-05 01:23:05 - crawler - ERROR - Ошибка при обработке https://httpbin.org/status/200?seq=1441: CircuitBreakerOpenError - Домен httpbin.org заблокирован
2026-08-05 01:23:05 - crawler - INFO - fetch_url_with_meta вызван для https://httpbin.org/status/404?seq=1442
2026-08-05 01:23:05 - crawler - WARNING - Домен httpbin.org временно заблокирован Circuit Breaker
2026-08-05 01:23:05 - crawler - ERROR - Ошибка при обработке https://httpbin.org/status/404?seq=1442: CircuitBreakerOpenError - Домен httpbin.org заблокирован
2026-08-05 01:23:05 - crawler - INFO - fetch_url_with_meta вызван для https://httpbin.org/status/500?seq=1443
2026-08-05 01:23:05 - crawler - WARNING - Домен httpbin.org временно заблокирован Circuit Breaker
2026-08-05 01:23:05 - crawler - ERROR - Ошибка при обработке https://httpbin.org/status/500?seq=1443: CircuitBreakerOpenError - Домен httpbin.org заблокирован
2026-08-05 01:23:05 - crawler - INFO - fetch_url_with_meta вызван для https://httpbin.org/status/503?seq=1444
2026-08-05 01:23:05 - crawler - WARNING - Домен httpbin.org временно заблокирован Circuit Breaker
2026-08-05 01:23:05 - crawler - ERROR - Ошибка при обработке https://httpbin.org/status/503?seq=1444: CircuitBreakerOpenError - Домен httpbin.org заблокирован
2026-08-05 01:23:05 - crawler - INFO - fetch_url_with_meta вызван для https://httpbin.org/status/429?seq=1445
2026-08-05 01:23:05 - crawler - WARNING - Домен httpbin.org временно заблокирован Circuit Breaker
2026-08-05 01:23:05 - crawler - ERROR - Ошибка при обработке https://httpbin.org/status/429?seq=1445: CircuitBreakerOpenError - Домен httpbin.org заблокирован
2026-08-05 01:23:05 - crawler - INFO - fetch_url_with_meta вызван для https://httpbin.org/get?seq=1446
2026-08-05 01:23:05 - crawler - WARNING - Домен httpbin.org временно заблокирован Circuit Breaker
2026-08-05 01:23:05 - crawler - ERROR - Ошибка при обработке https://httpbin.org/get?seq=1446: CircuitBreakerOpenError - Домен httpbin.org заблокирован
2026-08-05 01:23:05 - crawler - INFO - fetch_url_with_meta вызван для https://httpbin.org/delay/1?seq=1447
2026-08-05 01:23:05 - crawler - WARNING - Домен httpbin.org временно заблокирован Circuit Breaker
2026-08-05 01:23:05 - crawler - ERROR - Ошибка при обработке https://httpbin.org/delay/1?seq=1447: CircuitBreakerOpenError - Домен httpbin.org заблокирован
2026-08-05 01:23:05 - crawler - INFO - fetch_url_with_meta вызван для https://httpbin.org/delay/2?seq=1448
2026-08-05 01:23:05 - crawler - WARNING - Домен httpbin.org временно заблокирован Circuit Breaker
2026-08-05 01:23:05 - crawler - ERROR - Ошибка при обработке https://httpbin.org/delay/2?seq=1448: CircuitBreakerOpenError - Домен httpbin.org заблокирован
2026-08-05 01:23:05 - crawler - INFO - fetch_url_with_meta вызван для https://httpbin.org/html?seq=1449
2026-08-05 01:23:05 - crawler - WARNING - Домен httpbin.org временно заблокирован Circuit Breaker
2026-08-05 01:23:05 - crawler - ERROR - Ошибка при обработке https://httpbin.org/html?seq=1449: CircuitBreakerOpenError - Домен httpbin.org заблокирован
2026-08-05 01:23:05 - crawler - INFO - fetch_url_with_meta вызван для https://httpbin.org/forms/post?seq=1450
2026-08-05 01:23:05 - crawler - WARNING - Домен httpbin.org временно заблокирован Circuit Breaker
2026-08-05 01:23:05 - crawler - ERROR - Ошибка при обработке https://httpbin.org/forms/post?seq=1450: CircuitBreakerOpenError - Домен httpbin.org заблокирован
2026-08-05 01:23:05 - crawler - INFO - fetch_url_with_meta вызван для https://httpbin.org/bytes/1024?seq=1451
2026-08-05 01:23:05 - crawler - WARNING - Домен httpbin.org временно заблокирован Circuit Breaker
2026-08-05 01:23:05 - crawler - ERROR - Ошибка при обработке https://httpbin.org/bytes/1024?seq=1451: CircuitBreakerOpenError - Домен httpbin.org заблокирован
2026-08-05 01:23:05 - crawler - INFO - fetch_url_with_meta вызван для https://httpbin.org/status/200?seq=1452
2026-08-05 01:23:05 - crawler - WARNING - Домен httpbin.org временно заблокирован Circuit Breaker
2026-08-05 01:23:05 - crawler - ERROR - Ошибка при обработке https://httpbin.org/status/200?seq=1452: CircuitBreakerOpenError - Домен httpbin.org заблокирован
2026-08-05 01:23:05 - crawler - INFO - fetch_url_with_meta вызван для https://httpbin.org/status/404?seq=1453
2026-08-05 01:23:05 - crawler - WARNING - Домен httpbin.org временно заблокирован Circuit Breaker
2026-08-05 01:23:05 - crawler - ERROR - Ошибка при обработке https://httpbin.org/status/404?seq=1453: CircuitBreakerOpenError - Домен httpbin.org заблокирован
2026-08-05 01:23:05 - crawler - INFO - fetch_url_with_meta вызван для https://httpbin.org/status/500?seq=1454
2026-08-05 01:23:05 - crawler - WARNING - Домен httpbin.org временно заблокирован Circuit Breaker
2026-08-05 01:23:05 - crawler - ERROR - Ошибка при обработке https://httpbin.org/status/500?seq=1454: CircuitBreakerOpenError - Домен httpbin.org заблокирован
2026-08-05 01:23:05 - crawler - INFO - fetch_url_with_meta вызван для https://httpbin.org/status/503?seq=1455
2026-08-05 01:23:05 - crawler - WARNING - Домен httpbin.org временно заблокирован Circuit Breaker
2026-08-05 01:23:05 - crawler - ERROR - Ошибка при обработке https://httpbin.org/status/503?seq=1455: CircuitBreakerOpenError - Домен httpbin.org заблокирован
2026-08-05 01:23:05 - crawler - INFO - fetch_url_with_meta вызван для https://httpbin.org/status/429?seq=1456
2026-08-05 01:23:05 - crawler - WARNING - Домен httpbin.org временно заблокирован Circuit Breaker
2026-08-05 01:23:05 - crawler - ERROR - Ошибка при обработке https://httpbin.org/status/429?seq=1456: CircuitBreakerOpenError - Домен httpbin.org заблокирован
2026-08-05 01:23:05 - crawler - INFO - fetch_url_with_meta вызван для https://httpbin.org/get?seq=1457
2026-08-05 01:23:05 - crawler - WARNING - Домен httpbin.org временно заблокирован Circuit Breaker
2026-08-05 01:23:05 - crawler - ERROR - Ошибка при обработке https://httpbin.org/get?seq=1457: CircuitBreakerOpenError - Домен httpbin.org заблокирован
2026-08-05 01:23:05 - crawler - INFO - fetch_url_with_meta вызван для https://httpbin.org/delay/1?seq=1458
2026-08-05 01:23:05 - crawler - WARNING - Домен httpbin.org временно заблокирован Circuit Breaker
2026-08-05 01:23:05 - crawler - ERROR - Ошибка при обработке https://httpbin.org/delay/1?seq=1458: CircuitBreakerOpenError - Домен httpbin.org заблокирован
2026-08-05 01:23:05 - crawler - INFO - fetch_url_with_meta вызван для https://httpbin.org/delay/2?seq=1459
2026-08-05 01:23:05 - crawler - WARNING - Домен httpbin.org временно заблокирован Circuit Breaker
2026-08-05 01:23:05 - crawler - ERROR - Ошибка при обработке https://httpbin.org/delay/2?seq=1459: CircuitBreakerOpenError - Домен httpbin.org заблокирован
2026-08-05 01:23:05 - crawler - INFO - fetch_url_with_meta вызван для https://httpbin.org/html?seq=1460
2026-08-05 01:23:05 - crawler - WARNING - Домен httpbin.org временно заблокирован Circuit Breaker
2026-08-05 01:23:05 - crawler - ERROR - Ошибка при обработке https://httpbin.org/html?seq=1460: CircuitBreakerOpenError - Домен httpbin.org заблокирован
2026-08-05 01:23:05 - crawler - INFO - fetch_url_with_meta вызван для https://httpbin.org/forms/post?seq=1461
2026-08-05 01:23:05 - crawler - WARNING - Домен httpbin.org временно заблокирован Circuit Breaker
2026-08-05 01:23:05 - crawler - ERROR - Ошибка при обработке https://httpbin.org/forms/post?seq=1461: CircuitBreakerOpenError - Домен httpbin.org заблокирован
2026-08-05 01:23:05 - crawler - INFO - fetch_url_with_meta вызван для https://httpbin.org/bytes/1024?seq=1462
2026-08-05 01:23:05 - crawler - WARNING - Домен httpbin.org временно заблокирован Circuit Breaker
2026-08-05 01:23:05 - crawler - ERROR - Ошибка при обработке https://httpbin.org/bytes/1024?seq=1462: CircuitBreakerOpenError - Домен httpbin.org заблокирован
2026-08-05 01:23:05 - crawler - INFO - fetch_url_with_meta вызван для https://httpbin.org/status/200?seq=1463
2026-08-05 01:23:05 - crawler - WARNING - Домен httpbin.org временно заблокирован Circuit Breaker
2026-08-05 01:23:05 - crawler - ERROR - Ошибка при обработке https://httpbin.org/status/200?seq=1463: CircuitBreakerOpenError - Домен httpbin.org заблокирован
2026-08-05 01:23:06 - crawler - INFO - fetch_url_with_meta вызван для https://httpbin.org/status/404?seq=1464
2026-08-05 01:23:06 - crawler - WARNING - Домен httpbin.org временно заблокирован Circuit Breaker
2026-08-05 01:23:06 - crawler - ERROR - Ошибка при обработке https://httpbin.org/status/404?seq=1464: CircuitBreakerOpenError - Домен httpbin.org заблокирован
2026-08-05 01:23:06 - crawler - INFO - fetch_url_with_meta вызван для https://httpbin.org/status/500?seq=1465
2026-08-05 01:23:06 - crawler - WARNING - Домен httpbin.org временно заблокирован Circuit Breaker
2026-08-05 01:23:06 - crawler - ERROR - Ошибка при обработке https://httpbin.org/status/500?seq=1465: CircuitBreakerOpenError - Домен httpbin.org заблокирован
2026-08-05 01:23:06 - crawler - INFO - fetch_url_with_meta вызван для https://httpbin.org/status/503?seq=1466
2026-08-05 01:23:06 - crawler - WARNING - Домен httpbin.org временно заблокирован Circuit Breaker
2026-08-05 01:23:06 - crawler - ERROR - Ошибка при обработке https://httpbin.org/status/503?seq=1466: CircuitBreakerOpenError - Домен httpbin.org заблокирован
2026-08-05 01:23:06 - crawler - INFO - fetch_url_with_meta вызван для https://httpbin.org/status/429?seq=1467
2026-08-05 01:23:06 - crawler - WARNING - Домен httpbin.org временно заблокирован Circuit Breaker
2026-08-05 01:23:06 - crawler - ERROR - Ошибка при обработке https://httpbin.org/status/429?seq=1467: CircuitBreakerOpenError - Домен httpbin.org заблокирован
2026-08-05 01:23:06 - crawler - INFO - fetch_url_with_meta вызван для https://httpbin.org/get?seq=1468
2026-08-05 01:23:06 - crawler - WARNING - Домен httpbin.org временно заблокирован Circuit Breaker
2026-08-05 01:23:06 - crawler - ERROR - Ошибка при обработке https://httpbin.org/get?seq=1468: CircuitBreakerOpenError - Домен httpbin.org заблокирован
2026-08-05 01:23:06 - crawler - INFO - fetch_url_with_meta вызван для https://httpbin.org/delay/1?seq=1469
2026-08-05 01:23:06 - crawler - WARNING - Домен httpbin.org временно заблокирован Circuit Breaker
2026-08-05 01:23:06 - crawler - ERROR - Ошибка при обработке https://httpbin.org/delay/1?seq=1469: CircuitBreakerOpenError - Домен httpbin.org заблокирован
2026-08-05 01:23:06 - crawler - INFO - fetch_url_with_meta вызван для https://httpbin.org/delay/2?seq=1470
2026-08-05 01:23:06 - crawler - WARNING - Домен httpbin.org временно заблокирован Circuit Breaker
2026-08-05 01:23:06 - crawler - ERROR - Ошибка при обработке https://httpbin.org/delay/2?seq=1470: CircuitBreakerOpenError - Домен httpbin.org заблокирован
2026-08-05 01:23:06 - crawler - INFO - fetch_url_with_meta вызван для https://httpbin.org/html?seq=1471
2026-08-05 01:23:06 - crawler - WARNING - Домен httpbin.org временно заблокирован Circuit Breaker
2026-08-05 01:23:06 - crawler - ERROR - Ошибка при обработке https://httpbin.org/html?seq=1471: CircuitBreakerOpenError - Домен httpbin.org заблокирован
2026-08-05 01:23:06 - crawler - INFO - fetch_url_with_meta вызван для https://httpbin.org/forms/post?seq=1472
2026-08-05 01:23:06 - crawler - WARNING - Домен httpbin.org временно заблокирован Circuit Breaker
2026-08-05 01:23:06 - crawler - ERROR - Ошибка при обработке https://httpbin.org/forms/post?seq=1472: CircuitBreakerOpenError - Домен httpbin.org заблокирован
2026-08-05 01:23:06 - crawler - INFO - fetch_url_with_meta вызван для https://httpbin.org/bytes/1024?seq=1473
2026-08-05 01:23:06 - crawler - WARNING - Домен httpbin.org временно заблокирован Circuit Breaker
2026-08-05 01:23:06 - crawler - ERROR - Ошибка при обработке https://httpbin.org/bytes/1024?seq=1473: CircuitBreakerOpenError - Домен httpbin.org заблокирован
2026-08-05 01:23:06 - crawler - INFO - fetch_url_with_meta вызван для https://httpbin.org/status/200?seq=1474
2026-08-05 01:23:06 - crawler - WARNING - Домен httpbin.org временно заблокирован Circuit Breaker
2026-08-05 01:23:06 - crawler - ERROR - Ошибка при обработке https://httpbin.org/status/200?seq=1474: CircuitBreakerOpenError - Домен httpbin.org заблокирован
2026-08-05 01:23:06 - crawler - INFO - fetch_url_with_meta вызван для https://httpbin.org/status/404?seq=1475
2026-08-05 01:23:06 - crawler - WARNING - Домен httpbin.org временно заблокирован Circuit Breaker
2026-08-05 01:23:06 - crawler - ERROR - Ошибка при обработке https://httpbin.org/status/404?seq=1475: CircuitBreakerOpenError - Домен httpbin.org заблокирован
2026-08-05 01:23:06 - crawler - INFO - fetch_url_with_meta вызван для https://httpbin.org/status/500?seq=1476
2026-08-05 01:23:06 - crawler - WARNING - Домен httpbin.org временно заблокирован Circuit Breaker
2026-08-05 01:23:06 - crawler - ERROR - Ошибка при обработке https://httpbin.org/status/500?seq=1476: CircuitBreakerOpenError - Домен httpbin.org заблокирован
2026-08-05 01:23:06 - crawler - INFO - fetch_url_with_meta вызван для https://httpbin.org/status/503?seq=1477
2026-08-05 01:23:06 - crawler - WARNING - Домен httpbin.org временно заблокирован Circuit Breaker
2026-08-05 01:23:06 - crawler - ERROR - Ошибка при обработке https://httpbin.org/status/503?seq=1477: CircuitBreakerOpenError - Домен httpbin.org заблокирован
2026-08-05 01:23:06 - crawler - INFO - fetch_url_with_meta вызван для https://httpbin.org/status/429?seq=1478
2026-08-05 01:23:06 - crawler - WARNING - Домен httpbin.org временно заблокирован Circuit Breaker
2026-08-05 01:23:06 - crawler - ERROR - Ошибка при обработке https://httpbin.org/status/429?seq=1478: CircuitBreakerOpenError - Домен httpbin.org заблокирован
2026-08-05 01:23:06 - crawler - INFO - fetch_url_with_meta вызван для https://httpbin.org/get?seq=1479
2026-08-05 01:23:06 - crawler - WARNING - Домен httpbin.org временно заблокирован Circuit Breaker
2026-08-05 01:23:06 - crawler - ERROR - Ошибка при обработке https://httpbin.org/get?seq=1479: CircuitBreakerOpenError - Домен httpbin.org заблокирован
2026-08-05 01:23:06 - crawler - INFO - fetch_url_with_meta вызван для https://httpbin.org/delay/1?seq=1480
2026-08-05 01:23:06 - crawler - WARNING - Домен httpbin.org временно заблокирован Circuit Breaker
2026-08-05 01:23:06 - crawler - ERROR - Ошибка при обработке https://httpbin.org/delay/1?seq=1480: CircuitBreakerOpenError - Домен httpbin.org заблокирован
2026-08-05 01:23:06 - crawler - INFO - fetch_url_with_meta вызван для https://httpbin.org/delay/2?seq=1481
2026-08-05 01:23:06 - crawler - WARNING - Домен httpbin.org временно заблокирован Circuit Breaker
2026-08-05 01:23:06 - crawler - ERROR - Ошибка при обработке https://httpbin.org/delay/2?seq=1481: CircuitBreakerOpenError - Домен httpbin.org заблокирован
2026-08-05 01:23:06 - crawler - INFO - fetch_url_with_meta вызван для https://httpbin.org/html?seq=1482
2026-08-05 01:23:06 - crawler - WARNING - Домен httpbin.org временно заблокирован Circuit Breaker
2026-08-05 01:23:06 - crawler - ERROR - Ошибка при обработке https://httpbin.org/html?seq=1482: CircuitBreakerOpenError - Домен httpbin.org заблокирован
2026-08-05 01:23:06 - crawler - INFO - fetch_url_with_meta вызван для https://httpbin.org/forms/post?seq=1483
2026-08-05 01:23:06 - crawler - WARNING - Домен httpbin.org временно заблокирован Circuit Breaker
2026-08-05 01:23:06 - crawler - ERROR - Ошибка при обработке https://httpbin.org/forms/post?seq=1483: CircuitBreakerOpenError - Домен httpbin.org заблокирован
2026-08-05 01:23:06 - crawler - INFO - fetch_url_with_meta вызван для https://httpbin.org/bytes/1024?seq=1484
2026-08-05 01:23:06 - crawler - WARNING - Домен httpbin.org временно заблокирован Circuit Breaker
2026-08-05 01:23:06 - crawler - ERROR - Ошибка при обработке https://httpbin.org/bytes/1024?seq=1484: CircuitBreakerOpenError - Домен httpbin.org заблокирован
2026-08-05 01:23:06 - crawler - INFO - fetch_url_with_meta вызван для https://httpbin.org/status/200?seq=1485
2026-08-05 01:23:06 - crawler - WARNING - Домен httpbin.org временно заблокирован Circuit Breaker
2026-08-05 01:23:06 - crawler - ERROR - Ошибка при обработке https://httpbin.org/status/200?seq=1485: CircuitBreakerOpenError - Домен httpbin.org заблокирован
2026-08-05 01:23:06 - crawler - INFO - fetch_url_with_meta вызван для https://httpbin.org/status/404?seq=1486
2026-08-05 01:23:06 - crawler - WARNING - Домен httpbin.org временно заблокирован Circuit Breaker
2026-08-05 01:23:06 - crawler - ERROR - Ошибка при обработке https://httpbin.org/status/404?seq=1486: CircuitBreakerOpenError - Домен httpbin.org заблокирован
2026-08-05 01:23:06 - crawler - INFO - fetch_url_with_meta вызван для https://httpbin.org/status/500?seq=1487
2026-08-05 01:23:06 - crawler - WARNING - Домен httpbin.org временно заблокирован Circuit Breaker
2026-08-05 01:23:06 - crawler - ERROR - Ошибка при обработке https://httpbin.org/status/500?seq=1487: CircuitBreakerOpenError - Домен httpbin.org заблокирован
2026-08-05 01:23:06 - crawler - INFO - fetch_url_with_meta вызван для https://httpbin.org/status/503?seq=1488
2026-08-05 01:23:06 - crawler - WARNING - Домен httpbin.org временно заблокирован Circuit Breaker
2026-08-05 01:23:06 - crawler - ERROR - Ошибка при обработке https://httpbin.org/status/503?seq=1488: CircuitBreakerOpenError - Домен httpbin.org заблокирован
2026-08-05 01:23:06 - crawler - INFO - fetch_url_with_meta вызван для https://httpbin.org/status/429?seq=1489
2026-08-05 01:23:06 - crawler - WARNING - Домен httpbin.org временно заблокирован Circuit Breaker
2026-08-05 01:23:06 - crawler - ERROR - Ошибка при обработке https://httpbin.org/status/429?seq=1489: CircuitBreakerOpenError - Домен httpbin.org заблокирован
2026-08-05 01:23:06 - crawler - INFO - fetch_url_with_meta вызван для https://httpbin.org/get?seq=1490
2026-08-05 01:23:06 - crawler - WARNING - Домен httpbin.org временно заблокирован Circuit Breaker
2026-08-05 01:23:06 - crawler - ERROR - Ошибка при обработке https://httpbin.org/get?seq=1490: CircuitBreakerOpenError - Домен httpbin.org заблокирован
2026-08-05 01:23:06 - crawler - INFO - fetch_url_with_meta вызван для https://httpbin.org/delay/1?seq=1491
2026-08-05 01:23:06 - crawler - WARNING - Домен httpbin.org временно заблокирован Circuit Breaker
2026-08-05 01:23:06 - crawler - ERROR - Ошибка при обработке https://httpbin.org/delay/1?seq=1491: CircuitBreakerOpenError - Домен httpbin.org заблокирован
2026-08-05 01:23:06 - crawler - INFO - fetch_url_with_meta вызван для https://httpbin.org/delay/2?seq=1492
2026-08-05 01:23:06 - crawler - WARNING - Домен httpbin.org временно заблокирован Circuit Breaker
2026-08-05 01:23:06 - crawler - ERROR - Ошибка при обработке https://httpbin.org/delay/2?seq=1492: CircuitBreakerOpenError - Домен httpbin.org заблокирован
2026-08-05 01:23:06 - crawler - INFO - fetch_url_with_meta вызван для https://httpbin.org/html?seq=1493
2026-08-05 01:23:06 - crawler - WARNING - Домен httpbin.org временно заблокирован Circuit Breaker
2026-08-05 01:23:06 - crawler - ERROR - Ошибка при обработке https://httpbin.org/html?seq=1493: CircuitBreakerOpenError - Домен httpbin.org заблокирован
2026-08-05 01:23:06 - crawler - INFO - fetch_url_with_meta вызван для https://httpbin.org/forms/post?seq=1494
2026-08-05 01:23:06 - crawler - WARNING - Домен httpbin.org временно заблокирован Circuit Breaker
2026-08-05 01:23:06 - crawler - ERROR - Ошибка при обработке https://httpbin.org/forms/post?seq=1494: CircuitBreakerOpenError - Домен httpbin.org заблокирован
2026-08-05 01:23:06 - crawler - INFO - fetch_url_with_meta вызван для https://httpbin.org/bytes/1024?seq=1495
2026-08-05 01:23:06 - crawler - WARNING - Домен httpbin.org временно заблокирован Circuit Breaker
2026-08-05 01:23:06 - crawler - ERROR - Ошибка при обработке https://httpbin.org/bytes/1024?seq=1495: CircuitBreakerOpenError - Домен httpbin.org заблокирован
2026-08-05 01:23:06 - crawler - INFO - fetch_url_with_meta вызван для https://httpbin.org/status/200?seq=1496
2026-08-05 01:23:06 - crawler - WARNING - Домен httpbin.org временно заблокирован Circuit Breaker
2026-08-05 01:23:06 - crawler - ERROR - Ошибка при обработке https://httpbin.org/status/200?seq=1496: CircuitBreakerOpenError - Домен httpbin.org заблокирован
2026-08-05 01:23:06 - crawler - INFO - fetch_url_with_meta вызван для https://httpbin.org/status/404?seq=1497
2026-08-05 01:23:06 - crawler - WARNING - Домен httpbin.org временно заблокирован Circuit Breaker
2026-08-05 01:23:06 - crawler - ERROR - Ошибка при обработке https://httpbin.org/status/404?seq=1497: CircuitBreakerOpenError - Домен httpbin.org заблокирован
2026-08-05 01:23:06 - crawler - INFO - fetch_url_with_meta вызван для https://httpbin.org/status/500?seq=1498
2026-08-05 01:23:06 - crawler - WARNING - Домен httpbin.org временно заблокирован Circuit Breaker
2026-08-05 01:23:06 - crawler - ERROR - Ошибка при обработке https://httpbin.org/status/500?seq=1498: CircuitBreakerOpenError - Домен httpbin.org заблокирован
2026-08-05 01:23:06 - crawler - INFO - fetch_url_with_meta вызван для https://httpbin.org/status/503?seq=1499
2026-08-05 01:23:06 - crawler - WARNING - Домен httpbin.org временно заблокирован Circuit Breaker
2026-08-05 01:23:06 - crawler - ERROR - Ошибка при обработке https://httpbin.org/status/503?seq=1499: CircuitBreakerOpenError - Домен httpbin.org заблокирован
2026-08-05 01:23:06 - crawler - INFO - fetch_url_with_meta вызван для https://httpbin.org/status/429?seq=1500
2026-08-05 01:23:06 - crawler - WARNING - Домен httpbin.org временно заблокирован Circuit Breaker
2026-08-05 01:23:06 - crawler - ERROR - Ошибка при обработке https://httpbin.org/status/429?seq=1500: CircuitBreakerOpenError - Домен httpbin.org заблокирован
2026-08-05 01:23:06 - crawler - INFO - fetch_url_with_meta вызван для https://httpbin.org/get?seq=1501
2026-08-05 01:23:06 - crawler - WARNING - Домен httpbin.org временно заблокирован Circuit Breaker
2026-08-05 01:23:06 - crawler - ERROR - Ошибка при обработке https://httpbin.org/get?seq=1501: CircuitBreakerOpenError - Домен httpbin.org заблокирован
2026-08-05 01:23:06 - crawler - INFO - fetch_url_with_meta вызван для https://httpbin.org/delay/1?seq=1502
2026-08-05 01:23:06 - crawler - WARNING - Домен httpbin.org временно заблокирован Circuit Breaker
2026-08-05 01:23:06 - crawler - ERROR - Ошибка при обработке https://httpbin.org/delay/1?seq=1502: CircuitBreakerOpenError - Домен httpbin.org заблокирован
2026-08-05 01:23:06 - crawler - INFO - fetch_url_with_meta вызван для https://httpbin.org/delay/2?seq=1503
2026-08-05 01:23:06 - crawler - WARNING - Домен httpbin.org временно заблокирован Circuit Breaker
2026-08-05 01:23:06 - crawler - ERROR - Ошибка при обработке https://httpbin.org/delay/2?seq=1503: CircuitBreakerOpenError - Домен httpbin.org заблокирован
2026-08-05 01:23:06 - crawler - INFO - fetch_url_with_meta вызван для https://httpbin.org/html?seq=1504
2026-08-05 01:23:06 - crawler - WARNING - Домен httpbin.org временно заблокирован Circuit Breaker
2026-08-05 01:23:06 - crawler - ERROR - Ошибка при обработке https://httpbin.org/html?seq=1504: CircuitBreakerOpenError - Домен httpbin.org заблокирован
2026-08-05 01:23:06 - crawler - INFO - fetch_url_with_meta вызван для https://httpbin.org/forms/post?seq=1505
2026-08-05 01:23:06 - crawler - WARNING - Домен httpbin.org временно заблокирован Circuit Breaker
2026-08-05 01:23:06 - crawler - ERROR - Ошибка при обработке https://httpbin.org/forms/post?seq=1505: CircuitBreakerOpenError - Домен httpbin.org заблокирован
2026-08-05 01:23:06 - crawler - INFO - fetch_url_with_meta вызван для https://httpbin.org/bytes/1024?seq=1506
2026-08-05 01:23:06 - crawler - WARNING - Домен httpbin.org временно заблокирован Circuit Breaker
2026-08-05 01:23:06 - crawler - ERROR - Ошибка при обработке https://httpbin.org/bytes/1024?seq=1506: CircuitBreakerOpenError - Домен httpbin.org заблокирован
2026-08-05 01:23:06 - crawler - INFO - fetch_url_with_meta вызван для https://httpbin.org/status/200?seq=1507
2026-08-05 01:23:06 - crawler - WARNING - Домен httpbin.org временно заблокирован Circuit Breaker
2026-08-05 01:23:06 - crawler - ERROR - Ошибка при обработке https://httpbin.org/status/200?seq=1507: CircuitBreakerOpenError - Домен httpbin.org заблокирован
2026-08-05 01:23:06 - crawler - INFO - fetch_url_with_meta вызван для https://httpbin.org/status/404?seq=1508
2026-08-05 01:23:06 - crawler - WARNING - Домен httpbin.org временно заблокирован Circuit Breaker
2026-08-05 01:23:06 - crawler - ERROR - Ошибка при обработке https://httpbin.org/status/404?seq=1508: CircuitBreakerOpenError - Домен httpbin.org заблокирован
2026-08-05 01:23:06 - crawler - INFO - fetch_url_with_meta вызван для https://httpbin.org/status/500?seq=1509
2026-08-05 01:23:06 - crawler - WARNING - Домен httpbin.org временно заблокирован Circuit Breaker
2026-08-05 01:23:06 - crawler - ERROR - Ошибка при обработке https://httpbin.org/status/500?seq=1509: CircuitBreakerOpenError - Домен httpbin.org заблокирован
2026-08-05 01:23:06 - crawler - INFO - fetch_url_with_meta вызван для https://httpbin.org/status/503?seq=1510
2026-08-05 01:23:06 - crawler - WARNING - Домен httpbin.org временно заблокирован Circuit Breaker
2026-08-05 01:23:06 - crawler - ERROR - Ошибка при обработке https://httpbin.org/status/503?seq=1510: CircuitBreakerOpenError - Домен httpbin.org заблокирован
2026-08-05 01:23:06 - crawler - INFO - fetch_url_with_meta вызван для https://httpbin.org/status/429?seq=1511
2026-08-05 01:23:06 - crawler - WARNING - Домен httpbin.org временно заблокирован Circuit Breaker
2026-08-05 01:23:06 - crawler - ERROR - Ошибка при обработке https://httpbin.org/status/429?seq=1511: CircuitBreakerOpenError - Домен httpbin.org заблокирован
2026-08-05 01:23:06 - crawler - INFO - fetch_url_with_meta вызван для https://httpbin.org/get?seq=1512
2026-08-05 01:23:06 - crawler - WARNING - Домен httpbin.org временно заблокирован Circuit Breaker
2026-08-05 01:23:06 - crawler - ERROR - Ошибка при обработке https://httpbin.org/get?seq=1512: CircuitBreakerOpenError - Домен httpbin.org заблокирован
2026-08-05 01:23:06 - crawler - INFO - fetch_url_with_meta вызван для https://httpbin.org/delay/1?seq=1513
2026-08-05 01:23:06 - crawler - WARNING - Домен httpbin.org временно заблокирован Circuit Breaker
2026-08-05 01:23:06 - crawler - ERROR - Ошибка при обработке https://httpbin.org/delay/1?seq=1513: CircuitBreakerOpenError - Домен httpbin.org заблокирован
2026-08-05 01:23:06 - crawler - INFO - fetch_url_with_meta вызван для https://httpbin.org/delay/2?seq=1514
2026-08-05 01:23:06 - crawler - WARNING - Домен httpbin.org временно заблокирован Circuit Breaker
2026-08-05 01:23:06 - crawler - ERROR - Ошибка при обработке https://httpbin.org/delay/2?seq=1514: CircuitBreakerOpenError - Домен httpbin.org заблокирован
2026-08-05 01:23:06 - crawler - INFO - fetch_url_with_meta вызван для https://httpbin.org/html?seq=1515
2026-08-05 01:23:06 - crawler - WARNING - Домен httpbin.org временно заблокирован Circuit Breaker
2026-08-05 01:23:06 - crawler - ERROR - Ошибка при обработке https://httpbin.org/html?seq=1515: CircuitBreakerOpenError - Домен httpbin.org заблокирован
2026-08-05 01:23:06 - crawler - INFO - fetch_url_with_meta вызван для https://httpbin.org/forms/post?seq=1516
2026-08-05 01:23:06 - crawler - WARNING - Домен httpbin.org временно заблокирован Circuit Breaker
2026-08-05 01:23:06 - crawler - ERROR - Ошибка при обработке https://httpbin.org/forms/post?seq=1516: CircuitBreakerOpenError - Домен httpbin.org заблокирован
2026-08-05 01:23:06 - crawler - INFO - fetch_url_with_meta вызван для https://httpbin.org/bytes/1024?seq=1517
2026-08-05 01:23:06 - crawler - WARNING - Домен httpbin.org временно заблокирован Circuit Breaker
2026-08-05 01:23:06 - crawler - ERROR - Ошибка при обработке https://httpbin.org/bytes/1024?seq=1517: CircuitBreakerOpenError - Домен httpbin.org заблокирован
2026-08-05 01:23:06 - crawler - INFO - fetch_url_with_meta вызван для https://httpbin.org/status/200?seq=1518
2026-08-05 01:23:06 - crawler - WARNING - Домен httpbin.org временно заблокирован Circuit Breaker
2026-08-05 01:23:06 - crawler - ERROR - Ошибка при обработке https://httpbin.org/status/200?seq=1518: CircuitBreakerOpenError - Домен httpbin.org заблокирован
2026-08-05 01:23:06 - crawler - INFO - fetch_url_with_meta вызван для https://httpbin.org/status/404?seq=1519
2026-08-05 01:23:06 - crawler - WARNING - Домен httpbin.org временно заблокирован Circuit Breaker
2026-08-05 01:23:06 - crawler - ERROR - Ошибка при обработке https://httpbin.org/status/404?seq=1519: CircuitBreakerOpenError - Домен httpbin.org заблокирован
2026-08-05 01:23:06 - crawler - INFO - fetch_url_with_meta вызван для https://httpbin.org/status/500?seq=1520
2026-08-05 01:23:06 - crawler - WARNING - Домен httpbin.org временно заблокирован Circuit Breaker
2026-08-05 01:23:06 - crawler - ERROR - Ошибка при обработке https://httpbin.org/status/500?seq=1520: CircuitBreakerOpenError - Домен httpbin.org заблокирован
2026-08-05 01:23:06 - crawler - INFO - fetch_url_with_meta вызван для https://httpbin.org/status/503?seq=1521
2026-08-05 01:23:06 - crawler - WARNING - Домен httpbin.org временно заблокирован Circuit Breaker
2026-08-05 01:23:06 - crawler - ERROR - Ошибка при обработке https://httpbin.org/status/503?seq=1521: CircuitBreakerOpenError - Домен httpbin.org заблокирован
2026-08-05 01:23:06 - crawler - INFO - fetch_url_with_meta вызван для https://httpbin.org/status/429?seq=1522
2026-08-05 01:23:06 - crawler - WARNING - Домен httpbin.org временно заблокирован Circuit Breaker
2026-08-05 01:23:06 - crawler - ERROR - Ошибка при обработке https://httpbin.org/status/429?seq=1522: CircuitBreakerOpenError - Домен httpbin.org заблокирован
2026-08-05 01:23:06 - crawler - INFO - fetch_url_with_meta вызван для https://httpbin.org/get?seq=1523
2026-08-05 01:23:06 - crawler - WARNING - Домен httpbin.org временно заблокирован Circuit Breaker
2026-08-05 01:23:06 - crawler - ERROR - Ошибка при обработке https://httpbin.org/get?seq=1523: CircuitBreakerOpenError - Домен httpbin.org заблокирован
2026-08-05 01:23:06 - crawler - INFO - fetch_url_with_meta вызван для https://httpbin.org/delay/1?seq=1524
2026-08-05 01:23:06 - crawler - WARNING - Домен httpbin.org временно заблокирован Circuit Breaker
2026-08-05 01:23:06 - crawler - ERROR - Ошибка при обработке https://httpbin.org/delay/1?seq=1524: CircuitBreakerOpenError - Домен httpbin.org заблокирован
2026-08-05 01:23:06 - crawler - INFO - fetch_url_with_meta вызван для https://httpbin.org/delay/2?seq=1525
2026-08-05 01:23:06 - crawler - WARNING - Домен httpbin.org временно заблокирован Circuit Breaker
2026-08-05 01:23:06 - crawler - ERROR - Ошибка при обработке https://httpbin.org/delay/2?seq=1525: CircuitBreakerOpenError - Домен httpbin.org заблокирован
2026-08-05 01:23:06 - crawler - INFO - fetch_url_with_meta вызван для https://httpbin.org/html?seq=1526
2026-08-05 01:23:06 - crawler - WARNING - Домен httpbin.org временно заблокирован Circuit Breaker
2026-08-05 01:23:06 - crawler - ERROR - Ошибка при обработке https://httpbin.org/html?seq=1526: CircuitBreakerOpenError - Домен httpbin.org заблокирован
2026-08-05 01:23:06 - crawler - INFO - fetch_url_with_meta вызван для https://httpbin.org/forms/post?seq=1527
2026-08-05 01:23:06 - crawler - WARNING - Домен httpbin.org временно заблокирован Circuit Breaker
2026-08-05 01:23:06 - crawler - ERROR - Ошибка при обработке https://httpbin.org/forms/post?seq=1527: CircuitBreakerOpenError - Домен httpbin.org заблокирован
2026-08-05 01:23:06 - crawler - INFO - fetch_url_with_meta вызван для https://httpbin.org/bytes/1024?seq=1528
2026-08-05 01:23:06 - crawler - WARNING - Домен httpbin.org временно заблокирован Circuit Breaker
2026-08-05 01:23:06 - crawler - ERROR - Ошибка при обработке https://httpbin.org/bytes/1024?seq=1528: CircuitBreakerOpenError - Домен httpbin.org заблокирован
2026-08-05 01:23:06 - crawler - INFO - fetch_url_with_meta вызван для https://httpbin.org/status/200?seq=1529
2026-08-05 01:23:06 - crawler - WARNING - Домен httpbin.org временно заблокирован Circuit Breaker
2026-08-05 01:23:06 - crawler - ERROR - Ошибка при обработке https://httpbin.org/status/200?seq=1529: CircuitBreakerOpenError - Домен httpbin.org заблокирован
2026-08-05 01:23:06 - crawler - INFO - fetch_url_with_meta вызван для https://httpbin.org/status/404?seq=1530
2026-08-05 01:23:06 - crawler - WARNING - Домен httpbin.org временно заблокирован Circuit Breaker
2026-08-05 01:23:06 - crawler - ERROR - Ошибка при обработке https://httpbin.org/status/404?seq=1530: CircuitBreakerOpenError - Домен httpbin.org заблокирован
2026-08-05 01:23:06 - crawler - INFO - fetch_url_with_meta вызван для https://httpbin.org/status/500?seq=1531
2026-08-05 01:23:06 - crawler - WARNING - Домен httpbin.org временно заблокирован Circuit Breaker
2026-08-05 01:23:06 - crawler - ERROR - Ошибка при обработке https://httpbin.org/status/500?seq=1531: CircuitBreakerOpenError - Домен httpbin.org заблокирован
2026-08-05 01:23:06 - crawler - INFO - fetch_url_with_meta вызван для https://httpbin.org/status/503?seq=1532
2026-08-05 01:23:06 - crawler - WARNING - Домен httpbin.org временно заблокирован Circuit Breaker
2026-08-05 01:23:06 - crawler - ERROR - Ошибка при обработке https://httpbin.org/status/503?seq=1532: CircuitBreakerOpenError - Домен httpbin.org заблокирован
2026-08-05 01:23:06 - crawler - INFO - fetch_url_with_meta вызван для https://httpbin.org/status/429?seq=1533
2026-08-05 01:23:06 - crawler - WARNING - Домен httpbin.org временно заблокирован Circuit Breaker
2026-08-05 01:23:06 - crawler - ERROR - Ошибка при обработке https://httpbin.org/status/429?seq=1533: CircuitBreakerOpenError - Домен httpbin.org заблокирован
2026-08-05 01:23:06 - crawler - INFO - fetch_url_with_meta вызван для https://httpbin.org/get?seq=1534
2026-08-05 01:23:06 - crawler - WARNING - Домен httpbin.org временно заблокирован Circuit Breaker
2026-08-05 01:23:06 - crawler - ERROR - Ошибка при обработке https://httpbin.org/get?seq=1534: CircuitBreakerOpenError - Домен httpbin.org заблокирован
2026-08-05 01:23:06 - crawler - INFO - fetch_url_with_meta вызван для https://httpbin.org/delay/1?seq=1535
2026-08-05 01:23:06 - crawler - WARNING - Домен httpbin.org временно заблокирован Circuit Breaker
2026-08-05 01:23:06 - crawler - ERROR - Ошибка при обработке https://httpbin.org/delay/1?seq=1535: CircuitBreakerOpenError - Домен httpbin.org заблокирован
2026-08-05 01:23:06 - crawler - INFO - fetch_url_with_meta вызван для https://httpbin.org/delay/2?seq=1536
2026-08-05 01:23:06 - crawler - WARNING - Домен httpbin.org временно заблокирован Circuit Breaker
2026-08-05 01:23:06 - crawler - ERROR - Ошибка при обработке https://httpbin.org/delay/2?seq=1536: CircuitBreakerOpenError - Домен httpbin.org заблокирован
2026-08-05 01:23:06 - crawler - INFO - fetch_url_with_meta вызван для https://httpbin.org/html?seq=1537
2026-08-05 01:23:06 - crawler - WARNING - Домен httpbin.org временно заблокирован Circuit Breaker
2026-08-05 01:23:06 - crawler - ERROR - Ошибка при обработке https://httpbin.org/html?seq=1537: CircuitBreakerOpenError - Домен httpbin.org заблокирован
2026-08-05 01:23:06 - crawler - INFO - fetch_url_with_meta вызван для https://httpbin.org/forms/post?seq=1538
2026-08-05 01:23:06 - crawler - WARNING - Домен httpbin.org временно заблокирован Circuit Breaker
2026-08-05 01:23:06 - crawler - ERROR - Ошибка при обработке https://httpbin.org/forms/post?seq=1538: CircuitBreakerOpenError - Домен httpbin.org заблокирован
2026-08-05 01:23:06 - crawler - INFO - fetch_url_with_meta вызван для https://httpbin.org/bytes/1024?seq=1539
2026-08-05 01:23:06 - crawler - WARNING - Домен httpbin.org временно заблокирован Circuit Breaker
2026-08-05 01:23:06 - crawler - ERROR - Ошибка при обработке https://httpbin.org/bytes/1024?seq=1539: CircuitBreakerOpenError - Домен httpbin.org заблокирован
2026-08-05 01:23:06 - crawler - INFO - fetch_url_with_meta вызван для https://httpbin.org/status/200?seq=1540
2026-08-05 01:23:06 - crawler - WARNING - Домен httpbin.org временно заблокирован Circuit Breaker
2026-08-05 01:23:06 - crawler - ERROR - Ошибка при обработке https://httpbin.org/status/200?seq=1540: CircuitBreakerOpenError - Домен httpbin.org заблокирован
2026-08-05 01:23:06 - crawler - INFO - fetch_url_with_meta вызван для https://httpbin.org/status/404?seq=1541
2026-08-05 01:23:06 - crawler - WARNING - Домен httpbin.org временно заблокирован Circuit Breaker
2026-08-05 01:23:06 - crawler - ERROR - Ошибка при обработке https://httpbin.org/status/404?seq=1541: CircuitBreakerOpenError - Домен httpbin.org заблокирован
2026-08-05 01:23:06 - crawler - INFO - fetch_url_with_meta вызван для https://httpbin.org/status/500?seq=1542
2026-08-05 01:23:06 - crawler - WARNING - Домен httpbin.org временно заблокирован Circuit Breaker
2026-08-05 01:23:06 - crawler - ERROR - Ошибка при обработке https://httpbin.org/status/500?seq=1542: CircuitBreakerOpenError - Домен httpbin.org заблокирован
2026-08-05 01:23:06 - crawler - INFO - fetch_url_with_meta вызван для https://httpbin.org/status/503?seq=1543
2026-08-05 01:23:07 - crawler - WARNING - Домен httpbin.org временно заблокирован Circuit Breaker
2026-08-05 01:23:07 - crawler - ERROR - Ошибка при обработке https://httpbin.org/status/503?seq=1543: CircuitBreakerOpenError - Домен httpbin.org заблокирован
2026-08-05 01:23:07 - crawler - INFO - fetch_url_with_meta вызван для https://httpbin.org/status/429?seq=1544
2026-08-05 01:23:07 - crawler - WARNING - Домен httpbin.org временно заблокирован Circuit Breaker
2026-08-05 01:23:07 - crawler - ERROR - Ошибка при обработке https://httpbin.org/status/429?seq=1544: CircuitBreakerOpenError - Домен httpbin.org заблокирован
2026-08-05 01:23:07 - crawler - INFO - fetch_url_with_meta вызван для https://httpbin.org/get?seq=1545
2026-08-05 01:23:07 - crawler - WARNING - Домен httpbin.org временно заблокирован Circuit Breaker
2026-08-05 01:23:07 - crawler - ERROR - Ошибка при обработке https://httpbin.org/get?seq=1545: CircuitBreakerOpenError - Домен httpbin.org заблокирован
2026-08-05 01:23:07 - crawler - INFO - fetch_url_with_meta вызван для https://httpbin.org/delay/1?seq=1546
2026-08-05 01:23:07 - crawler - WARNING - Домен httpbin.org временно заблокирован Circuit Breaker
2026-08-05 01:23:07 - crawler - ERROR - Ошибка при обработке https://httpbin.org/delay/1?seq=1546: CircuitBreakerOpenError - Домен httpbin.org заблокирован
2026-08-05 01:23:07 - crawler - INFO - fetch_url_with_meta вызван для https://httpbin.org/delay/2?seq=1547
2026-08-05 01:23:07 - crawler - WARNING - Домен httpbin.org временно заблокирован Circuit Breaker
2026-08-05 01:23:07 - crawler - ERROR - Ошибка при обработке https://httpbin.org/delay/2?seq=1547: CircuitBreakerOpenError - Домен httpbin.org заблокирован
2026-08-05 01:23:07 - crawler - INFO - fetch_url_with_meta вызван для https://httpbin.org/html?seq=1548
2026-08-05 01:23:07 - crawler - WARNING - Домен httpbin.org временно заблокирован Circuit Breaker
2026-08-05 01:23:07 - crawler - ERROR - Ошибка при обработке https://httpbin.org/html?seq=1548: CircuitBreakerOpenError - Домен httpbin.org заблокирован
2026-08-05 01:23:07 - crawler - INFO - fetch_url_with_meta вызван для https://httpbin.org/forms/post?seq=1549
2026-08-05 01:23:07 - crawler - WARNING - Домен httpbin.org временно заблокирован Circuit Breaker
2026-08-05 01:23:07 - crawler - ERROR - Ошибка при обработке https://httpbin.org/forms/post?seq=1549: CircuitBreakerOpenError - Домен httpbin.org заблокирован
2026-08-05 01:23:07 - crawler - INFO - fetch_url_with_meta вызван для https://httpbin.org/bytes/1024?seq=1550
2026-08-05 01:23:07 - crawler - WARNING - Домен httpbin.org временно заблокирован Circuit Breaker
2026-08-05 01:23:07 - crawler - ERROR - Ошибка при обработке https://httpbin.org/bytes/1024?seq=1550: CircuitBreakerOpenError - Домен httpbin.org заблокирован
2026-08-05 01:23:07 - crawler - INFO - fetch_url_with_meta вызван для https://httpbin.org/status/200?seq=1551
2026-08-05 01:23:07 - crawler - WARNING - Домен httpbin.org временно заблокирован Circuit Breaker
2026-08-05 01:23:07 - crawler - ERROR - Ошибка при обработке https://httpbin.org/status/200?seq=1551: CircuitBreakerOpenError - Домен httpbin.org заблокирован
2026-08-05 01:23:07 - crawler - INFO - fetch_url_with_meta вызван для https://httpbin.org/status/404?seq=1552
2026-08-05 01:23:07 - crawler - WARNING - Домен httpbin.org временно заблокирован Circuit Breaker
2026-08-05 01:23:07 - crawler - ERROR - Ошибка при обработке https://httpbin.org/status/404?seq=1552: CircuitBreakerOpenError - Домен httpbin.org заблокирован
2026-08-05 01:23:07 - crawler - INFO - fetch_url_with_meta вызван для https://httpbin.org/status/500?seq=1553
2026-08-05 01:23:07 - crawler - WARNING - Домен httpbin.org временно заблокирован Circuit Breaker
2026-08-05 01:23:07 - crawler - ERROR - Ошибка при обработке https://httpbin.org/status/500?seq=1553: CircuitBreakerOpenError - Домен httpbin.org заблокирован
2026-08-05 01:23:07 - crawler - INFO - fetch_url_with_meta вызван для https://httpbin.org/status/503?seq=1554
2026-08-05 01:23:07 - crawler - WARNING - Домен httpbin.org временно заблокирован Circuit Breaker
2026-08-05 01:23:07 - crawler - ERROR - Ошибка при обработке https://httpbin.org/status/503?seq=1554: CircuitBreakerOpenError - Домен httpbin.org заблокирован
2026-08-05 01:23:07 - crawler - INFO - fetch_url_with_meta вызван для https://httpbin.org/status/429?seq=1555
2026-08-05 01:23:07 - crawler - WARNING - Домен httpbin.org временно заблокирован Circuit Breaker
2026-08-05 01:23:07 - crawler - ERROR - Ошибка при обработке https://httpbin.org/status/429?seq=1555: CircuitBreakerOpenError - Домен httpbin.org заблокирован
2026-08-05 01:23:07 - crawler - INFO - fetch_url_with_meta вызван для https://httpbin.org/get?seq=1556
2026-08-05 01:23:07 - crawler - WARNING - Домен httpbin.org временно заблокирован Circuit Breaker
2026-08-05 01:23:07 - crawler - ERROR - Ошибка при обработке https://httpbin.org/get?seq=1556: CircuitBreakerOpenError - Домен httpbin.org заблокирован
2026-08-05 01:23:07 - crawler - INFO - fetch_url_with_meta вызван для https://httpbin.org/delay/1?seq=1557
2026-08-05 01:23:07 - crawler - WARNING - Домен httpbin.org временно заблокирован Circuit Breaker
2026-08-05 01:23:07 - crawler - ERROR - Ошибка при обработке https://httpbin.org/delay/1?seq=1557: CircuitBreakerOpenError - Домен httpbin.org заблокирован
2026-08-05 01:23:07 - crawler - INFO - fetch_url_with_meta вызван для https://httpbin.org/delay/2?seq=1558
2026-08-05 01:23:07 - crawler - WARNING - Домен httpbin.org временно заблокирован Circuit Breaker
2026-08-05 01:23:07 - crawler - ERROR - Ошибка при обработке https://httpbin.org/delay/2?seq=1558: CircuitBreakerOpenError - Домен httpbin.org заблокирован
2026-08-05 01:23:07 - crawler - INFO - fetch_url_with_meta вызван для https://httpbin.org/html?seq=1559
2026-08-05 01:23:07 - crawler - WARNING - Домен httpbin.org временно заблокирован Circuit Breaker
2026-08-05 01:23:07 - crawler - ERROR - Ошибка при обработке https://httpbin.org/html?seq=1559: CircuitBreakerOpenError - Домен httpbin.org заблокирован
2026-08-05 01:23:07 - crawler - INFO - fetch_url_with_meta вызван для https://httpbin.org/forms/post?seq=1560
2026-08-05 01:23:07 - crawler - WARNING - Домен httpbin.org временно заблокирован Circuit Breaker
2026-08-05 01:23:07 - crawler - ERROR - Ошибка при обработке https://httpbin.org/forms/post?seq=1560: CircuitBreakerOpenError - Домен httpbin.org заблокирован
2026-08-05 01:23:07 - crawler - INFO - fetch_url_with_meta вызван для https://httpbin.org/bytes/1024?seq=1561
2026-08-05 01:23:07 - crawler - WARNING - Домен httpbin.org временно заблокирован Circuit Breaker
2026-08-05 01:23:07 - crawler - ERROR - Ошибка при обработке https://httpbin.org/bytes/1024?seq=1561: CircuitBreakerOpenError - Домен httpbin.org заблокирован
2026-08-05 01:23:07 - crawler - INFO - fetch_url_with_meta вызван для https://httpbin.org/status/200?seq=1562
2026-08-05 01:23:07 - crawler - WARNING - Домен httpbin.org временно заблокирован Circuit Breaker
2026-08-05 01:23:07 - crawler - ERROR - Ошибка при обработке https://httpbin.org/status/200?seq=1562: CircuitBreakerOpenError - Домен httpbin.org заблокирован
2026-08-05 01:23:07 - crawler - INFO - fetch_url_with_meta вызван для https://httpbin.org/status/404?seq=1563
2026-08-05 01:23:07 - crawler - WARNING - Домен httpbin.org временно заблокирован Circuit Breaker
2026-08-05 01:23:07 - crawler - ERROR - Ошибка при обработке https://httpbin.org/status/404?seq=1563: CircuitBreakerOpenError - Домен httpbin.org заблокирован
2026-08-05 01:23:07 - crawler - INFO - fetch_url_with_meta вызван для https://httpbin.org/status/500?seq=1564
2026-08-05 01:23:07 - crawler - WARNING - Домен httpbin.org временно заблокирован Circuit Breaker
2026-08-05 01:23:07 - crawler - ERROR - Ошибка при обработке https://httpbin.org/status/500?seq=1564: CircuitBreakerOpenError - Домен httpbin.org заблокирован
2026-08-05 01:23:07 - crawler - INFO - fetch_url_with_meta вызван для https://httpbin.org/status/503?seq=1565
2026-08-05 01:23:07 - crawler - WARNING - Домен httpbin.org временно заблокирован Circuit Breaker
2026-08-05 01:23:07 - crawler - ERROR - Ошибка при обработке https://httpbin.org/status/503?seq=1565: CircuitBreakerOpenError - Домен httpbin.org заблокирован
2026-08-05 01:23:07 - crawler - INFO - fetch_url_with_meta вызван для https://httpbin.org/status/429?seq=1566
2026-08-05 01:23:07 - crawler - WARNING - Домен httpbin.org временно заблокирован Circuit Breaker
2026-08-05 01:23:07 - crawler - ERROR - Ошибка при обработке https://httpbin.org/status/429?seq=1566: CircuitBreakerOpenError - Домен httpbin.org заблокирован
2026-08-05 01:23:07 - crawler - INFO - fetch_url_with_meta вызван для https://httpbin.org/get?seq=1567
2026-08-05 01:23:07 - crawler - WARNING - Домен httpbin.org временно заблокирован Circuit Breaker
2026-08-05 01:23:07 - crawler - ERROR - Ошибка при обработке https://httpbin.org/get?seq=1567: CircuitBreakerOpenError - Домен httpbin.org заблокирован
2026-08-05 01:23:07 - crawler - INFO - fetch_url_with_meta вызван для https://httpbin.org/delay/1?seq=1568
2026-08-05 01:23:07 - crawler - WARNING - Домен httpbin.org временно заблокирован Circuit Breaker
2026-08-05 01:23:07 - crawler - ERROR - Ошибка при обработке https://httpbin.org/delay/1?seq=1568: CircuitBreakerOpenError - Домен httpbin.org заблокирован
2026-08-05 01:23:07 - crawler - INFO - fetch_url_with_meta вызван для https://httpbin.org/delay/2?seq=1569
2026-08-05 01:23:07 - crawler - WARNING - Домен httpbin.org временно заблокирован Circuit Breaker
2026-08-05 01:23:07 - crawler - ERROR - Ошибка при обработке https://httpbin.org/delay/2?seq=1569: CircuitBreakerOpenError - Домен httpbin.org заблокирован
2026-08-05 01:23:07 - crawler - INFO - fetch_url_with_meta вызван для https://httpbin.org/html?seq=1570
2026-08-05 01:23:07 - crawler - WARNING - Домен httpbin.org временно заблокирован Circuit Breaker
2026-08-05 01:23:07 - crawler - ERROR - Ошибка при обработке https://httpbin.org/html?seq=1570: CircuitBreakerOpenError - Домен httpbin.org заблокирован
2026-08-05 01:23:07 - crawler - INFO - fetch_url_with_meta вызван для https://httpbin.org/forms/post?seq=1571
2026-08-05 01:23:07 - crawler - WARNING - Домен httpbin.org временно заблокирован Circuit Breaker
2026-08-05 01:23:07 - crawler - ERROR - Ошибка при обработке https://httpbin.org/forms/post?seq=1571: CircuitBreakerOpenError - Домен httpbin.org заблокирован
2026-08-05 01:23:07 - crawler - INFO - fetch_url_with_meta вызван для https://httpbin.org/bytes/1024?seq=1572
2026-08-05 01:23:07 - crawler - WARNING - Домен httpbin.org временно заблокирован Circuit Breaker
2026-08-05 01:23:07 - crawler - ERROR - Ошибка при обработке https://httpbin.org/bytes/1024?seq=1572: CircuitBreakerOpenError - Домен httpbin.org заблокирован
2026-08-05 01:23:07 - crawler - INFO - fetch_url_with_meta вызван для https://httpbin.org/status/200?seq=1573
2026-08-05 01:23:07 - crawler - WARNING - Домен httpbin.org временно заблокирован Circuit Breaker
2026-08-05 01:23:07 - crawler - ERROR - Ошибка при обработке https://httpbin.org/status/200?seq=1573: CircuitBreakerOpenError - Домен httpbin.org заблокирован
2026-08-05 01:23:07 - crawler - INFO - fetch_url_with_meta вызван для https://httpbin.org/status/404?seq=1574
2026-08-05 01:23:07 - crawler - WARNING - Домен httpbin.org временно заблокирован Circuit Breaker
2026-08-05 01:23:07 - crawler - ERROR - Ошибка при обработке https://httpbin.org/status/404?seq=1574: CircuitBreakerOpenError - Домен httpbin.org заблокирован
2026-08-05 01:23:07 - crawler - INFO - fetch_url_with_meta вызван для https://httpbin.org/status/500?seq=1575
2026-08-05 01:23:07 - crawler - WARNING - Домен httpbin.org временно заблокирован Circuit Breaker
2026-08-05 01:23:07 - crawler - ERROR - Ошибка при обработке https://httpbin.org/status/500?seq=1575: CircuitBreakerOpenError - Домен httpbin.org заблокирован
2026-08-05 01:23:07 - crawler - INFO - fetch_url_with_meta вызван для https://httpbin.org/status/503?seq=1576
2026-08-05 01:23:07 - crawler - WARNING - Домен httpbin.org временно заблокирован Circuit Breaker
2026-08-05 01:23:07 - crawler - ERROR - Ошибка при обработке https://httpbin.org/status/503?seq=1576: CircuitBreakerOpenError - Домен httpbin.org заблокирован
2026-08-05 01:23:07 - crawler - INFO - fetch_url_with_meta вызван для https://httpbin.org/status/429?seq=1577
2026-08-05 01:23:07 - crawler - WARNING - Домен httpbin.org временно заблокирован Circuit Breaker
2026-08-05 01:23:07 - crawler - ERROR - Ошибка при обработке https://httpbin.org/status/429?seq=1577: CircuitBreakerOpenError - Домен httpbin.org заблокирован
2026-08-05 01:23:07 - crawler - INFO - fetch_url_with_meta вызван для https://httpbin.org/get?seq=1578
2026-08-05 01:23:07 - crawler - WARNING - Домен httpbin.org временно заблокирован Circuit Breaker
2026-08-05 01:23:07 - crawler - ERROR - Ошибка при обработке https://httpbin.org/get?seq=1578: CircuitBreakerOpenError - Домен httpbin.org заблокирован
2026-08-05 01:23:07 - crawler - INFO - fetch_url_with_meta вызван для https://httpbin.org/delay/1?seq=1579
2026-08-05 01:23:07 - crawler - WARNING - Домен httpbin.org временно заблокирован Circuit Breaker
2026-08-05 01:23:07 - crawler - ERROR - Ошибка при обработке https://httpbin.org/delay/1?seq=1579: CircuitBreakerOpenError - Домен httpbin.org заблокирован
2026-08-05 01:23:07 - crawler - INFO - fetch_url_with_meta вызван для https://httpbin.org/delay/2?seq=1580
2026-08-05 01:23:07 - crawler - WARNING - Домен httpbin.org временно заблокирован Circuit Breaker
2026-08-05 01:23:07 - crawler - ERROR - Ошибка при обработке https://httpbin.org/delay/2?seq=1580: CircuitBreakerOpenError - Домен httpbin.org заблокирован
2026-08-05 01:23:07 - crawler - INFO - fetch_url_with_meta вызван для https://httpbin.org/html?seq=1581
2026-08-05 01:23:07 - crawler - WARNING - Домен httpbin.org временно заблокирован Circuit Breaker
2026-08-05 01:23:07 - crawler - ERROR - Ошибка при обработке https://httpbin.org/html?seq=1581: CircuitBreakerOpenError - Домен httpbin.org заблокирован
2026-08-05 01:23:07 - crawler - INFO - fetch_url_with_meta вызван для https://httpbin.org/forms/post?seq=1582
2026-08-05 01:23:07 - crawler - WARNING - Домен httpbin.org временно заблокирован Circuit Breaker
2026-08-05 01:23:07 - crawler - ERROR - Ошибка при обработке https://httpbin.org/forms/post?seq=1582: CircuitBreakerOpenError - Домен httpbin.org заблокирован
2026-08-05 01:23:07 - crawler - INFO - fetch_url_with_meta вызван для https://httpbin.org/bytes/1024?seq=1583
2026-08-05 01:23:07 - crawler - WARNING - Домен httpbin.org временно заблокирован Circuit Breaker
2026-08-05 01:23:07 - crawler - ERROR - Ошибка при обработке https://httpbin.org/bytes/1024?seq=1583: CircuitBreakerOpenError - Домен httpbin.org заблокирован
2026-08-05 01:23:07 - crawler - INFO - fetch_url_with_meta вызван для https://httpbin.org/status/200?seq=1584
2026-08-05 01:23:07 - crawler - WARNING - Домен httpbin.org временно заблокирован Circuit Breaker
2026-08-05 01:23:07 - crawler - ERROR - Ошибка при обработке https://httpbin.org/status/200?seq=1584: CircuitBreakerOpenError - Домен httpbin.org заблокирован
2026-08-05 01:23:07 - crawler - INFO - fetch_url_with_meta вызван для https://httpbin.org/status/404?seq=1585
2026-08-05 01:23:07 - crawler - WARNING - Домен httpbin.org временно заблокирован Circuit Breaker
2026-08-05 01:23:07 - crawler - ERROR - Ошибка при обработке https://httpbin.org/status/404?seq=1585: CircuitBreakerOpenError - Домен httpbin.org заблокирован
2026-08-05 01:23:07 - crawler - INFO - fetch_url_with_meta вызван для https://httpbin.org/status/500?seq=1586
2026-08-05 01:23:07 - crawler - WARNING - Домен httpbin.org временно заблокирован Circuit Breaker
2026-08-05 01:23:07 - crawler - ERROR - Ошибка при обработке https://httpbin.org/status/500?seq=1586: CircuitBreakerOpenError - Домен httpbin.org заблокирован
2026-08-05 01:23:07 - crawler - INFO - fetch_url_with_meta вызван для https://httpbin.org/status/503?seq=1587
2026-08-05 01:23:07 - crawler - WARNING - Домен httpbin.org временно заблокирован Circuit Breaker
2026-08-05 01:23:07 - crawler - ERROR - Ошибка при обработке https://httpbin.org/status/503?seq=1587: CircuitBreakerOpenError - Домен httpbin.org заблокирован
2026-08-05 01:23:07 - crawler - INFO - fetch_url_with_meta вызван для https://httpbin.org/status/429?seq=1588
2026-08-05 01:23:07 - crawler - WARNING - Домен httpbin.org временно заблокирован Circuit Breaker
2026-08-05 01:23:07 - crawler - ERROR - Ошибка при обработке https://httpbin.org/status/429?seq=1588: CircuitBreakerOpenError - Домен httpbin.org заблокирован
2026-08-05 01:23:07 - crawler - INFO - fetch_url_with_meta вызван для https://httpbin.org/get?seq=1589
2026-08-05 01:23:07 - crawler - WARNING - Домен httpbin.org временно заблокирован Circuit Breaker
2026-08-05 01:23:07 - crawler - ERROR - Ошибка при обработке https://httpbin.org/get?seq=1589: CircuitBreakerOpenError - Домен httpbin.org заблокирован
2026-08-05 01:23:07 - crawler - INFO - fetch_url_with_meta вызван для https://httpbin.org/delay/1?seq=1590
2026-08-05 01:23:07 - crawler - WARNING - Домен httpbin.org временно заблокирован Circuit Breaker
2026-08-05 01:23:07 - crawler - ERROR - Ошибка при обработке https://httpbin.org/delay/1?seq=1590: CircuitBreakerOpenError - Домен httpbin.org заблокирован
2026-08-05 01:23:07 - crawler - INFO - fetch_url_with_meta вызван для https://httpbin.org/delay/2?seq=1591
2026-08-05 01:23:07 - crawler - WARNING - Домен httpbin.org временно заблокирован Circuit Breaker
2026-08-05 01:23:07 - crawler - ERROR - Ошибка при обработке https://httpbin.org/delay/2?seq=1591: CircuitBreakerOpenError - Домен httpbin.org заблокирован
2026-08-05 01:23:07 - crawler - INFO - fetch_url_with_meta вызван для https://httpbin.org/html?seq=1592
2026-08-05 01:23:07 - crawler - WARNING - Домен httpbin.org временно заблокирован Circuit Breaker
2026-08-05 01:23:07 - crawler - ERROR - Ошибка при обработке https://httpbin.org/html?seq=1592: CircuitBreakerOpenError - Домен httpbin.org заблокирован
2026-08-05 01:23:07 - crawler - INFO - fetch_url_with_meta вызван для https://httpbin.org/forms/post?seq=1593
2026-08-05 01:23:07 - crawler - WARNING - Домен httpbin.org временно заблокирован Circuit Breaker
2026-08-05 01:23:07 - crawler - ERROR - Ошибка при обработке https://httpbin.org/forms/post?seq=1593: CircuitBreakerOpenError - Домен httpbin.org заблокирован
2026-08-05 01:23:07 - crawler - INFO - fetch_url_with_meta вызван для https://httpbin.org/bytes/1024?seq=1594
2026-08-05 01:23:07 - crawler - WARNING - Домен httpbin.org временно заблокирован Circuit Breaker
2026-08-05 01:23:07 - crawler - ERROR - Ошибка при обработке https://httpbin.org/bytes/1024?seq=1594: CircuitBreakerOpenError - Домен httpbin.org заблокирован
2026-08-05 01:23:07 - crawler - INFO - fetch_url_with_meta вызван для https://httpbin.org/status/200?seq=1595
2026-08-05 01:23:07 - crawler - WARNING - Домен httpbin.org временно заблокирован Circuit Breaker
2026-08-05 01:23:07 - crawler - ERROR - Ошибка при обработке https://httpbin.org/status/200?seq=1595: CircuitBreakerOpenError - Домен httpbin.org заблокирован
2026-08-05 01:23:07 - crawler - INFO - fetch_url_with_meta вызван для https://httpbin.org/status/404?seq=1596
2026-08-05 01:23:07 - crawler - WARNING - Домен httpbin.org временно заблокирован Circuit Breaker
2026-08-05 01:23:07 - crawler - ERROR - Ошибка при обработке https://httpbin.org/status/404?seq=1596: CircuitBreakerOpenError - Домен httpbin.org заблокирован
2026-08-05 01:23:07 - crawler - INFO - fetch_url_with_meta вызван для https://httpbin.org/status/500?seq=1597
2026-08-05 01:23:07 - crawler - WARNING - Домен httpbin.org временно заблокирован Circuit Breaker
2026-08-05 01:23:07 - crawler - ERROR - Ошибка при обработке https://httpbin.org/status/500?seq=1597: CircuitBreakerOpenError - Домен httpbin.org заблокирован
2026-08-05 01:23:07 - crawler - INFO - fetch_url_with_meta вызван для https://httpbin.org/status/503?seq=1598
2026-08-05 01:23:07 - crawler - WARNING - Домен httpbin.org временно заблокирован Circuit Breaker
2026-08-05 01:23:07 - crawler - ERROR - Ошибка при обработке https://httpbin.org/status/503?seq=1598: CircuitBreakerOpenError - Домен httpbin.org заблокирован
2026-08-05 01:23:07 - crawler - INFO - fetch_url_with_meta вызван для https://httpbin.org/status/429?seq=1599
2026-08-05 01:23:07 - crawler - WARNING - Домен httpbin.org временно заблокирован Circuit Breaker
2026-08-05 01:23:07 - crawler - ERROR - Ошибка при обработке https://httpbin.org/status/429?seq=1599: CircuitBreakerOpenError - Домен httpbin.org заблокирован
2026-08-05 01:23:07 - crawler - INFO - fetch_url_with_meta вызван для https://httpbin.org/get?seq=1600
2026-08-05 01:23:07 - crawler - WARNING - Домен httpbin.org временно заблокирован Circuit Breaker
2026-08-05 01:23:07 - crawler - ERROR - Ошибка при обработке https://httpbin.org/get?seq=1600: CircuitBreakerOpenError - Домен httpbin.org заблокирован
2026-08-05 01:23:07 - crawler - INFO - fetch_url_with_meta вызван для https://httpbin.org/delay/1?seq=1601
2026-08-05 01:23:07 - crawler - WARNING - Домен httpbin.org временно заблокирован Circuit Breaker
2026-08-05 01:23:07 - crawler - ERROR - Ошибка при обработке https://httpbin.org/delay/1?seq=1601: CircuitBreakerOpenError - Домен httpbin.org заблокирован
2026-08-05 01:23:07 - crawler - INFO - fetch_url_with_meta вызван для https://httpbin.org/delay/2?seq=1602
2026-08-05 01:23:07 - crawler - WARNING - Домен httpbin.org временно заблокирован Circuit Breaker
2026-08-05 01:23:07 - crawler - ERROR - Ошибка при обработке https://httpbin.org/delay/2?seq=1602: CircuitBreakerOpenError - Домен httpbin.org заблокирован
2026-08-05 01:23:07 - crawler - INFO - fetch_url_with_meta вызван для https://httpbin.org/html?seq=1603
2026-08-05 01:23:07 - crawler - WARNING - Домен httpbin.org временно заблокирован Circuit Breaker
2026-08-05 01:23:07 - crawler - ERROR - Ошибка при обработке https://httpbin.org/html?seq=1603: CircuitBreakerOpenError - Домен httpbin.org заблокирован
2026-08-05 01:23:07 - crawler - INFO - fetch_url_with_meta вызван для https://httpbin.org/forms/post?seq=1604
2026-08-05 01:23:07 - crawler - WARNING - Домен httpbin.org временно заблокирован Circuit Breaker
2026-08-05 01:23:07 - crawler - ERROR - Ошибка при обработке https://httpbin.org/forms/post?seq=1604: CircuitBreakerOpenError - Домен httpbin.org заблокирован
2026-08-05 01:23:07 - crawler - INFO - fetch_url_with_meta вызван для https://httpbin.org/bytes/1024?seq=1605
2026-08-05 01:23:07 - crawler - WARNING - Домен httpbin.org временно заблокирован Circuit Breaker
2026-08-05 01:23:07 - crawler - ERROR - Ошибка при обработке https://httpbin.org/bytes/1024?seq=1605: CircuitBreakerOpenError - Домен httpbin.org заблокирован
2026-08-05 01:23:07 - crawler - INFO - fetch_url_with_meta вызван для https://httpbin.org/status/200?seq=1606
2026-08-05 01:23:07 - crawler - WARNING - Домен httpbin.org временно заблокирован Circuit Breaker
2026-08-05 01:23:07 - crawler - ERROR - Ошибка при обработке https://httpbin.org/status/200?seq=1606: CircuitBreakerOpenError - Домен httpbin.org заблокирован
2026-08-05 01:23:07 - crawler - INFO - fetch_url_with_meta вызван для https://httpbin.org/status/404?seq=1607
2026-08-05 01:23:07 - crawler - WARNING - Домен httpbin.org временно заблокирован Circuit Breaker
2026-08-05 01:23:07 - crawler - ERROR - Ошибка при обработке https://httpbin.org/status/404?seq=1607: CircuitBreakerOpenError - Домен httpbin.org заблокирован
2026-08-05 01:23:07 - crawler - INFO - fetch_url_with_meta вызван для https://httpbin.org/status/500?seq=1608
2026-08-05 01:23:07 - crawler - WARNING - Домен httpbin.org временно заблокирован Circuit Breaker
2026-08-05 01:23:07 - crawler - ERROR - Ошибка при обработке https://httpbin.org/status/500?seq=1608: CircuitBreakerOpenError - Домен httpbin.org заблокирован
2026-08-05 01:23:07 - crawler - INFO - fetch_url_with_meta вызван для https://httpbin.org/status/503?seq=1609
2026-08-05 01:23:07 - crawler - WARNING - Домен httpbin.org временно заблокирован Circuit Breaker
2026-08-05 01:23:07 - crawler - ERROR - Ошибка при обработке https://httpbin.org/status/503?seq=1609: CircuitBreakerOpenError - Домен httpbin.org заблокирован
2026-08-05 01:23:07 - crawler - INFO - fetch_url_with_meta вызван для https://httpbin.org/status/429?seq=1610
2026-08-05 01:23:07 - crawler - WARNING - Домен httpbin.org временно заблокирован Circuit Breaker
2026-08-05 01:23:07 - crawler - ERROR - Ошибка при обработке https://httpbin.org/status/429?seq=1610: CircuitBreakerOpenError - Домен httpbin.org заблокирован
2026-08-05 01:23:07 - crawler - INFO - fetch_url_with_meta вызван для https://httpbin.org/get?seq=1611
2026-08-05 01:23:07 - crawler - WARNING - Домен httpbin.org временно заблокирован Circuit Breaker
2026-08-05 01:23:07 - crawler - ERROR - Ошибка при обработке https://httpbin.org/get?seq=1611: CircuitBreakerOpenError - Домен httpbin.org заблокирован
2026-08-05 01:23:07 - crawler - INFO - fetch_url_with_meta вызван для https://httpbin.org/delay/1?seq=1612
2026-08-05 01:23:07 - crawler - WARNING - Домен httpbin.org временно заблокирован Circuit Breaker
2026-08-05 01:23:07 - crawler - ERROR - Ошибка при обработке https://httpbin.org/delay/1?seq=1612: CircuitBreakerOpenError - Домен httpbin.org заблокирован
2026-08-05 01:23:08 - crawler - INFO - fetch_url_with_meta вызван для https://httpbin.org/delay/2?seq=1613
2026-08-05 01:23:08 - crawler - WARNING - Домен httpbin.org временно заблокирован Circuit Breaker
2026-08-05 01:23:08 - crawler - ERROR - Ошибка при обработке https://httpbin.org/delay/2?seq=1613: CircuitBreakerOpenError - Домен httpbin.org заблокирован
2026-08-05 01:23:08 - crawler - INFO - fetch_url_with_meta вызван для https://httpbin.org/html?seq=1614
2026-08-05 01:23:08 - crawler - WARNING - Домен httpbin.org временно заблокирован Circuit Breaker
2026-08-05 01:23:08 - crawler - ERROR - Ошибка при обработке https://httpbin.org/html?seq=1614: CircuitBreakerOpenError - Домен httpbin.org заблокирован
2026-08-05 01:23:08 - crawler - INFO - fetch_url_with_meta вызван для https://httpbin.org/forms/post?seq=1615
2026-08-05 01:23:08 - crawler - WARNING - Домен httpbin.org временно заблокирован Circuit Breaker
2026-08-05 01:23:08 - crawler - ERROR - Ошибка при обработке https://httpbin.org/forms/post?seq=1615: CircuitBreakerOpenError - Домен httpbin.org заблокирован
2026-08-05 01:23:08 - crawler - INFO - fetch_url_with_meta вызван для https://httpbin.org/bytes/1024?seq=1616
2026-08-05 01:23:08 - crawler - WARNING - Домен httpbin.org временно заблокирован Circuit Breaker
2026-08-05 01:23:08 - crawler - ERROR - Ошибка при обработке https://httpbin.org/bytes/1024?seq=1616: CircuitBreakerOpenError - Домен httpbin.org заблокирован
2026-08-05 01:23:08 - crawler - INFO - fetch_url_with_meta вызван для https://httpbin.org/status/200?seq=1617
2026-08-05 01:23:08 - crawler - WARNING - Домен httpbin.org временно заблокирован Circuit Breaker
2026-08-05 01:23:08 - crawler - ERROR - Ошибка при обработке https://httpbin.org/status/200?seq=1617: CircuitBreakerOpenError - Домен httpbin.org заблокирован
2026-08-05 01:23:08 - crawler - INFO - fetch_url_with_meta вызван для https://httpbin.org/status/404?seq=1618
2026-08-05 01:23:08 - crawler - WARNING - Домен httpbin.org временно заблокирован Circuit Breaker
2026-08-05 01:23:08 - crawler - ERROR - Ошибка при обработке https://httpbin.org/status/404?seq=1618: CircuitBreakerOpenError - Домен httpbin.org заблокирован
2026-08-05 01:23:08 - crawler - INFO - fetch_url_with_meta вызван для https://httpbin.org/status/500?seq=1619
2026-08-05 01:23:08 - crawler - WARNING - Домен httpbin.org временно заблокирован Circuit Breaker
2026-08-05 01:23:08 - crawler - ERROR - Ошибка при обработке https://httpbin.org/status/500?seq=1619: CircuitBreakerOpenError - Домен httpbin.org заблокирован
2026-08-05 01:23:08 - crawler - INFO - fetch_url_with_meta вызван для https://httpbin.org/status/503?seq=1620
2026-08-05 01:23:08 - crawler - WARNING - Домен httpbin.org временно заблокирован Circuit Breaker
2026-08-05 01:23:08 - crawler - ERROR - Ошибка при обработке https://httpbin.org/status/503?seq=1620: CircuitBreakerOpenError - Домен httpbin.org заблокирован
2026-08-05 01:23:08 - crawler - INFO - fetch_url_with_meta вызван для https://httpbin.org/status/429?seq=1621
2026-08-05 01:23:08 - crawler - WARNING - Домен httpbin.org временно заблокирован Circuit Breaker
2026-08-05 01:23:08 - crawler - ERROR - Ошибка при обработке https://httpbin.org/status/429?seq=1621: CircuitBreakerOpenError - Домен httpbin.org заблокирован
2026-08-05 01:23:08 - crawler - INFO - fetch_url_with_meta вызван для https://httpbin.org/get?seq=1622
2026-08-05 01:23:08 - crawler - WARNING - Домен httpbin.org временно заблокирован Circuit Breaker
2026-08-05 01:23:08 - crawler - ERROR - Ошибка при обработке https://httpbin.org/get?seq=1622: CircuitBreakerOpenError - Домен httpbin.org заблокирован
2026-08-05 01:23:08 - crawler - INFO - fetch_url_with_meta вызван для https://httpbin.org/delay/1?seq=1623
2026-08-05 01:23:08 - crawler - WARNING - Домен httpbin.org временно заблокирован Circuit Breaker
2026-08-05 01:23:08 - crawler - ERROR - Ошибка при обработке https://httpbin.org/delay/1?seq=1623: CircuitBreakerOpenError - Домен httpbin.org заблокирован
2026-08-05 01:23:08 - crawler - INFO - fetch_url_with_meta вызван для https://httpbin.org/delay/2?seq=1624
2026-08-05 01:23:08 - crawler - WARNING - Домен httpbin.org временно заблокирован Circuit Breaker
2026-08-05 01:23:08 - crawler - ERROR - Ошибка при обработке https://httpbin.org/delay/2?seq=1624: CircuitBreakerOpenError - Домен httpbin.org заблокирован
2026-08-05 01:23:08 - crawler - INFO - fetch_url_with_meta вызван для https://httpbin.org/html?seq=1625
2026-08-05 01:23:08 - crawler - WARNING - Домен httpbin.org временно заблокирован Circuit Breaker
2026-08-05 01:23:08 - crawler - ERROR - Ошибка при обработке https://httpbin.org/html?seq=1625: CircuitBreakerOpenError - Домен httpbin.org заблокирован
2026-08-05 01:23:08 - crawler - INFO - fetch_url_with_meta вызван для https://httpbin.org/forms/post?seq=1626
2026-08-05 01:23:08 - crawler - WARNING - Домен httpbin.org временно заблокирован Circuit Breaker
2026-08-05 01:23:08 - crawler - ERROR - Ошибка при обработке https://httpbin.org/forms/post?seq=1626: CircuitBreakerOpenError - Домен httpbin.org заблокирован
2026-08-05 01:23:08 - crawler - INFO - fetch_url_with_meta вызван для https://httpbin.org/bytes/1024?seq=1627
2026-08-05 01:23:08 - crawler - WARNING - Домен httpbin.org временно заблокирован Circuit Breaker
2026-08-05 01:23:08 - crawler - ERROR - Ошибка при обработке https://httpbin.org/bytes/1024?seq=1627: CircuitBreakerOpenError - Домен httpbin.org заблокирован
2026-08-05 01:23:08 - crawler - INFO - fetch_url_with_meta вызван для https://httpbin.org/status/200?seq=1628
2026-08-05 01:23:08 - crawler - WARNING - Домен httpbin.org временно заблокирован Circuit Breaker
2026-08-05 01:23:08 - crawler - ERROR - Ошибка при обработке https://httpbin.org/status/200?seq=1628: CircuitBreakerOpenError - Домен httpbin.org заблокирован
2026-08-05 01:23:08 - crawler - INFO - fetch_url_with_meta вызван для https://httpbin.org/status/404?seq=1629
2026-08-05 01:23:08 - crawler - WARNING - Домен httpbin.org временно заблокирован Circuit Breaker
2026-08-05 01:23:08 - crawler - ERROR - Ошибка при обработке https://httpbin.org/status/404?seq=1629: CircuitBreakerOpenError - Домен httpbin.org заблокирован
2026-08-05 01:23:08 - crawler - INFO - fetch_url_with_meta вызван для https://httpbin.org/status/500?seq=1630
2026-08-05 01:23:08 - crawler - WARNING - Домен httpbin.org временно заблокирован Circuit Breaker
2026-08-05 01:23:08 - crawler - ERROR - Ошибка при обработке https://httpbin.org/status/500?seq=1630: CircuitBreakerOpenError - Домен httpbin.org заблокирован
2026-08-05 01:23:08 - crawler - INFO - fetch_url_with_meta вызван для https://httpbin.org/status/503?seq=1631
2026-08-05 01:23:08 - crawler - WARNING - Домен httpbin.org временно заблокирован Circuit Breaker
2026-08-05 01:23:08 - crawler - ERROR - Ошибка при обработке https://httpbin.org/status/503?seq=1631: CircuitBreakerOpenError - Домен httpbin.org заблокирован
2026-08-05 01:23:08 - crawler - INFO - fetch_url_with_meta вызван для https://httpbin.org/status/429?seq=1632
2026-08-05 01:23:08 - crawler - WARNING - Домен httpbin.org временно заблокирован Circuit Breaker
2026-08-05 01:23:08 - crawler - ERROR - Ошибка при обработке https://httpbin.org/status/429?seq=1632: CircuitBreakerOpenError - Домен httpbin.org заблокирован
2026-08-05 01:23:08 - crawler - INFO - fetch_url_with_meta вызван для https://httpbin.org/get?seq=1633
2026-08-05 01:23:08 - crawler - WARNING - Домен httpbin.org временно заблокирован Circuit Breaker
2026-08-05 01:23:08 - crawler - ERROR - Ошибка при обработке https://httpbin.org/get?seq=1633: CircuitBreakerOpenError - Домен httpbin.org заблокирован
2026-08-05 01:23:08 - crawler - INFO - fetch_url_with_meta вызван для https://httpbin.org/delay/1?seq=1634
2026-08-05 01:23:08 - crawler - WARNING - Домен httpbin.org временно заблокирован Circuit Breaker
2026-08-05 01:23:08 - crawler - ERROR - Ошибка при обработке https://httpbin.org/delay/1?seq=1634: CircuitBreakerOpenError - Домен httpbin.org заблокирован
2026-08-05 01:23:08 - crawler - INFO - fetch_url_with_meta вызван для https://httpbin.org/delay/2?seq=1635
2026-08-05 01:23:08 - crawler - WARNING - Домен httpbin.org временно заблокирован Circuit Breaker
2026-08-05 01:23:08 - crawler - ERROR - Ошибка при обработке https://httpbin.org/delay/2?seq=1635: CircuitBreakerOpenError - Домен httpbin.org заблокирован
2026-08-05 01:23:08 - crawler - INFO - fetch_url_with_meta вызван для https://httpbin.org/html?seq=1636
2026-08-05 01:23:08 - crawler - WARNING - Домен httpbin.org временно заблокирован Circuit Breaker
2026-08-05 01:23:08 - crawler - ERROR - Ошибка при обработке https://httpbin.org/html?seq=1636: CircuitBreakerOpenError - Домен httpbin.org заблокирован
2026-08-05 01:23:08 - crawler - INFO - fetch_url_with_meta вызван для https://httpbin.org/forms/post?seq=1637
2026-08-05 01:23:08 - crawler - WARNING - Домен httpbin.org временно заблокирован Circuit Breaker
2026-08-05 01:23:08 - crawler - ERROR - Ошибка при обработке https://httpbin.org/forms/post?seq=1637: CircuitBreakerOpenError - Домен httpbin.org заблокирован
2026-08-05 01:23:08 - crawler - INFO - fetch_url_with_meta вызван для https://httpbin.org/bytes/1024?seq=1638
2026-08-05 01:23:08 - crawler - WARNING - Домен httpbin.org временно заблокирован Circuit Breaker
2026-08-05 01:23:08 - crawler - ERROR - Ошибка при обработке https://httpbin.org/bytes/1024?seq=1638: CircuitBreakerOpenError - Домен httpbin.org заблокирован
2026-08-05 01:23:08 - crawler - INFO - fetch_url_with_meta вызван для https://httpbin.org/status/200?seq=1639
2026-08-05 01:23:08 - crawler - WARNING - Домен httpbin.org временно заблокирован Circuit Breaker
2026-08-05 01:23:08 - crawler - ERROR - Ошибка при обработке https://httpbin.org/status/200?seq=1639: CircuitBreakerOpenError - Домен httpbin.org заблокирован
2026-08-05 01:23:08 - crawler - INFO - fetch_url_with_meta вызван для https://httpbin.org/status/404?seq=1640
2026-08-05 01:23:08 - crawler - WARNING - Домен httpbin.org временно заблокирован Circuit Breaker
2026-08-05 01:23:08 - crawler - ERROR - Ошибка при обработке https://httpbin.org/status/404?seq=1640: CircuitBreakerOpenError - Домен httpbin.org заблокирован
2026-08-05 01:23:08 - crawler - INFO - fetch_url_with_meta вызван для https://httpbin.org/status/500?seq=1641
2026-08-05 01:23:08 - crawler - WARNING - Домен httpbin.org временно заблокирован Circuit Breaker
2026-08-05 01:23:08 - crawler - ERROR - Ошибка при обработке https://httpbin.org/status/500?seq=1641: CircuitBreakerOpenError - Домен httpbin.org заблокирован
2026-08-05 01:23:08 - crawler - INFO - fetch_url_with_meta вызван для https://httpbin.org/status/503?seq=1642
2026-08-05 01:23:08 - crawler - WARNING - Домен httpbin.org временно заблокирован Circuit Breaker
2026-08-05 01:23:08 - crawler - ERROR - Ошибка при обработке https://httpbin.org/status/503?seq=1642: CircuitBreakerOpenError - Домен httpbin.org заблокирован
2026-08-05 01:23:08 - crawler - INFO - fetch_url_with_meta вызван для https://httpbin.org/status/429?seq=1643
2026-08-05 01:23:08 - crawler - WARNING - Домен httpbin.org временно заблокирован Circuit Breaker
2026-08-05 01:23:08 - crawler - ERROR - Ошибка при обработке https://httpbin.org/status/429?seq=1643: CircuitBreakerOpenError - Домен httpbin.org заблокирован
2026-08-05 01:23:08 - crawler - INFO - fetch_url_with_meta вызван для https://httpbin.org/get?seq=1644
2026-08-05 01:23:08 - crawler - WARNING - Домен httpbin.org временно заблокирован Circuit Breaker
2026-08-05 01:23:08 - crawler - ERROR - Ошибка при обработке https://httpbin.org/get?seq=1644: CircuitBreakerOpenError - Домен httpbin.org заблокирован
2026-08-05 01:23:08 - crawler - INFO - fetch_url_with_meta вызван для https://httpbin.org/delay/1?seq=1645
2026-08-05 01:23:08 - crawler - WARNING - Домен httpbin.org временно заблокирован Circuit Breaker
2026-08-05 01:23:08 - crawler - ERROR - Ошибка при обработке https://httpbin.org/delay/1?seq=1645: CircuitBreakerOpenError - Домен httpbin.org заблокирован
2026-08-05 01:23:08 - crawler - INFO - fetch_url_with_meta вызван для https://httpbin.org/delay/2?seq=1646
2026-08-05 01:23:08 - crawler - WARNING - Домен httpbin.org временно заблокирован Circuit Breaker
2026-08-05 01:23:08 - crawler - ERROR - Ошибка при обработке https://httpbin.org/delay/2?seq=1646: CircuitBreakerOpenError - Домен httpbin.org заблокирован
2026-08-05 01:23:08 - crawler - INFO - fetch_url_with_meta вызван для https://httpbin.org/html?seq=1647
2026-08-05 01:23:08 - crawler - WARNING - Домен httpbin.org временно заблокирован Circuit Breaker
2026-08-05 01:23:08 - crawler - ERROR - Ошибка при обработке https://httpbin.org/html?seq=1647: CircuitBreakerOpenError - Домен httpbin.org заблокирован
2026-08-05 01:23:08 - crawler - INFO - fetch_url_with_meta вызван для https://httpbin.org/forms/post?seq=1648
2026-08-05 01:23:08 - crawler - WARNING - Домен httpbin.org временно заблокирован Circuit Breaker
2026-08-05 01:23:08 - crawler - ERROR - Ошибка при обработке https://httpbin.org/forms/post?seq=1648: CircuitBreakerOpenError - Домен httpbin.org заблокирован
2026-08-05 01:23:08 - crawler - INFO - fetch_url_with_meta вызван для https://httpbin.org/bytes/1024?seq=1649
2026-08-05 01:23:08 - crawler - WARNING - Домен httpbin.org временно заблокирован Circuit Breaker
2026-08-05 01:23:08 - crawler - ERROR - Ошибка при обработке https://httpbin.org/bytes/1024?seq=1649: CircuitBreakerOpenError - Домен httpbin.org заблокирован
2026-08-05 01:23:08 - crawler - INFO - fetch_url_with_meta вызван для https://httpbin.org/status/200?seq=1650
2026-08-05 01:23:08 - crawler - WARNING - Домен httpbin.org временно заблокирован Circuit Breaker
2026-08-05 01:23:08 - crawler - ERROR - Ошибка при обработке https://httpbin.org/status/200?seq=1650: CircuitBreakerOpenError - Домен httpbin.org заблокирован
2026-08-05 01:23:08 - crawler - INFO - fetch_url_with_meta вызван для https://httpbin.org/status/404?seq=1651
2026-08-05 01:23:08 - crawler - WARNING - Домен httpbin.org временно заблокирован Circuit Breaker
2026-08-05 01:23:08 - crawler - ERROR - Ошибка при обработке https://httpbin.org/status/404?seq=1651: CircuitBreakerOpenError - Домен httpbin.org заблокирован
2026-08-05 01:23:08 - crawler - INFO - fetch_url_with_meta вызван для https://httpbin.org/status/500?seq=1652
2026-08-05 01:23:08 - crawler - WARNING - Домен httpbin.org временно заблокирован Circuit Breaker
2026-08-05 01:23:08 - crawler - ERROR - Ошибка при обработке https://httpbin.org/status/500?seq=1652: CircuitBreakerOpenError - Домен httpbin.org заблокирован
2026-08-05 01:23:08 - crawler - INFO - fetch_url_with_meta вызван для https://httpbin.org/status/503?seq=1653
2026-08-05 01:23:08 - crawler - WARNING - Домен httpbin.org временно заблокирован Circuit Breaker
2026-08-05 01:23:08 - crawler - ERROR - Ошибка при обработке https://httpbin.org/status/503?seq=1653: CircuitBreakerOpenError - Домен httpbin.org заблокирован
2026-08-05 01:23:08 - crawler - INFO - fetch_url_with_meta вызван для https://httpbin.org/status/429?seq=1654
2026-08-05 01:23:08 - crawler - WARNING - Домен httpbin.org временно заблокирован Circuit Breaker
2026-08-05 01:23:08 - crawler - ERROR - Ошибка при обработке https://httpbin.org/status/429?seq=1654: CircuitBreakerOpenError - Домен httpbin.org заблокирован
2026-08-05 01:23:08 - crawler - INFO - fetch_url_with_meta вызван для https://httpbin.org/get?seq=1655
2026-08-05 01:23:08 - crawler - WARNING - Домен httpbin.org временно заблокирован Circuit Breaker
2026-08-05 01:23:08 - crawler - ERROR - Ошибка при обработке https://httpbin.org/get?seq=1655: CircuitBreakerOpenError - Домен httpbin.org заблокирован
2026-08-05 01:23:08 - crawler - INFO - fetch_url_with_meta вызван для https://httpbin.org/delay/1?seq=1656
2026-08-05 01:23:08 - crawler - WARNING - Домен httpbin.org временно заблокирован Circuit Breaker
2026-08-05 01:23:08 - crawler - ERROR - Ошибка при обработке https://httpbin.org/delay/1?seq=1656: CircuitBreakerOpenError - Домен httpbin.org заблокирован
2026-08-05 01:23:08 - crawler - INFO - fetch_url_with_meta вызван для https://httpbin.org/delay/2?seq=1657
2026-08-05 01:23:08 - crawler - WARNING - Домен httpbin.org временно заблокирован Circuit Breaker
2026-08-05 01:23:08 - crawler - ERROR - Ошибка при обработке https://httpbin.org/delay/2?seq=1657: CircuitBreakerOpenError - Домен httpbin.org заблокирован
2026-08-05 01:23:08 - crawler - INFO - fetch_url_with_meta вызван для https://httpbin.org/html?seq=1658
2026-08-05 01:23:08 - crawler - WARNING - Домен httpbin.org временно заблокирован Circuit Breaker
2026-08-05 01:23:08 - crawler - ERROR - Ошибка при обработке https://httpbin.org/html?seq=1658: CircuitBreakerOpenError - Домен httpbin.org заблокирован
2026-08-05 01:23:08 - crawler - INFO - fetch_url_with_meta вызван для https://httpbin.org/forms/post?seq=1659
2026-08-05 01:23:08 - crawler - WARNING - Домен httpbin.org временно заблокирован Circuit Breaker
2026-08-05 01:23:08 - crawler - ERROR - Ошибка при обработке https://httpbin.org/forms/post?seq=1659: CircuitBreakerOpenError - Домен httpbin.org заблокирован
2026-08-05 01:23:08 - crawler - INFO - fetch_url_with_meta вызван для https://httpbin.org/bytes/1024?seq=1660
2026-08-05 01:23:08 - crawler - WARNING - Домен httpbin.org временно заблокирован Circuit Breaker
2026-08-05 01:23:08 - crawler - ERROR - Ошибка при обработке https://httpbin.org/bytes/1024?seq=1660: CircuitBreakerOpenError - Домен httpbin.org заблокирован
2026-08-05 01:23:08 - crawler - INFO - fetch_url_with_meta вызван для https://httpbin.org/status/200?seq=1661
2026-08-05 01:23:08 - crawler - WARNING - Домен httpbin.org временно заблокирован Circuit Breaker
2026-08-05 01:23:08 - crawler - ERROR - Ошибка при обработке https://httpbin.org/status/200?seq=1661: CircuitBreakerOpenError - Домен httpbin.org заблокирован
2026-08-05 01:23:08 - crawler - INFO - fetch_url_with_meta вызван для https://httpbin.org/status/404?seq=1662
2026-08-05 01:23:08 - crawler - WARNING - Домен httpbin.org временно заблокирован Circuit Breaker
2026-08-05 01:23:08 - crawler - ERROR - Ошибка при обработке https://httpbin.org/status/404?seq=1662: CircuitBreakerOpenError - Домен httpbin.org заблокирован
2026-08-05 01:23:08 - crawler - INFO - fetch_url_with_meta вызван для https://httpbin.org/status/500?seq=1663
2026-08-05 01:23:08 - crawler - WARNING - Домен httpbin.org временно заблокирован Circuit Breaker
2026-08-05 01:23:08 - crawler - ERROR - Ошибка при обработке https://httpbin.org/status/500?seq=1663: CircuitBreakerOpenError - Домен httpbin.org заблокирован
2026-08-05 01:23:08 - crawler - INFO - fetch_url_with_meta вызван для https://httpbin.org/status/503?seq=1664
2026-08-05 01:23:08 - crawler - WARNING - Домен httpbin.org временно заблокирован Circuit Breaker
2026-08-05 01:23:08 - crawler - ERROR - Ошибка при обработке https://httpbin.org/status/503?seq=1664: CircuitBreakerOpenError - Домен httpbin.org заблокирован
2026-08-05 01:23:08 - crawler - INFO - fetch_url_with_meta вызван для https://httpbin.org/status/429?seq=1665
2026-08-05 01:23:08 - crawler - WARNING - Домен httpbin.org временно заблокирован Circuit Breaker
2026-08-05 01:23:08 - crawler - ERROR - Ошибка при обработке https://httpbin.org/status/429?seq=1665: CircuitBreakerOpenError - Домен httpbin.org заблокирован
2026-08-05 01:23:08 - crawler - INFO - fetch_url_with_meta вызван для https://httpbin.org/get?seq=1666
2026-08-05 01:23:08 - crawler - WARNING - Домен httpbin.org временно заблокирован Circuit Breaker
2026-08-05 01:23:08 - crawler - ERROR - Ошибка при обработке https://httpbin.org/get?seq=1666: CircuitBreakerOpenError - Домен httpbin.org заблокирован
2026-08-05 01:23:08 - crawler - INFO - fetch_url_with_meta вызван для https://httpbin.org/delay/1?seq=1667
2026-08-05 01:23:08 - crawler - WARNING - Домен httpbin.org временно заблокирован Circuit Breaker
2026-08-05 01:23:08 - crawler - ERROR - Ошибка при обработке https://httpbin.org/delay/1?seq=1667: CircuitBreakerOpenError - Домен httpbin.org заблокирован
2026-08-05 01:23:08 - crawler - INFO - fetch_url_with_meta вызван для https://httpbin.org/delay/2?seq=1668
2026-08-05 01:23:08 - crawler - WARNING - Домен httpbin.org временно заблокирован Circuit Breaker
2026-08-05 01:23:08 - crawler - ERROR - Ошибка при обработке https://httpbin.org/delay/2?seq=1668: CircuitBreakerOpenError - Домен httpbin.org заблокирован
2026-08-05 01:23:08 - crawler - INFO - fetch_url_with_meta вызван для https://httpbin.org/html?seq=1669
2026-08-05 01:23:08 - crawler - WARNING - Домен httpbin.org временно заблокирован Circuit Breaker
2026-08-05 01:23:08 - crawler - ERROR - Ошибка при обработке https://httpbin.org/html?seq=1669: CircuitBreakerOpenError - Домен httpbin.org заблокирован
2026-08-05 01:23:08 - crawler - INFO - fetch_url_with_meta вызван для https://httpbin.org/forms/post?seq=1670
2026-08-05 01:23:08 - crawler - WARNING - Домен httpbin.org временно заблокирован Circuit Breaker
2026-08-05 01:23:08 - crawler - ERROR - Ошибка при обработке https://httpbin.org/forms/post?seq=1670: CircuitBreakerOpenError - Домен httpbin.org заблокирован
2026-08-05 01:23:08 - crawler - INFO - fetch_url_with_meta вызван для https://httpbin.org/bytes/1024?seq=1671
2026-08-05 01:23:08 - crawler - WARNING - Домен httpbin.org временно заблокирован Circuit Breaker
2026-08-05 01:23:08 - crawler - ERROR - Ошибка при обработке https://httpbin.org/bytes/1024?seq=1671: CircuitBreakerOpenError - Домен httpbin.org заблокирован
2026-08-05 01:23:08 - crawler - INFO - fetch_url_with_meta вызван для https://httpbin.org/status/200?seq=1672
2026-08-05 01:23:08 - crawler - WARNING - Домен httpbin.org временно заблокирован Circuit Breaker
2026-08-05 01:23:08 - crawler - ERROR - Ошибка при обработке https://httpbin.org/status/200?seq=1672: CircuitBreakerOpenError - Домен httpbin.org заблокирован
2026-08-05 01:23:08 - crawler - INFO - fetch_url_with_meta вызван для https://httpbin.org/status/404?seq=1673
2026-08-05 01:23:08 - crawler - WARNING - Домен httpbin.org временно заблокирован Circuit Breaker
2026-08-05 01:23:08 - crawler - ERROR - Ошибка при обработке https://httpbin.org/status/404?seq=1673: CircuitBreakerOpenError - Домен httpbin.org заблокирован
2026-08-05 01:23:08 - crawler - INFO - fetch_url_with_meta вызван для https://httpbin.org/status/500?seq=1674
2026-08-05 01:23:08 - crawler - WARNING - Домен httpbin.org временно заблокирован Circuit Breaker
2026-08-05 01:23:08 - crawler - ERROR - Ошибка при обработке https://httpbin.org/status/500?seq=1674: CircuitBreakerOpenError - Домен httpbin.org заблокирован
2026-08-05 01:23:08 - crawler - INFO - fetch_url_with_meta вызван для https://httpbin.org/status/503?seq=1675
2026-08-05 01:23:08 - crawler - WARNING - Домен httpbin.org временно заблокирован Circuit Breaker
2026-08-05 01:23:08 - crawler - ERROR - Ошибка при обработке https://httpbin.org/status/503?seq=1675: CircuitBreakerOpenError - Домен httpbin.org заблокирован
2026-08-05 01:23:08 - crawler - INFO - fetch_url_with_meta вызван для https://httpbin.org/status/429?seq=1676
2026-08-05 01:23:08 - crawler - WARNING - Домен httpbin.org временно заблокирован Circuit Breaker
2026-08-05 01:23:08 - crawler - ERROR - Ошибка при обработке https://httpbin.org/status/429?seq=1676: CircuitBreakerOpenError - Домен httpbin.org заблокирован
2026-08-05 01:23:08 - crawler - INFO - fetch_url_with_meta вызван для https://httpbin.org/get?seq=1677
2026-08-05 01:23:08 - crawler - WARNING - Домен httpbin.org временно заблокирован Circuit Breaker
2026-08-05 01:23:08 - crawler - ERROR - Ошибка при обработке https://httpbin.org/get?seq=1677: CircuitBreakerOpenError - Домен httpbin.org заблокирован
2026-08-05 01:23:08 - crawler - INFO - fetch_url_with_meta вызван для https://httpbin.org/delay/1?seq=1678
2026-08-05 01:23:08 - crawler - WARNING - Домен httpbin.org временно заблокирован Circuit Breaker
2026-08-05 01:23:08 - crawler - ERROR - Ошибка при обработке https://httpbin.org/delay/1?seq=1678: CircuitBreakerOpenError - Домен httpbin.org заблокирован
2026-08-05 01:23:08 - crawler - INFO - fetch_url_with_meta вызван для https://httpbin.org/delay/2?seq=1679
2026-08-05 01:23:08 - crawler - WARNING - Домен httpbin.org временно заблокирован Circuit Breaker
2026-08-05 01:23:08 - crawler - ERROR - Ошибка при обработке https://httpbin.org/delay/2?seq=1679: CircuitBreakerOpenError - Домен httpbin.org заблокирован
2026-08-05 01:23:08 - crawler - INFO - fetch_url_with_meta вызван для https://httpbin.org/html?seq=1680
2026-08-05 01:23:08 - crawler - WARNING - Домен httpbin.org временно заблокирован Circuit Breaker
2026-08-05 01:23:08 - crawler - ERROR - Ошибка при обработке https://httpbin.org/html?seq=1680: CircuitBreakerOpenError - Домен httpbin.org заблокирован
2026-08-05 01:23:08 - crawler - INFO - fetch_url_with_meta вызван для https://httpbin.org/forms/post?seq=1681
2026-08-05 01:23:08 - crawler - WARNING - Домен httpbin.org временно заблокирован Circuit Breaker
2026-08-05 01:23:08 - crawler - ERROR - Ошибка при обработке https://httpbin.org/forms/post?seq=1681: CircuitBreakerOpenError - Домен httpbin.org заблокирован
2026-08-05 01:23:08 - crawler - INFO - fetch_url_with_meta вызван для https://httpbin.org/bytes/1024?seq=1682
2026-08-05 01:23:08 - crawler - WARNING - Домен httpbin.org временно заблокирован Circuit Breaker
2026-08-05 01:23:08 - crawler - ERROR - Ошибка при обработке https://httpbin.org/bytes/1024?seq=1682: CircuitBreakerOpenError - Домен httpbin.org заблокирован
2026-08-05 01:23:08 - crawler - INFO - fetch_url_with_meta вызван для https://httpbin.org/status/200?seq=1683
2026-08-05 01:23:08 - crawler - WARNING - Домен httpbin.org временно заблокирован Circuit Breaker
2026-08-05 01:23:08 - crawler - ERROR - Ошибка при обработке https://httpbin.org/status/200?seq=1683: CircuitBreakerOpenError - Домен httpbin.org заблокирован
2026-08-05 01:23:08 - crawler - INFO - fetch_url_with_meta вызван для https://httpbin.org/status/404?seq=1684
2026-08-05 01:23:08 - crawler - WARNING - Домен httpbin.org временно заблокирован Circuit Breaker
2026-08-05 01:23:08 - crawler - ERROR - Ошибка при обработке https://httpbin.org/status/404?seq=1684: CircuitBreakerOpenError - Домен httpbin.org заблокирован
2026-08-05 01:23:08 - crawler - INFO - fetch_url_with_meta вызван для https://httpbin.org/status/500?seq=1685
2026-08-05 01:23:08 - crawler - WARNING - Домен httpbin.org временно заблокирован Circuit Breaker
2026-08-05 01:23:08 - crawler - ERROR - Ошибка при обработке https://httpbin.org/status/500?seq=1685: CircuitBreakerOpenError - Домен httpbin.org заблокирован
2026-08-05 01:23:08 - crawler - INFO - fetch_url_with_meta вызван для https://httpbin.org/status/503?seq=1686
2026-08-05 01:23:08 - crawler - WARNING - Домен httpbin.org временно заблокирован Circuit Breaker
2026-08-05 01:23:08 - crawler - ERROR - Ошибка при обработке https://httpbin.org/status/503?seq=1686: CircuitBreakerOpenError - Домен httpbin.org заблокирован
2026-08-05 01:23:09 - crawler - INFO - fetch_url_with_meta вызван для https://httpbin.org/status/429?seq=1687
2026-08-05 01:23:09 - crawler - WARNING - Домен httpbin.org временно заблокирован Circuit Breaker
2026-08-05 01:23:09 - crawler - ERROR - Ошибка при обработке https://httpbin.org/status/429?seq=1687: CircuitBreakerOpenError - Домен httpbin.org заблокирован
2026-08-05 01:23:09 - crawler - INFO - fetch_url_with_meta вызван для https://httpbin.org/get?seq=1688
2026-08-05 01:23:09 - crawler - WARNING - Домен httpbin.org временно заблокирован Circuit Breaker
2026-08-05 01:23:09 - crawler - ERROR - Ошибка при обработке https://httpbin.org/get?seq=1688: CircuitBreakerOpenError - Домен httpbin.org заблокирован
2026-08-05 01:23:09 - crawler - INFO - fetch_url_with_meta вызван для https://httpbin.org/delay/1?seq=1689
2026-08-05 01:23:09 - crawler - WARNING - Домен httpbin.org временно заблокирован Circuit Breaker
2026-08-05 01:23:09 - crawler - ERROR - Ошибка при обработке https://httpbin.org/delay/1?seq=1689: CircuitBreakerOpenError - Домен httpbin.org заблокирован
2026-08-05 01:23:09 - crawler - INFO - fetch_url_with_meta вызван для https://httpbin.org/delay/2?seq=1690
2026-08-05 01:23:09 - crawler - WARNING - Домен httpbin.org временно заблокирован Circuit Breaker
2026-08-05 01:23:09 - crawler - ERROR - Ошибка при обработке https://httpbin.org/delay/2?seq=1690: CircuitBreakerOpenError - Домен httpbin.org заблокирован
2026-08-05 01:23:09 - crawler - INFO - fetch_url_with_meta вызван для https://httpbin.org/html?seq=1691
2026-08-05 01:23:09 - crawler - WARNING - Домен httpbin.org временно заблокирован Circuit Breaker
2026-08-05 01:23:09 - crawler - ERROR - Ошибка при обработке https://httpbin.org/html?seq=1691: CircuitBreakerOpenError - Домен httpbin.org заблокирован
2026-08-05 01:23:09 - crawler - INFO - fetch_url_with_meta вызван для https://httpbin.org/forms/post?seq=1692
2026-08-05 01:23:09 - crawler - WARNING - Домен httpbin.org временно заблокирован Circuit Breaker
2026-08-05 01:23:09 - crawler - ERROR - Ошибка при обработке https://httpbin.org/forms/post?seq=1692: CircuitBreakerOpenError - Домен httpbin.org заблокирован
2026-08-05 01:23:09 - crawler - INFO - fetch_url_with_meta вызван для https://httpbin.org/bytes/1024?seq=1693
2026-08-05 01:23:09 - crawler - WARNING - Домен httpbin.org временно заблокирован Circuit Breaker
2026-08-05 01:23:09 - crawler - ERROR - Ошибка при обработке https://httpbin.org/bytes/1024?seq=1693: CircuitBreakerOpenError - Домен httpbin.org заблокирован
2026-08-05 01:23:09 - crawler - INFO - fetch_url_with_meta вызван для https://httpbin.org/status/200?seq=1694
2026-08-05 01:23:09 - crawler - WARNING - Домен httpbin.org временно заблокирован Circuit Breaker
2026-08-05 01:23:09 - crawler - ERROR - Ошибка при обработке https://httpbin.org/status/200?seq=1694: CircuitBreakerOpenError - Домен httpbin.org заблокирован
2026-08-05 01:23:09 - crawler - INFO - fetch_url_with_meta вызван для https://httpbin.org/status/404?seq=1695
2026-08-05 01:23:09 - crawler - WARNING - Домен httpbin.org временно заблокирован Circuit Breaker
2026-08-05 01:23:09 - crawler - ERROR - Ошибка при обработке https://httpbin.org/status/404?seq=1695: CircuitBreakerOpenError - Домен httpbin.org заблокирован
2026-08-05 01:23:09 - crawler - INFO - fetch_url_with_meta вызван для https://httpbin.org/status/500?seq=1696
2026-08-05 01:23:09 - crawler - WARNING - Домен httpbin.org временно заблокирован Circuit Breaker
2026-08-05 01:23:09 - crawler - ERROR - Ошибка при обработке https://httpbin.org/status/500?seq=1696: CircuitBreakerOpenError - Домен httpbin.org заблокирован
2026-08-05 01:23:09 - crawler - INFO - fetch_url_with_meta вызван для https://httpbin.org/status/503?seq=1697
2026-08-05 01:23:09 - crawler - WARNING - Домен httpbin.org временно заблокирован Circuit Breaker
2026-08-05 01:23:09 - crawler - ERROR - Ошибка при обработке https://httpbin.org/status/503?seq=1697: CircuitBreakerOpenError - Домен httpbin.org заблокирован
2026-08-05 01:23:09 - crawler - INFO - fetch_url_with_meta вызван для https://httpbin.org/status/429?seq=1698
2026-08-05 01:23:09 - crawler - WARNING - Домен httpbin.org временно заблокирован Circuit Breaker
2026-08-05 01:23:09 - crawler - ERROR - Ошибка при обработке https://httpbin.org/status/429?seq=1698: CircuitBreakerOpenError - Домен httpbin.org заблокирован
2026-08-05 01:23:09 - crawler - INFO - fetch_url_with_meta вызван для https://httpbin.org/get?seq=1699
2026-08-05 01:23:09 - crawler - WARNING - Домен httpbin.org временно заблокирован Circuit Breaker
2026-08-05 01:23:09 - crawler - ERROR - Ошибка при обработке https://httpbin.org/get?seq=1699: CircuitBreakerOpenError - Домен httpbin.org заблокирован
2026-08-05 01:23:09 - crawler - INFO - fetch_url_with_meta вызван для https://httpbin.org/delay/1?seq=1700
2026-08-05 01:23:09 - crawler - WARNING - Домен httpbin.org временно заблокирован Circuit Breaker
2026-08-05 01:23:09 - crawler - ERROR - Ошибка при обработке https://httpbin.org/delay/1?seq=1700: CircuitBreakerOpenError - Домен httpbin.org заблокирован
2026-08-05 01:23:09 - crawler - INFO - fetch_url_with_meta вызван для https://httpbin.org/delay/2?seq=1701
2026-08-05 01:23:09 - crawler - WARNING - Домен httpbin.org временно заблокирован Circuit Breaker
2026-08-05 01:23:09 - crawler - ERROR - Ошибка при обработке https://httpbin.org/delay/2?seq=1701: CircuitBreakerOpenError - Домен httpbin.org заблокирован
2026-08-05 01:23:09 - crawler - INFO - fetch_url_with_meta вызван для https://httpbin.org/html?seq=1702
2026-08-05 01:23:09 - crawler - WARNING - Домен httpbin.org временно заблокирован Circuit Breaker
2026-08-05 01:23:09 - crawler - ERROR - Ошибка при обработке https://httpbin.org/html?seq=1702: CircuitBreakerOpenError - Домен httpbin.org заблокирован
2026-08-05 01:23:09 - crawler - INFO - fetch_url_with_meta вызван для https://httpbin.org/forms/post?seq=1703
2026-08-05 01:23:09 - crawler - WARNING - Домен httpbin.org временно заблокирован Circuit Breaker
2026-08-05 01:23:09 - crawler - ERROR - Ошибка при обработке https://httpbin.org/forms/post?seq=1703: CircuitBreakerOpenError - Домен httpbin.org заблокирован
2026-08-05 01:23:09 - crawler - INFO - fetch_url_with_meta вызван для https://httpbin.org/bytes/1024?seq=1704
2026-08-05 01:23:09 - crawler - WARNING - Домен httpbin.org временно заблокирован Circuit Breaker
2026-08-05 01:23:09 - crawler - ERROR - Ошибка при обработке https://httpbin.org/bytes/1024?seq=1704: CircuitBreakerOpenError - Домен httpbin.org заблокирован
2026-08-05 01:23:09 - crawler - INFO - fetch_url_with_meta вызван для https://httpbin.org/status/200?seq=1705
2026-08-05 01:23:09 - crawler - WARNING - Домен httpbin.org временно заблокирован Circuit Breaker
2026-08-05 01:23:09 - crawler - ERROR - Ошибка при обработке https://httpbin.org/status/200?seq=1705: CircuitBreakerOpenError - Домен httpbin.org заблокирован
2026-08-05 01:23:09 - crawler - INFO - fetch_url_with_meta вызван для https://httpbin.org/status/404?seq=1706
2026-08-05 01:23:09 - crawler - WARNING - Домен httpbin.org временно заблокирован Circuit Breaker
2026-08-05 01:23:09 - crawler - ERROR - Ошибка при обработке https://httpbin.org/status/404?seq=1706: CircuitBreakerOpenError - Домен httpbin.org заблокирован
2026-08-05 01:23:09 - crawler - INFO - fetch_url_with_meta вызван для https://httpbin.org/status/500?seq=1707
2026-08-05 01:23:09 - crawler - WARNING - Домен httpbin.org временно заблокирован Circuit Breaker
2026-08-05 01:23:09 - crawler - ERROR - Ошибка при обработке https://httpbin.org/status/500?seq=1707: CircuitBreakerOpenError - Домен httpbin.org заблокирован
2026-08-05 01:23:09 - crawler - INFO - fetch_url_with_meta вызван для https://httpbin.org/status/503?seq=1708
2026-08-05 01:23:09 - crawler - WARNING - Домен httpbin.org временно заблокирован Circuit Breaker
2026-08-05 01:23:09 - crawler - ERROR - Ошибка при обработке https://httpbin.org/status/503?seq=1708: CircuitBreakerOpenError - Домен httpbin.org заблокирован
2026-08-05 01:23:09 - crawler - INFO - fetch_url_with_meta вызван для https://httpbin.org/status/429?seq=1709
2026-08-05 01:23:09 - crawler - WARNING - Домен httpbin.org временно заблокирован Circuit Breaker
2026-08-05 01:23:09 - crawler - ERROR - Ошибка при обработке https://httpbin.org/status/429?seq=1709: CircuitBreakerOpenError - Домен httpbin.org заблокирован
2026-08-05 01:23:09 - crawler - INFO - fetch_url_with_meta вызван для https://httpbin.org/get?seq=1710
2026-08-05 01:23:09 - crawler - WARNING - Домен httpbin.org временно заблокирован Circuit Breaker
2026-08-05 01:23:09 - crawler - ERROR - Ошибка при обработке https://httpbin.org/get?seq=1710: CircuitBreakerOpenError - Домен httpbin.org заблокирован
2026-08-05 01:23:09 - crawler - INFO - fetch_url_with_meta вызван для https://httpbin.org/delay/1?seq=1711
2026-08-05 01:23:09 - crawler - WARNING - Домен httpbin.org временно заблокирован Circuit Breaker
2026-08-05 01:23:09 - crawler - ERROR - Ошибка при обработке https://httpbin.org/delay/1?seq=1711: CircuitBreakerOpenError - Домен httpbin.org заблокирован
2026-08-05 01:23:09 - crawler - INFO - fetch_url_with_meta вызван для https://httpbin.org/delay/2?seq=1712
2026-08-05 01:23:09 - crawler - WARNING - Домен httpbin.org временно заблокирован Circuit Breaker
2026-08-05 01:23:09 - crawler - ERROR - Ошибка при обработке https://httpbin.org/delay/2?seq=1712: CircuitBreakerOpenError - Домен httpbin.org заблокирован
2026-08-05 01:23:09 - crawler - INFO - fetch_url_with_meta вызван для https://httpbin.org/html?seq=1713
2026-08-05 01:23:09 - crawler - WARNING - Домен httpbin.org временно заблокирован Circuit Breaker
2026-08-05 01:23:09 - crawler - ERROR - Ошибка при обработке https://httpbin.org/html?seq=1713: CircuitBreakerOpenError - Домен httpbin.org заблокирован
2026-08-05 01:23:09 - crawler - INFO - fetch_url_with_meta вызван для https://httpbin.org/forms/post?seq=1714
2026-08-05 01:23:09 - crawler - WARNING - Домен httpbin.org временно заблокирован Circuit Breaker
2026-08-05 01:23:09 - crawler - ERROR - Ошибка при обработке https://httpbin.org/forms/post?seq=1714: CircuitBreakerOpenError - Домен httpbin.org заблокирован
2026-08-05 01:23:09 - crawler - INFO - fetch_url_with_meta вызван для https://httpbin.org/bytes/1024?seq=1715
2026-08-05 01:23:09 - crawler - WARNING - Домен httpbin.org временно заблокирован Circuit Breaker
2026-08-05 01:23:09 - crawler - ERROR - Ошибка при обработке https://httpbin.org/bytes/1024?seq=1715: CircuitBreakerOpenError - Домен httpbin.org заблокирован
2026-08-05 01:23:09 - crawler - INFO - fetch_url_with_meta вызван для https://httpbin.org/status/200?seq=1716
2026-08-05 01:23:09 - crawler - WARNING - Домен httpbin.org временно заблокирован Circuit Breaker
2026-08-05 01:23:09 - crawler - ERROR - Ошибка при обработке https://httpbin.org/status/200?seq=1716: CircuitBreakerOpenError - Домен httpbin.org заблокирован
2026-08-05 01:23:09 - crawler - INFO - fetch_url_with_meta вызван для https://httpbin.org/status/404?seq=1717
2026-08-05 01:23:09 - crawler - WARNING - Домен httpbin.org временно заблокирован Circuit Breaker
2026-08-05 01:23:09 - crawler - ERROR - Ошибка при обработке https://httpbin.org/status/404?seq=1717: CircuitBreakerOpenError - Домен httpbin.org заблокирован
2026-08-05 01:23:09 - crawler - INFO - fetch_url_with_meta вызван для https://httpbin.org/status/500?seq=1718
2026-08-05 01:23:09 - crawler - WARNING - Домен httpbin.org временно заблокирован Circuit Breaker
2026-08-05 01:23:09 - crawler - ERROR - Ошибка при обработке https://httpbin.org/status/500?seq=1718: CircuitBreakerOpenError - Домен httpbin.org заблокирован
2026-08-05 01:23:09 - crawler - INFO - fetch_url_with_meta вызван для https://httpbin.org/status/503?seq=1719
2026-08-05 01:23:09 - crawler - WARNING - Домен httpbin.org временно заблокирован Circuit Breaker
2026-08-05 01:23:09 - crawler - ERROR - Ошибка при обработке https://httpbin.org/status/503?seq=1719: CircuitBreakerOpenError - Домен httpbin.org заблокирован
2026-08-05 01:23:09 - crawler - INFO - fetch_url_with_meta вызван для https://httpbin.org/status/429?seq=1720
2026-08-05 01:23:09 - crawler - WARNING - Домен httpbin.org временно заблокирован Circuit Breaker
2026-08-05 01:23:09 - crawler - ERROR - Ошибка при обработке https://httpbin.org/status/429?seq=1720: CircuitBreakerOpenError - Домен httpbin.org заблокирован
2026-08-05 01:23:09 - crawler - INFO - fetch_url_with_meta вызван для https://httpbin.org/get?seq=1721
2026-08-05 01:23:09 - crawler - WARNING - Домен httpbin.org временно заблокирован Circuit Breaker
2026-08-05 01:23:09 - crawler - ERROR - Ошибка при обработке https://httpbin.org/get?seq=1721: CircuitBreakerOpenError - Домен httpbin.org заблокирован
2026-08-05 01:23:09 - crawler - INFO - fetch_url_with_meta вызван для https://httpbin.org/delay/1?seq=1722
2026-08-05 01:23:09 - crawler - WARNING - Домен httpbin.org временно заблокирован Circuit Breaker
2026-08-05 01:23:09 - crawler - ERROR - Ошибка при обработке https://httpbin.org/delay/1?seq=1722: CircuitBreakerOpenError - Домен httpbin.org заблокирован
2026-08-05 01:23:09 - crawler - INFO - fetch_url_with_meta вызван для https://httpbin.org/delay/2?seq=1723
2026-08-05 01:23:09 - crawler - WARNING - Домен httpbin.org временно заблокирован Circuit Breaker
2026-08-05 01:23:09 - crawler - ERROR - Ошибка при обработке https://httpbin.org/delay/2?seq=1723: CircuitBreakerOpenError - Домен httpbin.org заблокирован
2026-08-05 01:23:09 - crawler - INFO - fetch_url_with_meta вызван для https://httpbin.org/html?seq=1724
2026-08-05 01:23:09 - crawler - WARNING - Домен httpbin.org временно заблокирован Circuit Breaker
2026-08-05 01:23:09 - crawler - ERROR - Ошибка при обработке https://httpbin.org/html?seq=1724: CircuitBreakerOpenError - Домен httpbin.org заблокирован
2026-08-05 01:23:09 - crawler - INFO - fetch_url_with_meta вызван для https://httpbin.org/forms/post?seq=1725
2026-08-05 01:23:09 - crawler - WARNING - Домен httpbin.org временно заблокирован Circuit Breaker
2026-08-05 01:23:09 - crawler - ERROR - Ошибка при обработке https://httpbin.org/forms/post?seq=1725: CircuitBreakerOpenError - Домен httpbin.org заблокирован
2026-08-05 01:23:09 - crawler - INFO - fetch_url_with_meta вызван для https://httpbin.org/bytes/1024?seq=1726
2026-08-05 01:23:09 - crawler - WARNING - Домен httpbin.org временно заблокирован Circuit Breaker
2026-08-05 01:23:09 - crawler - ERROR - Ошибка при обработке https://httpbin.org/bytes/1024?seq=1726: CircuitBreakerOpenError - Домен httpbin.org заблокирован
2026-08-05 01:23:09 - crawler - INFO - fetch_url_with_meta вызван для https://httpbin.org/status/200?seq=1727
2026-08-05 01:23:09 - crawler - WARNING - Домен httpbin.org временно заблокирован Circuit Breaker
2026-08-05 01:23:09 - crawler - ERROR - Ошибка при обработке https://httpbin.org/status/200?seq=1727: CircuitBreakerOpenError - Домен httpbin.org заблокирован
2026-08-05 01:23:09 - crawler - INFO - fetch_url_with_meta вызван для https://httpbin.org/status/404?seq=1728
2026-08-05 01:23:09 - crawler - WARNING - Домен httpbin.org временно заблокирован Circuit Breaker
2026-08-05 01:23:09 - crawler - ERROR - Ошибка при обработке https://httpbin.org/status/404?seq=1728: CircuitBreakerOpenError - Домен httpbin.org заблокирован
2026-08-05 01:23:09 - crawler - INFO - fetch_url_with_meta вызван для https://httpbin.org/status/500?seq=1729
2026-08-05 01:23:09 - crawler - WARNING - Домен httpbin.org временно заблокирован Circuit Breaker
2026-08-05 01:23:09 - crawler - ERROR - Ошибка при обработке https://httpbin.org/status/500?seq=1729: CircuitBreakerOpenError - Домен httpbin.org заблокирован
2026-08-05 01:23:09 - crawler - INFO - fetch_url_with_meta вызван для https://httpbin.org/status/503?seq=1730
2026-08-05 01:23:09 - crawler - WARNING - Домен httpbin.org временно заблокирован Circuit Breaker
2026-08-05 01:23:09 - crawler - ERROR - Ошибка при обработке https://httpbin.org/status/503?seq=1730: CircuitBreakerOpenError - Домен httpbin.org заблокирован
2026-08-05 01:23:09 - crawler - INFO - fetch_url_with_meta вызван для https://httpbin.org/status/429?seq=1731
2026-08-05 01:23:09 - crawler - WARNING - Домен httpbin.org временно заблокирован Circuit Breaker
2026-08-05 01:23:09 - crawler - ERROR - Ошибка при обработке https://httpbin.org/status/429?seq=1731: CircuitBreakerOpenError - Домен httpbin.org заблокирован
2026-08-05 01:23:09 - crawler - INFO - fetch_url_with_meta вызван для https://httpbin.org/get?seq=1732
2026-08-05 01:23:09 - crawler - WARNING - Домен httpbin.org временно заблокирован Circuit Breaker
2026-08-05 01:23:09 - crawler - ERROR - Ошибка при обработке https://httpbin.org/get?seq=1732: CircuitBreakerOpenError - Домен httpbin.org заблокирован
2026-08-05 01:23:09 - crawler - INFO - fetch_url_with_meta вызван для https://httpbin.org/delay/1?seq=1733
2026-08-05 01:23:09 - crawler - WARNING - Домен httpbin.org временно заблокирован Circuit Breaker
2026-08-05 01:23:09 - crawler - ERROR - Ошибка при обработке https://httpbin.org/delay/1?seq=1733: CircuitBreakerOpenError - Домен httpbin.org заблокирован
2026-08-05 01:23:09 - crawler - INFO - fetch_url_with_meta вызван для https://httpbin.org/delay/2?seq=1734
2026-08-05 01:23:09 - crawler - WARNING - Домен httpbin.org временно заблокирован Circuit Breaker
2026-08-05 01:23:09 - crawler - ERROR - Ошибка при обработке https://httpbin.org/delay/2?seq=1734: CircuitBreakerOpenError - Домен httpbin.org заблокирован
2026-08-05 01:23:09 - crawler - INFO - fetch_url_with_meta вызван для https://httpbin.org/html?seq=1735
2026-08-05 01:23:09 - crawler - WARNING - Домен httpbin.org временно заблокирован Circuit Breaker
2026-08-05 01:23:09 - crawler - ERROR - Ошибка при обработке https://httpbin.org/html?seq=1735: CircuitBreakerOpenError - Домен httpbin.org заблокирован
2026-08-05 01:23:09 - crawler - INFO - fetch_url_with_meta вызван для https://httpbin.org/forms/post?seq=1736
2026-08-05 01:23:09 - crawler - WARNING - Домен httpbin.org временно заблокирован Circuit Breaker
2026-08-05 01:23:09 - crawler - ERROR - Ошибка при обработке https://httpbin.org/forms/post?seq=1736: CircuitBreakerOpenError - Домен httpbin.org заблокирован
2026-08-05 01:23:09 - crawler - INFO - fetch_url_with_meta вызван для https://httpbin.org/bytes/1024?seq=1737
2026-08-05 01:23:09 - crawler - WARNING - Домен httpbin.org временно заблокирован Circuit Breaker
2026-08-05 01:23:09 - crawler - ERROR - Ошибка при обработке https://httpbin.org/bytes/1024?seq=1737: CircuitBreakerOpenError - Домен httpbin.org заблокирован
2026-08-05 01:23:09 - crawler - INFO - fetch_url_with_meta вызван для https://httpbin.org/status/200?seq=1738
2026-08-05 01:23:09 - crawler - WARNING - Домен httpbin.org временно заблокирован Circuit Breaker
2026-08-05 01:23:09 - crawler - ERROR - Ошибка при обработке https://httpbin.org/status/200?seq=1738: CircuitBreakerOpenError - Домен httpbin.org заблокирован
2026-08-05 01:23:09 - crawler - INFO - fetch_url_with_meta вызван для https://httpbin.org/status/404?seq=1739
2026-08-05 01:23:09 - crawler - WARNING - Домен httpbin.org временно заблокирован Circuit Breaker
2026-08-05 01:23:09 - crawler - ERROR - Ошибка при обработке https://httpbin.org/status/404?seq=1739: CircuitBreakerOpenError - Домен httpbin.org заблокирован
2026-08-05 01:23:09 - crawler - INFO - fetch_url_with_meta вызван для https://httpbin.org/status/500?seq=1740
2026-08-05 01:23:09 - crawler - WARNING - Домен httpbin.org временно заблокирован Circuit Breaker
2026-08-05 01:23:09 - crawler - ERROR - Ошибка при обработке https://httpbin.org/status/500?seq=1740: CircuitBreakerOpenError - Домен httpbin.org заблокирован
2026-08-05 01:23:09 - crawler - INFO - fetch_url_with_meta вызван для https://httpbin.org/status/503?seq=1741
2026-08-05 01:23:09 - crawler - WARNING - Домен httpbin.org временно заблокирован Circuit Breaker
2026-08-05 01:23:09 - crawler - ERROR - Ошибка при обработке https://httpbin.org/status/503?seq=1741: CircuitBreakerOpenError - Домен httpbin.org заблокирован
2026-08-05 01:23:09 - crawler - INFO - fetch_url_with_meta вызван для https://httpbin.org/status/429?seq=1742
2026-08-05 01:23:09 - crawler - WARNING - Домен httpbin.org временно заблокирован Circuit Breaker
2026-08-05 01:23:09 - crawler - ERROR - Ошибка при обработке https://httpbin.org/status/429?seq=1742: CircuitBreakerOpenError - Домен httpbin.org заблокирован
2026-08-05 01:23:09 - crawler - INFO - fetch_url_with_meta вызван для https://httpbin.org/get?seq=1743
2026-08-05 01:23:09 - crawler - WARNING - Домен httpbin.org временно заблокирован Circuit Breaker
2026-08-05 01:23:09 - crawler - ERROR - Ошибка при обработке https://httpbin.org/get?seq=1743: CircuitBreakerOpenError - Домен httpbin.org заблокирован
2026-08-05 01:23:09 - crawler - INFO - fetch_url_with_meta вызван для https://httpbin.org/delay/1?seq=1744
2026-08-05 01:23:09 - crawler - WARNING - Домен httpbin.org временно заблокирован Circuit Breaker
2026-08-05 01:23:09 - crawler - ERROR - Ошибка при обработке https://httpbin.org/delay/1?seq=1744: CircuitBreakerOpenError - Домен httpbin.org заблокирован
2026-08-05 01:23:09 - crawler - INFO - fetch_url_with_meta вызван для https://httpbin.org/delay/2?seq=1745
2026-08-05 01:23:09 - crawler - WARNING - Домен httpbin.org временно заблокирован Circuit Breaker
2026-08-05 01:23:09 - crawler - ERROR - Ошибка при обработке https://httpbin.org/delay/2?seq=1745: CircuitBreakerOpenError - Домен httpbin.org заблокирован
2026-08-05 01:23:09 - crawler - INFO - fetch_url_with_meta вызван для https://httpbin.org/html?seq=1746
2026-08-05 01:23:09 - crawler - WARNING - Домен httpbin.org временно заблокирован Circuit Breaker
2026-08-05 01:23:09 - crawler - ERROR - Ошибка при обработке https://httpbin.org/html?seq=1746: CircuitBreakerOpenError - Домен httpbin.org заблокирован
2026-08-05 01:23:09 - crawler - INFO - fetch_url_with_meta вызван для https://httpbin.org/forms/post?seq=1747
2026-08-05 01:23:09 - crawler - WARNING - Домен httpbin.org временно заблокирован Circuit Breaker
2026-08-05 01:23:09 - crawler - ERROR - Ошибка при обработке https://httpbin.org/forms/post?seq=1747: CircuitBreakerOpenError - Домен httpbin.org заблокирован
2026-08-05 01:23:09 - crawler - INFO - fetch_url_with_meta вызван для https://httpbin.org/bytes/1024?seq=1748
2026-08-05 01:23:09 - crawler - WARNING - Домен httpbin.org временно заблокирован Circuit Breaker
2026-08-05 01:23:09 - crawler - ERROR - Ошибка при обработке https://httpbin.org/bytes/1024?seq=1748: CircuitBreakerOpenError - Домен httpbin.org заблокирован
2026-08-05 01:23:09 - crawler - INFO - fetch_url_with_meta вызван для https://httpbin.org/status/200?seq=1749
2026-08-05 01:23:09 - crawler - WARNING - Домен httpbin.org временно заблокирован Circuit Breaker
2026-08-05 01:23:09 - crawler - ERROR - Ошибка при обработке https://httpbin.org/status/200?seq=1749: CircuitBreakerOpenError - Домен httpbin.org заблокирован
2026-08-05 01:23:09 - crawler - INFO - fetch_url_with_meta вызван для https://httpbin.org/status/404?seq=1750
2026-08-05 01:23:09 - crawler - WARNING - Домен httpbin.org временно заблокирован Circuit Breaker
2026-08-05 01:23:09 - crawler - ERROR - Ошибка при обработке https://httpbin.org/status/404?seq=1750: CircuitBreakerOpenError - Домен httpbin.org заблокирован
2026-08-05 01:23:09 - crawler - INFO - fetch_url_with_meta вызван для https://httpbin.org/status/500?seq=1751
2026-08-05 01:23:09 - crawler - WARNING - Домен httpbin.org временно заблокирован Circuit Breaker
2026-08-05 01:23:09 - crawler - ERROR - Ошибка при обработке https://httpbin.org/status/500?seq=1751: CircuitBreakerOpenError - Домен httpbin.org заблокирован
2026-08-05 01:23:09 - crawler - INFO - fetch_url_with_meta вызван для https://httpbin.org/status/503?seq=1752
2026-08-05 01:23:09 - crawler - WARNING - Домен httpbin.org временно заблокирован Circuit Breaker
2026-08-05 01:23:09 - crawler - ERROR - Ошибка при обработке https://httpbin.org/status/503?seq=1752: CircuitBreakerOpenError - Домен httpbin.org заблокирован
2026-08-05 01:23:09 - crawler - INFO - fetch_url_with_meta вызван для https://httpbin.org/status/429?seq=1753
2026-08-05 01:23:09 - crawler - WARNING - Домен httpbin.org временно заблокирован Circuit Breaker
2026-08-05 01:23:09 - crawler - ERROR - Ошибка при обработке https://httpbin.org/status/429?seq=1753: CircuitBreakerOpenError - Домен httpbin.org заблокирован
2026-08-05 01:23:09 - crawler - INFO - fetch_url_with_meta вызван для https://httpbin.org/get?seq=1754
2026-08-05 01:23:09 - crawler - WARNING - Домен httpbin.org временно заблокирован Circuit Breaker
2026-08-05 01:23:09 - crawler - ERROR - Ошибка при обработке https://httpbin.org/get?seq=1754: CircuitBreakerOpenError - Домен httpbin.org заблокирован
2026-08-05 01:23:09 - crawler - INFO - fetch_url_with_meta вызван для https://httpbin.org/delay/1?seq=1755
2026-08-05 01:23:09 - crawler - WARNING - Домен httpbin.org временно заблокирован Circuit Breaker
2026-08-05 01:23:09 - crawler - ERROR - Ошибка при обработке https://httpbin.org/delay/1?seq=1755: CircuitBreakerOpenError - Домен httpbin.org заблокирован
2026-08-05 01:23:09 - crawler - INFO - fetch_url_with_meta вызван для https://httpbin.org/delay/2?seq=1756
2026-08-05 01:23:09 - crawler - WARNING - Домен httpbin.org временно заблокирован Circuit Breaker
2026-08-05 01:23:09 - crawler - ERROR - Ошибка при обработке https://httpbin.org/delay/2?seq=1756: CircuitBreakerOpenError - Домен httpbin.org заблокирован
2026-08-05 01:23:09 - crawler - INFO - fetch_url_with_meta вызван для https://httpbin.org/html?seq=1757
2026-08-05 01:23:09 - crawler - WARNING - Домен httpbin.org временно заблокирован Circuit Breaker
2026-08-05 01:23:09 - crawler - ERROR - Ошибка при обработке https://httpbin.org/html?seq=1757: CircuitBreakerOpenError - Домен httpbin.org заблокирован
2026-08-05 01:23:09 - crawler - INFO - fetch_url_with_meta вызван для https://httpbin.org/forms/post?seq=1758
2026-08-05 01:23:09 - crawler - WARNING - Домен httpbin.org временно заблокирован Circuit Breaker
2026-08-05 01:23:09 - crawler - ERROR - Ошибка при обработке https://httpbin.org/forms/post?seq=1758: CircuitBreakerOpenError - Домен httpbin.org заблокирован
2026-08-05 01:23:09 - crawler - INFO - fetch_url_with_meta вызван для https://httpbin.org/bytes/1024?seq=1759
2026-08-05 01:23:09 - crawler - WARNING - Домен httpbin.org временно заблокирован Circuit Breaker
2026-08-05 01:23:09 - crawler - ERROR - Ошибка при обработке https://httpbin.org/bytes/1024?seq=1759: CircuitBreakerOpenError - Домен httpbin.org заблокирован
2026-08-05 01:23:09 - crawler - INFO - fetch_url_with_meta вызван для https://httpbin.org/status/200?seq=1760
2026-08-05 01:23:09 - crawler - WARNING - Домен httpbin.org временно заблокирован Circuit Breaker
2026-08-05 01:23:09 - crawler - ERROR - Ошибка при обработке https://httpbin.org/status/200?seq=1760: CircuitBreakerOpenError - Домен httpbin.org заблокирован
2026-08-05 01:23:09 - crawler - INFO - fetch_url_with_meta вызван для https://httpbin.org/status/404?seq=1761
2026-08-05 01:23:09 - crawler - WARNING - Домен httpbin.org временно заблокирован Circuit Breaker
2026-08-05 01:23:09 - crawler - ERROR - Ошибка при обработке https://httpbin.org/status/404?seq=1761: CircuitBreakerOpenError - Домен httpbin.org заблокирован
2026-08-05 01:23:09 - crawler - INFO - fetch_url_with_meta вызван для https://httpbin.org/status/500?seq=1762
2026-08-05 01:23:09 - crawler - WARNING - Домен httpbin.org временно заблокирован Circuit Breaker
2026-08-05 01:23:09 - crawler - ERROR - Ошибка при обработке https://httpbin.org/status/500?seq=1762: CircuitBreakerOpenError - Домен httpbin.org заблокирован
2026-08-05 01:23:09 - crawler - INFO - fetch_url_with_meta вызван для https://httpbin.org/status/503?seq=1763
2026-08-05 01:23:09 - crawler - WARNING - Домен httpbin.org временно заблокирован Circuit Breaker
2026-08-05 01:23:09 - crawler - ERROR - Ошибка при обработке https://httpbin.org/status/503?seq=1763: CircuitBreakerOpenError - Домен httpbin.org заблокирован
2026-08-05 01:23:10 - crawler - INFO - fetch_url_with_meta вызван для https://httpbin.org/status/429?seq=1764
2026-08-05 01:23:10 - crawler - WARNING - Домен httpbin.org временно заблокирован Circuit Breaker
2026-08-05 01:23:10 - crawler - ERROR - Ошибка при обработке https://httpbin.org/status/429?seq=1764: CircuitBreakerOpenError - Домен httpbin.org заблокирован
2026-08-05 01:23:10 - crawler - INFO - fetch_url_with_meta вызван для https://httpbin.org/get?seq=1765
2026-08-05 01:23:10 - crawler - WARNING - Домен httpbin.org временно заблокирован Circuit Breaker
2026-08-05 01:23:10 - crawler - ERROR - Ошибка при обработке https://httpbin.org/get?seq=1765: CircuitBreakerOpenError - Домен httpbin.org заблокирован
2026-08-05 01:23:10 - crawler - INFO - fetch_url_with_meta вызван для https://httpbin.org/delay/1?seq=1766
2026-08-05 01:23:10 - crawler - WARNING - Домен httpbin.org временно заблокирован Circuit Breaker
2026-08-05 01:23:10 - crawler - ERROR - Ошибка при обработке https://httpbin.org/delay/1?seq=1766: CircuitBreakerOpenError - Домен httpbin.org заблокирован
2026-08-05 01:23:10 - crawler - INFO - fetch_url_with_meta вызван для https://httpbin.org/delay/2?seq=1767
2026-08-05 01:23:10 - crawler - WARNING - Домен httpbin.org временно заблокирован Circuit Breaker
2026-08-05 01:23:10 - crawler - ERROR - Ошибка при обработке https://httpbin.org/delay/2?seq=1767: CircuitBreakerOpenError - Домен httpbin.org заблокирован
2026-08-05 01:23:10 - crawler - INFO - fetch_url_with_meta вызван для https://httpbin.org/html?seq=1768
2026-08-05 01:23:10 - crawler - WARNING - Домен httpbin.org временно заблокирован Circuit Breaker
2026-08-05 01:23:10 - crawler - ERROR - Ошибка при обработке https://httpbin.org/html?seq=1768: CircuitBreakerOpenError - Домен httpbin.org заблокирован
2026-08-05 01:23:10 - crawler - INFO - fetch_url_with_meta вызван для https://httpbin.org/forms/post?seq=1769
2026-08-05 01:23:10 - crawler - WARNING - Домен httpbin.org временно заблокирован Circuit Breaker
2026-08-05 01:23:10 - crawler - ERROR - Ошибка при обработке https://httpbin.org/forms/post?seq=1769: CircuitBreakerOpenError - Домен httpbin.org заблокирован
2026-08-05 01:23:10 - crawler - INFO - fetch_url_with_meta вызван для https://httpbin.org/bytes/1024?seq=1770
2026-08-05 01:23:10 - crawler - WARNING - Домен httpbin.org временно заблокирован Circuit Breaker
2026-08-05 01:23:10 - crawler - ERROR - Ошибка при обработке https://httpbin.org/bytes/1024?seq=1770: CircuitBreakerOpenError - Домен httpbin.org заблокирован
2026-08-05 01:23:10 - crawler - INFO - fetch_url_with_meta вызван для https://httpbin.org/status/200?seq=1771
2026-08-05 01:23:10 - crawler - WARNING - Домен httpbin.org временно заблокирован Circuit Breaker
2026-08-05 01:23:10 - crawler - ERROR - Ошибка при обработке https://httpbin.org/status/200?seq=1771: CircuitBreakerOpenError - Домен httpbin.org заблокирован
2026-08-05 01:23:10 - crawler - INFO - fetch_url_with_meta вызван для https://httpbin.org/status/404?seq=1772
2026-08-05 01:23:10 - crawler - WARNING - Домен httpbin.org временно заблокирован Circuit Breaker
2026-08-05 01:23:10 - crawler - ERROR - Ошибка при обработке https://httpbin.org/status/404?seq=1772: CircuitBreakerOpenError - Домен httpbin.org заблокирован
2026-08-05 01:23:10 - crawler - INFO - fetch_url_with_meta вызван для https://httpbin.org/status/500?seq=1773
2026-08-05 01:23:10 - crawler - WARNING - Домен httpbin.org временно заблокирован Circuit Breaker
2026-08-05 01:23:10 - crawler - ERROR - Ошибка при обработке https://httpbin.org/status/500?seq=1773: CircuitBreakerOpenError - Домен httpbin.org заблокирован
2026-08-05 01:23:10 - crawler - INFO - fetch_url_with_meta вызван для https://httpbin.org/status/503?seq=1774
2026-08-05 01:23:10 - crawler - WARNING - Домен httpbin.org временно заблокирован Circuit Breaker
2026-08-05 01:23:10 - crawler - ERROR - Ошибка при обработке https://httpbin.org/status/503?seq=1774: CircuitBreakerOpenError - Домен httpbin.org заблокирован
2026-08-05 01:23:10 - crawler - INFO - fetch_url_with_meta вызван для https://httpbin.org/status/429?seq=1775
2026-08-05 01:23:10 - crawler - WARNING - Домен httpbin.org временно заблокирован Circuit Breaker
2026-08-05 01:23:10 - crawler - ERROR - Ошибка при обработке https://httpbin.org/status/429?seq=1775: CircuitBreakerOpenError - Домен httpbin.org заблокирован
2026-08-05 01:23:10 - crawler - INFO - fetch_url_with_meta вызван для https://httpbin.org/get?seq=1776
2026-08-05 01:23:10 - crawler - WARNING - Домен httpbin.org временно заблокирован Circuit Breaker
2026-08-05 01:23:10 - crawler - ERROR - Ошибка при обработке https://httpbin.org/get?seq=1776: CircuitBreakerOpenError - Домен httpbin.org заблокирован
2026-08-05 01:23:10 - crawler - INFO - fetch_url_with_meta вызван для https://httpbin.org/delay/1?seq=1777
2026-08-05 01:23:10 - crawler - WARNING - Домен httpbin.org временно заблокирован Circuit Breaker
2026-08-05 01:23:10 - crawler - ERROR - Ошибка при обработке https://httpbin.org/delay/1?seq=1777: CircuitBreakerOpenError - Домен httpbin.org заблокирован
2026-08-05 01:23:10 - crawler - INFO - fetch_url_with_meta вызван для https://httpbin.org/delay/2?seq=1778
2026-08-05 01:23:10 - crawler - WARNING - Домен httpbin.org временно заблокирован Circuit Breaker
2026-08-05 01:23:10 - crawler - ERROR - Ошибка при обработке https://httpbin.org/delay/2?seq=1778: CircuitBreakerOpenError - Домен httpbin.org заблокирован
2026-08-05 01:23:10 - crawler - INFO - fetch_url_with_meta вызван для https://httpbin.org/html?seq=1779
2026-08-05 01:23:10 - crawler - WARNING - Домен httpbin.org временно заблокирован Circuit Breaker
2026-08-05 01:23:10 - crawler - ERROR - Ошибка при обработке https://httpbin.org/html?seq=1779: CircuitBreakerOpenError - Домен httpbin.org заблокирован
2026-08-05 01:23:10 - crawler - INFO - fetch_url_with_meta вызван для https://httpbin.org/forms/post?seq=1780
2026-08-05 01:23:10 - crawler - WARNING - Домен httpbin.org временно заблокирован Circuit Breaker
2026-08-05 01:23:10 - crawler - ERROR - Ошибка при обработке https://httpbin.org/forms/post?seq=1780: CircuitBreakerOpenError - Домен httpbin.org заблокирован
2026-08-05 01:23:10 - crawler - INFO - fetch_url_with_meta вызван для https://httpbin.org/bytes/1024?seq=1781
2026-08-05 01:23:10 - crawler - WARNING - Домен httpbin.org временно заблокирован Circuit Breaker
2026-08-05 01:23:10 - crawler - ERROR - Ошибка при обработке https://httpbin.org/bytes/1024?seq=1781: CircuitBreakerOpenError - Домен httpbin.org заблокирован
2026-08-05 01:23:10 - crawler - INFO - fetch_url_with_meta вызван для https://httpbin.org/status/200?seq=1782
2026-08-05 01:23:10 - crawler - WARNING - Домен httpbin.org временно заблокирован Circuit Breaker
2026-08-05 01:23:10 - crawler - ERROR - Ошибка при обработке https://httpbin.org/status/200?seq=1782: CircuitBreakerOpenError - Домен httpbin.org заблокирован
2026-08-05 01:23:10 - crawler - INFO - fetch_url_with_meta вызван для https://httpbin.org/status/404?seq=1783
2026-08-05 01:23:10 - crawler - WARNING - Домен httpbin.org временно заблокирован Circuit Breaker
2026-08-05 01:23:10 - crawler - ERROR - Ошибка при обработке https://httpbin.org/status/404?seq=1783: CircuitBreakerOpenError - Домен httpbin.org заблокирован
2026-08-05 01:23:10 - crawler - INFO - fetch_url_with_meta вызван для https://httpbin.org/status/500?seq=1784
2026-08-05 01:23:10 - crawler - WARNING - Домен httpbin.org временно заблокирован Circuit Breaker
2026-08-05 01:23:10 - crawler - ERROR - Ошибка при обработке https://httpbin.org/status/500?seq=1784: CircuitBreakerOpenError - Домен httpbin.org заблокирован
2026-08-05 01:23:10 - crawler - INFO - fetch_url_with_meta вызван для https://httpbin.org/status/503?seq=1785
2026-08-05 01:23:10 - crawler - WARNING - Домен httpbin.org временно заблокирован Circuit Breaker
2026-08-05 01:23:10 - crawler - ERROR - Ошибка при обработке https://httpbin.org/status/503?seq=1785: CircuitBreakerOpenError - Домен httpbin.org заблокирован
2026-08-05 01:23:10 - crawler - INFO - fetch_url_with_meta вызван для https://httpbin.org/status/429?seq=1786
2026-08-05 01:23:10 - crawler - WARNING - Домен httpbin.org временно заблокирован Circuit Breaker
2026-08-05 01:23:10 - crawler - ERROR - Ошибка при обработке https://httpbin.org/status/429?seq=1786: CircuitBreakerOpenError - Домен httpbin.org заблокирован
2026-08-05 01:23:10 - crawler - INFO - fetch_url_with_meta вызван для https://httpbin.org/get?seq=1787
2026-08-05 01:23:10 - crawler - WARNING - Домен httpbin.org временно заблокирован Circuit Breaker
2026-08-05 01:23:10 - crawler - ERROR - Ошибка при обработке https://httpbin.org/get?seq=1787: CircuitBreakerOpenError - Домен httpbin.org заблокирован
2026-08-05 01:23:10 - crawler - INFO - fetch_url_with_meta вызван для https://httpbin.org/delay/1?seq=1788
2026-08-05 01:23:10 - crawler - WARNING - Домен httpbin.org временно заблокирован Circuit Breaker
2026-08-05 01:23:10 - crawler - ERROR - Ошибка при обработке https://httpbin.org/delay/1?seq=1788: CircuitBreakerOpenError - Домен httpbin.org заблокирован
2026-08-05 01:23:10 - crawler - INFO - fetch_url_with_meta вызван для https://httpbin.org/delay/2?seq=1789
2026-08-05 01:23:10 - crawler - WARNING - Домен httpbin.org временно заблокирован Circuit Breaker
2026-08-05 01:23:10 - crawler - ERROR - Ошибка при обработке https://httpbin.org/delay/2?seq=1789: CircuitBreakerOpenError - Домен httpbin.org заблокирован
2026-08-05 01:23:10 - crawler - INFO - fetch_url_with_meta вызван для https://httpbin.org/html?seq=1790
2026-08-05 01:23:10 - crawler - WARNING - Домен httpbin.org временно заблокирован Circuit Breaker
2026-08-05 01:23:10 - crawler - ERROR - Ошибка при обработке https://httpbin.org/html?seq=1790: CircuitBreakerOpenError - Домен httpbin.org заблокирован
2026-08-05 01:23:10 - crawler - INFO - fetch_url_with_meta вызван для https://httpbin.org/forms/post?seq=1791
2026-08-05 01:23:10 - crawler - WARNING - Домен httpbin.org временно заблокирован Circuit Breaker
2026-08-05 01:23:10 - crawler - ERROR - Ошибка при обработке https://httpbin.org/forms/post?seq=1791: CircuitBreakerOpenError - Домен httpbin.org заблокирован
2026-08-05 01:23:10 - crawler - INFO - fetch_url_with_meta вызван для https://httpbin.org/bytes/1024?seq=1792
2026-08-05 01:23:10 - crawler - WARNING - Домен httpbin.org временно заблокирован Circuit Breaker
2026-08-05 01:23:10 - crawler - ERROR - Ошибка при обработке https://httpbin.org/bytes/1024?seq=1792: CircuitBreakerOpenError - Домен httpbin.org заблокирован
2026-08-05 01:23:10 - crawler - INFO - fetch_url_with_meta вызван для https://httpbin.org/status/200?seq=1793
2026-08-05 01:23:10 - crawler - WARNING - Домен httpbin.org временно заблокирован Circuit Breaker
2026-08-05 01:23:10 - crawler - ERROR - Ошибка при обработке https://httpbin.org/status/200?seq=1793: CircuitBreakerOpenError - Домен httpbin.org заблокирован
2026-08-05 01:23:10 - crawler - INFO - fetch_url_with_meta вызван для https://httpbin.org/status/404?seq=1794
2026-08-05 01:23:10 - crawler - WARNING - Домен httpbin.org временно заблокирован Circuit Breaker
2026-08-05 01:23:10 - crawler - ERROR - Ошибка при обработке https://httpbin.org/status/404?seq=1794: CircuitBreakerOpenError - Домен httpbin.org заблокирован
2026-08-05 01:23:10 - crawler - INFO - fetch_url_with_meta вызван для https://httpbin.org/status/500?seq=1795
2026-08-05 01:23:10 - crawler - WARNING - Домен httpbin.org временно заблокирован Circuit Breaker
2026-08-05 01:23:10 - crawler - ERROR - Ошибка при обработке https://httpbin.org/status/500?seq=1795: CircuitBreakerOpenError - Домен httpbin.org заблокирован
2026-08-05 01:23:10 - crawler - INFO - fetch_url_with_meta вызван для https://httpbin.org/status/503?seq=1796
2026-08-05 01:23:10 - crawler - WARNING - Домен httpbin.org временно заблокирован Circuit Breaker
2026-08-05 01:23:10 - crawler - ERROR - Ошибка при обработке https://httpbin.org/status/503?seq=1796: CircuitBreakerOpenError - Домен httpbin.org заблокирован
2026-08-05 01:23:10 - crawler - INFO - fetch_url_with_meta вызван для https://httpbin.org/status/429?seq=1797
2026-08-05 01:23:10 - crawler - WARNING - Домен httpbin.org временно заблокирован Circuit Breaker
2026-08-05 01:23:10 - crawler - ERROR - Ошибка при обработке https://httpbin.org/status/429?seq=1797: CircuitBreakerOpenError - Домен httpbin.org заблокирован
2026-08-05 01:23:10 - crawler - INFO - fetch_url_with_meta вызван для https://httpbin.org/get?seq=1798
2026-08-05 01:23:10 - crawler - WARNING - Домен httpbin.org временно заблокирован Circuit Breaker
2026-08-05 01:23:10 - crawler - ERROR - Ошибка при обработке https://httpbin.org/get?seq=1798: CircuitBreakerOpenError - Домен httpbin.org заблокирован
2026-08-05 01:23:10 - crawler - INFO - fetch_url_with_meta вызван для https://httpbin.org/delay/1?seq=1799
2026-08-05 01:23:10 - crawler - WARNING - Домен httpbin.org временно заблокирован Circuit Breaker
2026-08-05 01:23:10 - crawler - ERROR - Ошибка при обработке https://httpbin.org/delay/1?seq=1799: CircuitBreakerOpenError - Домен httpbin.org заблокирован
2026-08-05 01:23:10 - crawler - INFO - fetch_url_with_meta вызван для https://httpbin.org/delay/2?seq=1800
2026-08-05 01:23:10 - crawler - WARNING - Домен httpbin.org временно заблокирован Circuit Breaker
2026-08-05 01:23:10 - crawler - ERROR - Ошибка при обработке https://httpbin.org/delay/2?seq=1800: CircuitBreakerOpenError - Домен httpbin.org заблокирован
2026-08-05 01:23:10 - crawler - INFO - fetch_url_with_meta вызван для https://httpbin.org/html?seq=1801
2026-08-05 01:23:10 - crawler - WARNING - Домен httpbin.org временно заблокирован Circuit Breaker
2026-08-05 01:23:10 - crawler - ERROR - Ошибка при обработке https://httpbin.org/html?seq=1801: CircuitBreakerOpenError - Домен httpbin.org заблокирован
2026-08-05 01:23:10 - crawler - INFO - fetch_url_with_meta вызван для https://httpbin.org/forms/post?seq=1802
2026-08-05 01:23:10 - crawler - WARNING - Домен httpbin.org временно заблокирован Circuit Breaker
2026-08-05 01:23:10 - crawler - ERROR - Ошибка при обработке https://httpbin.org/forms/post?seq=1802: CircuitBreakerOpenError - Домен httpbin.org заблокирован
2026-08-05 01:23:10 - crawler - INFO - fetch_url_with_meta вызван для https://httpbin.org/bytes/1024?seq=1803
2026-08-05 01:23:10 - crawler - WARNING - Домен httpbin.org временно заблокирован Circuit Breaker
2026-08-05 01:23:10 - crawler - ERROR - Ошибка при обработке https://httpbin.org/bytes/1024?seq=1803: CircuitBreakerOpenError - Домен httpbin.org заблокирован
2026-08-05 01:23:10 - crawler - INFO - fetch_url_with_meta вызван для https://httpbin.org/status/200?seq=1804
2026-08-05 01:23:10 - crawler - WARNING - Домен httpbin.org временно заблокирован Circuit Breaker
2026-08-05 01:23:10 - crawler - ERROR - Ошибка при обработке https://httpbin.org/status/200?seq=1804: CircuitBreakerOpenError - Домен httpbin.org заблокирован
2026-08-05 01:23:10 - crawler - INFO - fetch_url_with_meta вызван для https://httpbin.org/status/404?seq=1805
2026-08-05 01:23:10 - crawler - WARNING - Домен httpbin.org временно заблокирован Circuit Breaker
2026-08-05 01:23:10 - crawler - ERROR - Ошибка при обработке https://httpbin.org/status/404?seq=1805: CircuitBreakerOpenError - Домен httpbin.org заблокирован
2026-08-05 01:23:10 - crawler - INFO - fetch_url_with_meta вызван для https://httpbin.org/status/500?seq=1806
2026-08-05 01:23:10 - crawler - WARNING - Домен httpbin.org временно заблокирован Circuit Breaker
2026-08-05 01:23:10 - crawler - ERROR - Ошибка при обработке https://httpbin.org/status/500?seq=1806: CircuitBreakerOpenError - Домен httpbin.org заблокирован
2026-08-05 01:23:10 - crawler - INFO - fetch_url_with_meta вызван для https://httpbin.org/status/503?seq=1807
2026-08-05 01:23:10 - crawler - WARNING - Домен httpbin.org временно заблокирован Circuit Breaker
2026-08-05 01:23:10 - crawler - ERROR - Ошибка при обработке https://httpbin.org/status/503?seq=1807: CircuitBreakerOpenError - Домен httpbin.org заблокирован
2026-08-05 01:23:10 - crawler - INFO - fetch_url_with_meta вызван для https://httpbin.org/status/429?seq=1808
2026-08-05 01:23:10 - crawler - WARNING - Домен httpbin.org временно заблокирован Circuit Breaker
2026-08-05 01:23:10 - crawler - ERROR - Ошибка при обработке https://httpbin.org/status/429?seq=1808: CircuitBreakerOpenError - Домен httpbin.org заблокирован
2026-08-05 01:23:10 - crawler - INFO - fetch_url_with_meta вызван для https://httpbin.org/get?seq=1809
2026-08-05 01:23:10 - crawler - WARNING - Домен httpbin.org временно заблокирован Circuit Breaker
2026-08-05 01:23:10 - crawler - ERROR - Ошибка при обработке https://httpbin.org/get?seq=1809: CircuitBreakerOpenError - Домен httpbin.org заблокирован
2026-08-05 01:23:10 - crawler - INFO - fetch_url_with_meta вызван для https://httpbin.org/delay/1?seq=1810
2026-08-05 01:23:10 - crawler - WARNING - Домен httpbin.org временно заблокирован Circuit Breaker
2026-08-05 01:23:10 - crawler - ERROR - Ошибка при обработке https://httpbin.org/delay/1?seq=1810: CircuitBreakerOpenError - Домен httpbin.org заблокирован
2026-08-05 01:23:10 - crawler - INFO - fetch_url_with_meta вызван для https://httpbin.org/delay/2?seq=1811
2026-08-05 01:23:10 - crawler - WARNING - Домен httpbin.org временно заблокирован Circuit Breaker
2026-08-05 01:23:10 - crawler - ERROR - Ошибка при обработке https://httpbin.org/delay/2?seq=1811: CircuitBreakerOpenError - Домен httpbin.org заблокирован
2026-08-05 01:23:10 - crawler - INFO - fetch_url_with_meta вызван для https://httpbin.org/html?seq=1812
2026-08-05 01:23:10 - crawler - WARNING - Домен httpbin.org временно заблокирован Circuit Breaker
2026-08-05 01:23:10 - crawler - ERROR - Ошибка при обработке https://httpbin.org/html?seq=1812: CircuitBreakerOpenError - Домен httpbin.org заблокирован
2026-08-05 01:23:10 - crawler - INFO - fetch_url_with_meta вызван для https://httpbin.org/forms/post?seq=1813
2026-08-05 01:23:10 - crawler - WARNING - Домен httpbin.org временно заблокирован Circuit Breaker
2026-08-05 01:23:10 - crawler - ERROR - Ошибка при обработке https://httpbin.org/forms/post?seq=1813: CircuitBreakerOpenError - Домен httpbin.org заблокирован
2026-08-05 01:23:10 - crawler - INFO - fetch_url_with_meta вызван для https://httpbin.org/bytes/1024?seq=1814
2026-08-05 01:23:10 - crawler - WARNING - Домен httpbin.org временно заблокирован Circuit Breaker
2026-08-05 01:23:10 - crawler - ERROR - Ошибка при обработке https://httpbin.org/bytes/1024?seq=1814: CircuitBreakerOpenError - Домен httpbin.org заблокирован
2026-08-05 01:23:10 - crawler - INFO - fetch_url_with_meta вызван для https://httpbin.org/status/200?seq=1815
2026-08-05 01:23:10 - crawler - WARNING - Домен httpbin.org временно заблокирован Circuit Breaker
2026-08-05 01:23:10 - crawler - ERROR - Ошибка при обработке https://httpbin.org/status/200?seq=1815: CircuitBreakerOpenError - Домен httpbin.org заблокирован
2026-08-05 01:23:10 - crawler - INFO - fetch_url_with_meta вызван для https://httpbin.org/status/404?seq=1816
2026-08-05 01:23:10 - crawler - WARNING - Домен httpbin.org временно заблокирован Circuit Breaker
2026-08-05 01:23:10 - crawler - ERROR - Ошибка при обработке https://httpbin.org/status/404?seq=1816: CircuitBreakerOpenError - Домен httpbin.org заблокирован
2026-08-05 01:23:10 - crawler - INFO - fetch_url_with_meta вызван для https://httpbin.org/status/500?seq=1817
2026-08-05 01:23:10 - crawler - WARNING - Домен httpbin.org временно заблокирован Circuit Breaker
2026-08-05 01:23:10 - crawler - ERROR - Ошибка при обработке https://httpbin.org/status/500?seq=1817: CircuitBreakerOpenError - Домен httpbin.org заблокирован
2026-08-05 01:23:10 - crawler - INFO - fetch_url_with_meta вызван для https://httpbin.org/status/503?seq=1818
2026-08-05 01:23:10 - crawler - WARNING - Домен httpbin.org временно заблокирован Circuit Breaker
2026-08-05 01:23:10 - crawler - ERROR - Ошибка при обработке https://httpbin.org/status/503?seq=1818: CircuitBreakerOpenError - Домен httpbin.org заблокирован
2026-08-05 01:23:10 - crawler - INFO - fetch_url_with_meta вызван для https://httpbin.org/status/429?seq=1819
2026-08-05 01:23:10 - crawler - WARNING - Домен httpbin.org временно заблокирован Circuit Breaker
2026-08-05 01:23:10 - crawler - ERROR - Ошибка при обработке https://httpbin.org/status/429?seq=1819: CircuitBreakerOpenError - Домен httpbin.org заблокирован
2026-08-05 01:23:10 - crawler - INFO - fetch_url_with_meta вызван для https://httpbin.org/get?seq=1820
2026-08-05 01:23:10 - crawler - WARNING - Домен httpbin.org временно заблокирован Circuit Breaker
2026-08-05 01:23:10 - crawler - ERROR - Ошибка при обработке https://httpbin.org/get?seq=1820: CircuitBreakerOpenError - Домен httpbin.org заблокирован
2026-08-05 01:23:10 - crawler - INFO - fetch_url_with_meta вызван для https://httpbin.org/delay/1?seq=1821
2026-08-05 01:23:10 - crawler - WARNING - Домен httpbin.org временно заблокирован Circuit Breaker
2026-08-05 01:23:10 - crawler - ERROR - Ошибка при обработке https://httpbin.org/delay/1?seq=1821: CircuitBreakerOpenError - Домен httpbin.org заблокирован
2026-08-05 01:23:10 - crawler - INFO - fetch_url_with_meta вызван для https://httpbin.org/delay/2?seq=1822
2026-08-05 01:23:10 - crawler - WARNING - Домен httpbin.org временно заблокирован Circuit Breaker
2026-08-05 01:23:10 - crawler - ERROR - Ошибка при обработке https://httpbin.org/delay/2?seq=1822: CircuitBreakerOpenError - Домен httpbin.org заблокирован
2026-08-05 01:23:10 - crawler - INFO - fetch_url_with_meta вызван для https://httpbin.org/html?seq=1823
2026-08-05 01:23:10 - crawler - WARNING - Домен httpbin.org временно заблокирован Circuit Breaker
2026-08-05 01:23:10 - crawler - ERROR - Ошибка при обработке https://httpbin.org/html?seq=1823: CircuitBreakerOpenError - Домен httpbin.org заблокирован
2026-08-05 01:23:10 - crawler - INFO - fetch_url_with_meta вызван для https://httpbin.org/forms/post?seq=1824
2026-08-05 01:23:10 - crawler - WARNING - Домен httpbin.org временно заблокирован Circuit Breaker
2026-08-05 01:23:10 - crawler - ERROR - Ошибка при обработке https://httpbin.org/forms/post?seq=1824: CircuitBreakerOpenError - Домен httpbin.org заблокирован
2026-08-05 01:23:10 - crawler - INFO - fetch_url_with_meta вызван для https://httpbin.org/bytes/1024?seq=1825
2026-08-05 01:23:10 - crawler - WARNING - Домен httpbin.org временно заблокирован Circuit Breaker
2026-08-05 01:23:10 - crawler - ERROR - Ошибка при обработке https://httpbin.org/bytes/1024?seq=1825: CircuitBreakerOpenError - Домен httpbin.org заблокирован
2026-08-05 01:23:10 - crawler - INFO - fetch_url_with_meta вызван для https://httpbin.org/status/200?seq=1826
2026-08-05 01:23:10 - crawler - WARNING - Домен httpbin.org временно заблокирован Circuit Breaker
2026-08-05 01:23:10 - crawler - ERROR - Ошибка при обработке https://httpbin.org/status/200?seq=1826: CircuitBreakerOpenError - Домен httpbin.org заблокирован
2026-08-05 01:23:10 - crawler - INFO - fetch_url_with_meta вызван для https://httpbin.org/status/404?seq=1827
2026-08-05 01:23:10 - crawler - WARNING - Домен httpbin.org временно заблокирован Circuit Breaker
2026-08-05 01:23:10 - crawler - ERROR - Ошибка при обработке https://httpbin.org/status/404?seq=1827: CircuitBreakerOpenError - Домен httpbin.org заблокирован
2026-08-05 01:23:10 - crawler - INFO - fetch_url_with_meta вызван для https://httpbin.org/status/500?seq=1828
2026-08-05 01:23:10 - crawler - WARNING - Домен httpbin.org временно заблокирован Circuit Breaker
2026-08-05 01:23:10 - crawler - ERROR - Ошибка при обработке https://httpbin.org/status/500?seq=1828: CircuitBreakerOpenError - Домен httpbin.org заблокирован
2026-08-05 01:23:10 - crawler - INFO - fetch_url_with_meta вызван для https://httpbin.org/status/503?seq=1829
2026-08-05 01:23:10 - crawler - WARNING - Домен httpbin.org временно заблокирован Circuit Breaker
2026-08-05 01:23:10 - crawler - ERROR - Ошибка при обработке https://httpbin.org/status/503?seq=1829: CircuitBreakerOpenError - Домен httpbin.org заблокирован
2026-08-05 01:23:10 - crawler - INFO - fetch_url_with_meta вызван для https://httpbin.org/status/429?seq=1830
2026-08-05 01:23:10 - crawler - WARNING - Домен httpbin.org временно заблокирован Circuit Breaker
2026-08-05 01:23:10 - crawler - ERROR - Ошибка при обработке https://httpbin.org/status/429?seq=1830: CircuitBreakerOpenError - Домен httpbin.org заблокирован
2026-08-05 01:23:10 - crawler - INFO - fetch_url_with_meta вызван для https://httpbin.org/get?seq=1831
2026-08-05 01:23:10 - crawler - WARNING - Домен httpbin.org временно заблокирован Circuit Breaker
2026-08-05 01:23:10 - crawler - ERROR - Ошибка при обработке https://httpbin.org/get?seq=1831: CircuitBreakerOpenError - Домен httpbin.org заблокирован
2026-08-05 01:23:10 - crawler - INFO - fetch_url_with_meta вызван для https://httpbin.org/delay/1?seq=1832
2026-08-05 01:23:10 - crawler - WARNING - Домен httpbin.org временно заблокирован Circuit Breaker
2026-08-05 01:23:10 - crawler - ERROR - Ошибка при обработке https://httpbin.org/delay/1?seq=1832: CircuitBreakerOpenError - Домен httpbin.org заблокирован
2026-08-05 01:23:10 - crawler - INFO - fetch_url_with_meta вызван для https://httpbin.org/delay/2?seq=1833
2026-08-05 01:23:10 - crawler - WARNING - Домен httpbin.org временно заблокирован Circuit Breaker
2026-08-05 01:23:10 - crawler - ERROR - Ошибка при обработке https://httpbin.org/delay/2?seq=1833: CircuitBreakerOpenError - Домен httpbin.org заблокирован
2026-08-05 01:23:10 - crawler - INFO - fetch_url_with_meta вызван для https://httpbin.org/html?seq=1834
2026-08-05 01:23:10 - crawler - WARNING - Домен httpbin.org временно заблокирован Circuit Breaker
2026-08-05 01:23:10 - crawler - ERROR - Ошибка при обработке https://httpbin.org/html?seq=1834: CircuitBreakerOpenError - Домен httpbin.org заблокирован
2026-08-05 01:23:10 - crawler - INFO - fetch_url_with_meta вызван для https://httpbin.org/forms/post?seq=1835
2026-08-05 01:23:10 - crawler - WARNING - Домен httpbin.org временно заблокирован Circuit Breaker
2026-08-05 01:23:10 - crawler - ERROR - Ошибка при обработке https://httpbin.org/forms/post?seq=1835: CircuitBreakerOpenError - Домен httpbin.org заблокирован
2026-08-05 01:23:10 - crawler - INFO - fetch_url_with_meta вызван для https://httpbin.org/bytes/1024?seq=1836
2026-08-05 01:23:10 - crawler - WARNING - Домен httpbin.org временно заблокирован Circuit Breaker
2026-08-05 01:23:10 - crawler - ERROR - Ошибка при обработке https://httpbin.org/bytes/1024?seq=1836: CircuitBreakerOpenError - Домен httpbin.org заблокирован
2026-08-05 01:23:10 - crawler - INFO - fetch_url_with_meta вызван для https://httpbin.org/status/200?seq=1837
2026-08-05 01:23:10 - crawler - WARNING - Домен httpbin.org временно заблокирован Circuit Breaker
2026-08-05 01:23:10 - crawler - ERROR - Ошибка при обработке https://httpbin.org/status/200?seq=1837: CircuitBreakerOpenError - Домен httpbin.org заблокирован
2026-08-05 01:23:10 - crawler - INFO - fetch_url_with_meta вызван для https://httpbin.org/status/404?seq=1838
2026-08-05 01:23:10 - crawler - WARNING - Домен httpbin.org временно заблокирован Circuit Breaker
2026-08-05 01:23:10 - crawler - ERROR - Ошибка при обработке https://httpbin.org/status/404?seq=1838: CircuitBreakerOpenError - Домен httpbin.org заблокирован
2026-08-05 01:23:10 - crawler - INFO - fetch_url_with_meta вызван для https://httpbin.org/status/500?seq=1839
2026-08-05 01:23:10 - crawler - WARNING - Домен httpbin.org временно заблокирован Circuit Breaker
2026-08-05 01:23:10 - crawler - ERROR - Ошибка при обработке https://httpbin.org/status/500?seq=1839: CircuitBreakerOpenError - Домен httpbin.org заблокирован
2026-08-05 01:23:10 - crawler - INFO - fetch_url_with_meta вызван для https://httpbin.org/status/503?seq=1840
2026-08-05 01:23:10 - crawler - WARNING - Домен httpbin.org временно заблокирован Circuit Breaker
2026-08-05 01:23:10 - crawler - ERROR - Ошибка при обработке https://httpbin.org/status/503?seq=1840: CircuitBreakerOpenError - Домен httpbin.org заблокирован
2026-08-05 01:23:10 - crawler - INFO - fetch_url_with_meta вызван для https://httpbin.org/status/429?seq=1841
2026-08-05 01:23:10 - crawler - WARNING - Домен httpbin.org временно заблокирован Circuit Breaker
2026-08-05 01:23:10 - crawler - ERROR - Ошибка при обработке https://httpbin.org/status/429?seq=1841: CircuitBreakerOpenError - Домен httpbin.org заблокирован
2026-08-05 01:23:10 - crawler - INFO - fetch_url_with_meta вызван для https://httpbin.org/get?seq=1842
2026-08-05 01:23:10 - crawler - WARNING - Домен httpbin.org временно заблокирован Circuit Breaker
2026-08-05 01:23:10 - crawler - ERROR - Ошибка при обработке https://httpbin.org/get?seq=1842: CircuitBreakerOpenError - Домен httpbin.org заблокирован
2026-08-05 01:23:10 - crawler - INFO - fetch_url_with_meta вызван для https://httpbin.org/delay/1?seq=1843
2026-08-05 01:23:10 - crawler - WARNING - Домен httpbin.org временно заблокирован Circuit Breaker
2026-08-05 01:23:10 - crawler - ERROR - Ошибка при обработке https://httpbin.org/delay/1?seq=1843: CircuitBreakerOpenError - Домен httpbin.org заблокирован
2026-08-05 01:23:11 - crawler - INFO - fetch_url_with_meta вызван для https://httpbin.org/delay/2?seq=1844
2026-08-05 01:23:11 - crawler - WARNING - Домен httpbin.org временно заблокирован Circuit Breaker
2026-08-05 01:23:11 - crawler - ERROR - Ошибка при обработке https://httpbin.org/delay/2?seq=1844: CircuitBreakerOpenError - Домен httpbin.org заблокирован
2026-08-05 01:23:11 - crawler - INFO - fetch_url_with_meta вызван для https://httpbin.org/html?seq=1845
2026-08-05 01:23:11 - crawler - WARNING - Домен httpbin.org временно заблокирован Circuit Breaker
2026-08-05 01:23:11 - crawler - ERROR - Ошибка при обработке https://httpbin.org/html?seq=1845: CircuitBreakerOpenError - Домен httpbin.org заблокирован
2026-08-05 01:23:11 - crawler - INFO - fetch_url_with_meta вызван для https://httpbin.org/forms/post?seq=1846
2026-08-05 01:23:11 - crawler - WARNING - Домен httpbin.org временно заблокирован Circuit Breaker
2026-08-05 01:23:11 - crawler - ERROR - Ошибка при обработке https://httpbin.org/forms/post?seq=1846: CircuitBreakerOpenError - Домен httpbin.org заблокирован
2026-08-05 01:23:11 - crawler - INFO - fetch_url_with_meta вызван для https://httpbin.org/bytes/1024?seq=1847
2026-08-05 01:23:11 - crawler - WARNING - Домен httpbin.org временно заблокирован Circuit Breaker
2026-08-05 01:23:11 - crawler - ERROR - Ошибка при обработке https://httpbin.org/bytes/1024?seq=1847: CircuitBreakerOpenError - Домен httpbin.org заблокирован
2026-08-05 01:23:11 - crawler - INFO - fetch_url_with_meta вызван для https://httpbin.org/status/200?seq=1848
2026-08-05 01:23:11 - crawler - WARNING - Домен httpbin.org временно заблокирован Circuit Breaker
2026-08-05 01:23:11 - crawler - ERROR - Ошибка при обработке https://httpbin.org/status/200?seq=1848: CircuitBreakerOpenError - Домен httpbin.org заблокирован
2026-08-05 01:23:11 - crawler - INFO - fetch_url_with_meta вызван для https://httpbin.org/status/404?seq=1849
2026-08-05 01:23:11 - crawler - WARNING - Домен httpbin.org временно заблокирован Circuit Breaker
2026-08-05 01:23:11 - crawler - ERROR - Ошибка при обработке https://httpbin.org/status/404?seq=1849: CircuitBreakerOpenError - Домен httpbin.org заблокирован
2026-08-05 01:23:11 - crawler - INFO - fetch_url_with_meta вызван для https://httpbin.org/status/500?seq=1850
2026-08-05 01:23:11 - crawler - WARNING - Домен httpbin.org временно заблокирован Circuit Breaker
2026-08-05 01:23:11 - crawler - ERROR - Ошибка при обработке https://httpbin.org/status/500?seq=1850: CircuitBreakerOpenError - Домен httpbin.org заблокирован
2026-08-05 01:23:11 - crawler - INFO - fetch_url_with_meta вызван для https://httpbin.org/status/503?seq=1851
2026-08-05 01:23:11 - crawler - WARNING - Домен httpbin.org временно заблокирован Circuit Breaker
2026-08-05 01:23:11 - crawler - ERROR - Ошибка при обработке https://httpbin.org/status/503?seq=1851: CircuitBreakerOpenError - Домен httpbin.org заблокирован
2026-08-05 01:23:11 - crawler - INFO - fetch_url_with_meta вызван для https://httpbin.org/status/429?seq=1852
2026-08-05 01:23:11 - crawler - WARNING - Домен httpbin.org временно заблокирован Circuit Breaker
2026-08-05 01:23:11 - crawler - ERROR - Ошибка при обработке https://httpbin.org/status/429?seq=1852: CircuitBreakerOpenError - Домен httpbin.org заблокирован
2026-08-05 01:23:11 - crawler - INFO - fetch_url_with_meta вызван для https://httpbin.org/get?seq=1853
2026-08-05 01:23:11 - crawler - WARNING - Домен httpbin.org временно заблокирован Circuit Breaker
2026-08-05 01:23:11 - crawler - ERROR - Ошибка при обработке https://httpbin.org/get?seq=1853: CircuitBreakerOpenError - Домен httpbin.org заблокирован
2026-08-05 01:23:11 - crawler - INFO - fetch_url_with_meta вызван для https://httpbin.org/delay/1?seq=1854
2026-08-05 01:23:11 - crawler - WARNING - Домен httpbin.org временно заблокирован Circuit Breaker
2026-08-05 01:23:11 - crawler - ERROR - Ошибка при обработке https://httpbin.org/delay/1?seq=1854: CircuitBreakerOpenError - Домен httpbin.org заблокирован
2026-08-05 01:23:11 - crawler - INFO - fetch_url_with_meta вызван для https://httpbin.org/delay/2?seq=1855
2026-08-05 01:23:11 - crawler - WARNING - Домен httpbin.org временно заблокирован Circuit Breaker
2026-08-05 01:23:11 - crawler - ERROR - Ошибка при обработке https://httpbin.org/delay/2?seq=1855: CircuitBreakerOpenError - Домен httpbin.org заблокирован
2026-08-05 01:23:11 - crawler - INFO - fetch_url_with_meta вызван для https://httpbin.org/html?seq=1856
2026-08-05 01:23:11 - crawler - WARNING - Домен httpbin.org временно заблокирован Circuit Breaker
2026-08-05 01:23:11 - crawler - ERROR - Ошибка при обработке https://httpbin.org/html?seq=1856: CircuitBreakerOpenError - Домен httpbin.org заблокирован
2026-08-05 01:23:11 - crawler - INFO - fetch_url_with_meta вызван для https://httpbin.org/forms/post?seq=1857
2026-08-05 01:23:11 - crawler - WARNING - Домен httpbin.org временно заблокирован Circuit Breaker
2026-08-05 01:23:11 - crawler - ERROR - Ошибка при обработке https://httpbin.org/forms/post?seq=1857: CircuitBreakerOpenError - Домен httpbin.org заблокирован
2026-08-05 01:23:11 - crawler - INFO - fetch_url_with_meta вызван для https://httpbin.org/bytes/1024?seq=1858
2026-08-05 01:23:11 - crawler - WARNING - Домен httpbin.org временно заблокирован Circuit Breaker
2026-08-05 01:23:11 - crawler - ERROR - Ошибка при обработке https://httpbin.org/bytes/1024?seq=1858: CircuitBreakerOpenError - Домен httpbin.org заблокирован
2026-08-05 01:23:11 - crawler - INFO - fetch_url_with_meta вызван для https://httpbin.org/status/200?seq=1859
2026-08-05 01:23:11 - crawler - WARNING - Домен httpbin.org временно заблокирован Circuit Breaker
2026-08-05 01:23:11 - crawler - ERROR - Ошибка при обработке https://httpbin.org/status/200?seq=1859: CircuitBreakerOpenError - Домен httpbin.org заблокирован
2026-08-05 01:23:11 - crawler - INFO - fetch_url_with_meta вызван для https://httpbin.org/status/404?seq=1860
2026-08-05 01:23:11 - crawler - WARNING - Домен httpbin.org временно заблокирован Circuit Breaker
2026-08-05 01:23:11 - crawler - ERROR - Ошибка при обработке https://httpbin.org/status/404?seq=1860: CircuitBreakerOpenError - Домен httpbin.org заблокирован
2026-08-05 01:23:11 - crawler - INFO - fetch_url_with_meta вызван для https://httpbin.org/status/500?seq=1861
2026-08-05 01:23:11 - crawler - WARNING - Домен httpbin.org временно заблокирован Circuit Breaker
2026-08-05 01:23:11 - crawler - ERROR - Ошибка при обработке https://httpbin.org/status/500?seq=1861: CircuitBreakerOpenError - Домен httpbin.org заблокирован
2026-08-05 01:23:11 - crawler - INFO - fetch_url_with_meta вызван для https://httpbin.org/status/503?seq=1862
2026-08-05 01:23:11 - crawler - WARNING - Домен httpbin.org временно заблокирован Circuit Breaker
2026-08-05 01:23:11 - crawler - ERROR - Ошибка при обработке https://httpbin.org/status/503?seq=1862: CircuitBreakerOpenError - Домен httpbin.org заблокирован
2026-08-05 01:23:11 - crawler - INFO - fetch_url_with_meta вызван для https://httpbin.org/status/429?seq=1863
2026-08-05 01:23:11 - crawler - WARNING - Домен httpbin.org временно заблокирован Circuit Breaker
2026-08-05 01:23:11 - crawler - ERROR - Ошибка при обработке https://httpbin.org/status/429?seq=1863: CircuitBreakerOpenError - Домен httpbin.org заблокирован
2026-08-05 01:23:11 - crawler - INFO - fetch_url_with_meta вызван для https://httpbin.org/get?seq=1864
2026-08-05 01:23:11 - crawler - WARNING - Домен httpbin.org временно заблокирован Circuit Breaker
2026-08-05 01:23:11 - crawler - ERROR - Ошибка при обработке https://httpbin.org/get?seq=1864: CircuitBreakerOpenError - Домен httpbin.org заблокирован
2026-08-05 01:23:11 - crawler - INFO - fetch_url_with_meta вызван для https://httpbin.org/delay/1?seq=1865
2026-08-05 01:23:11 - crawler - WARNING - Домен httpbin.org временно заблокирован Circuit Breaker
2026-08-05 01:23:11 - crawler - ERROR - Ошибка при обработке https://httpbin.org/delay/1?seq=1865: CircuitBreakerOpenError - Домен httpbin.org заблокирован
2026-08-05 01:23:11 - crawler - INFO - fetch_url_with_meta вызван для https://httpbin.org/delay/2?seq=1866
2026-08-05 01:23:11 - crawler - WARNING - Домен httpbin.org временно заблокирован Circuit Breaker
2026-08-05 01:23:11 - crawler - ERROR - Ошибка при обработке https://httpbin.org/delay/2?seq=1866: CircuitBreakerOpenError - Домен httpbin.org заблокирован
2026-08-05 01:23:11 - crawler - INFO - fetch_url_with_meta вызван для https://httpbin.org/html?seq=1867
2026-08-05 01:23:11 - crawler - WARNING - Домен httpbin.org временно заблокирован Circuit Breaker
2026-08-05 01:23:11 - crawler - ERROR - Ошибка при обработке https://httpbin.org/html?seq=1867: CircuitBreakerOpenError - Домен httpbin.org заблокирован
2026-08-05 01:23:11 - crawler - INFO - fetch_url_with_meta вызван для https://httpbin.org/forms/post?seq=1868
2026-08-05 01:23:11 - crawler - WARNING - Домен httpbin.org временно заблокирован Circuit Breaker
2026-08-05 01:23:11 - crawler - ERROR - Ошибка при обработке https://httpbin.org/forms/post?seq=1868: CircuitBreakerOpenError - Домен httpbin.org заблокирован
2026-08-05 01:23:11 - crawler - INFO - fetch_url_with_meta вызван для https://httpbin.org/bytes/1024?seq=1869
2026-08-05 01:23:11 - crawler - WARNING - Домен httpbin.org временно заблокирован Circuit Breaker
2026-08-05 01:23:11 - crawler - ERROR - Ошибка при обработке https://httpbin.org/bytes/1024?seq=1869: CircuitBreakerOpenError - Домен httpbin.org заблокирован
2026-08-05 01:23:11 - crawler - INFO - fetch_url_with_meta вызван для https://httpbin.org/status/200?seq=1870
2026-08-05 01:23:11 - crawler - WARNING - Домен httpbin.org временно заблокирован Circuit Breaker
2026-08-05 01:23:11 - crawler - ERROR - Ошибка при обработке https://httpbin.org/status/200?seq=1870: CircuitBreakerOpenError - Домен httpbin.org заблокирован
2026-08-05 01:23:11 - crawler - INFO - fetch_url_with_meta вызван для https://httpbin.org/status/404?seq=1871
2026-08-05 01:23:11 - crawler - WARNING - Домен httpbin.org временно заблокирован Circuit Breaker
2026-08-05 01:23:11 - crawler - ERROR - Ошибка при обработке https://httpbin.org/status/404?seq=1871: CircuitBreakerOpenError - Домен httpbin.org заблокирован
2026-08-05 01:23:11 - crawler - INFO - fetch_url_with_meta вызван для https://httpbin.org/status/500?seq=1872
2026-08-05 01:23:11 - crawler - WARNING - Домен httpbin.org временно заблокирован Circuit Breaker
2026-08-05 01:23:11 - crawler - ERROR - Ошибка при обработке https://httpbin.org/status/500?seq=1872: CircuitBreakerOpenError - Домен httpbin.org заблокирован
2026-08-05 01:23:11 - crawler - INFO - fetch_url_with_meta вызван для https://httpbin.org/status/503?seq=1873
2026-08-05 01:23:11 - crawler - WARNING - Домен httpbin.org временно заблокирован Circuit Breaker
2026-08-05 01:23:11 - crawler - ERROR - Ошибка при обработке https://httpbin.org/status/503?seq=1873: CircuitBreakerOpenError - Домен httpbin.org заблокирован
2026-08-05 01:23:11 - crawler - INFO - fetch_url_with_meta вызван для https://httpbin.org/status/429?seq=1874
2026-08-05 01:23:11 - crawler - WARNING - Домен httpbin.org временно заблокирован Circuit Breaker
2026-08-05 01:23:11 - crawler - ERROR - Ошибка при обработке https://httpbin.org/status/429?seq=1874: CircuitBreakerOpenError - Домен httpbin.org заблокирован
2026-08-05 01:23:11 - crawler - INFO - fetch_url_with_meta вызван для https://httpbin.org/get?seq=1875
2026-08-05 01:23:11 - crawler - WARNING - Домен httpbin.org временно заблокирован Circuit Breaker
2026-08-05 01:23:11 - crawler - ERROR - Ошибка при обработке https://httpbin.org/get?seq=1875: CircuitBreakerOpenError - Домен httpbin.org заблокирован
2026-08-05 01:23:11 - crawler - INFO - fetch_url_with_meta вызван для https://httpbin.org/delay/1?seq=1876
2026-08-05 01:23:11 - crawler - WARNING - Домен httpbin.org временно заблокирован Circuit Breaker
2026-08-05 01:23:11 - crawler - ERROR - Ошибка при обработке https://httpbin.org/delay/1?seq=1876: CircuitBreakerOpenError - Домен httpbin.org заблокирован
2026-08-05 01:23:11 - crawler - INFO - fetch_url_with_meta вызван для https://httpbin.org/delay/2?seq=1877
2026-08-05 01:23:11 - crawler - WARNING - Домен httpbin.org временно заблокирован Circuit Breaker
2026-08-05 01:23:11 - crawler - ERROR - Ошибка при обработке https://httpbin.org/delay/2?seq=1877: CircuitBreakerOpenError - Домен httpbin.org заблокирован
2026-08-05 01:23:11 - crawler - INFO - fetch_url_with_meta вызван для https://httpbin.org/html?seq=1878
2026-08-05 01:23:11 - crawler - WARNING - Домен httpbin.org временно заблокирован Circuit Breaker
2026-08-05 01:23:11 - crawler - ERROR - Ошибка при обработке https://httpbin.org/html?seq=1878: CircuitBreakerOpenError - Домен httpbin.org заблокирован
2026-08-05 01:23:11 - crawler - INFO - fetch_url_with_meta вызван для https://httpbin.org/forms/post?seq=1879
2026-08-05 01:23:11 - crawler - WARNING - Домен httpbin.org временно заблокирован Circuit Breaker
2026-08-05 01:23:11 - crawler - ERROR - Ошибка при обработке https://httpbin.org/forms/post?seq=1879: CircuitBreakerOpenError - Домен httpbin.org заблокирован
2026-08-05 01:23:11 - crawler - INFO - fetch_url_with_meta вызван для https://httpbin.org/bytes/1024?seq=1880
2026-08-05 01:23:11 - crawler - WARNING - Домен httpbin.org временно заблокирован Circuit Breaker
2026-08-05 01:23:11 - crawler - ERROR - Ошибка при обработке https://httpbin.org/bytes/1024?seq=1880: CircuitBreakerOpenError - Домен httpbin.org заблокирован
2026-08-05 01:23:11 - crawler - INFO - fetch_url_with_meta вызван для https://httpbin.org/status/200?seq=1881
2026-08-05 01:23:11 - crawler - WARNING - Домен httpbin.org временно заблокирован Circuit Breaker
2026-08-05 01:23:11 - crawler - ERROR - Ошибка при обработке https://httpbin.org/status/200?seq=1881: CircuitBreakerOpenError - Домен httpbin.org заблокирован
2026-08-05 01:23:11 - crawler - INFO - fetch_url_with_meta вызван для https://httpbin.org/status/404?seq=1882
2026-08-05 01:23:11 - crawler - WARNING - Домен httpbin.org временно заблокирован Circuit Breaker
2026-08-05 01:23:11 - crawler - ERROR - Ошибка при обработке https://httpbin.org/status/404?seq=1882: CircuitBreakerOpenError - Домен httpbin.org заблокирован
2026-08-05 01:23:11 - crawler - INFO - fetch_url_with_meta вызван для https://httpbin.org/status/500?seq=1883
2026-08-05 01:23:11 - crawler - WARNING - Домен httpbin.org временно заблокирован Circuit Breaker
2026-08-05 01:23:11 - crawler - ERROR - Ошибка при обработке https://httpbin.org/status/500?seq=1883: CircuitBreakerOpenError - Домен httpbin.org заблокирован
2026-08-05 01:23:11 - crawler - INFO - fetch_url_with_meta вызван для https://httpbin.org/status/503?seq=1884
2026-08-05 01:23:11 - crawler - WARNING - Домен httpbin.org временно заблокирован Circuit Breaker
2026-08-05 01:23:11 - crawler - ERROR - Ошибка при обработке https://httpbin.org/status/503?seq=1884: CircuitBreakerOpenError - Домен httpbin.org заблокирован
2026-08-05 01:23:11 - crawler - INFO - fetch_url_with_meta вызван для https://httpbin.org/status/429?seq=1885
2026-08-05 01:23:11 - crawler - WARNING - Домен httpbin.org временно заблокирован Circuit Breaker
2026-08-05 01:23:11 - crawler - ERROR - Ошибка при обработке https://httpbin.org/status/429?seq=1885: CircuitBreakerOpenError - Домен httpbin.org заблокирован
2026-08-05 01:23:11 - crawler - INFO - fetch_url_with_meta вызван для https://httpbin.org/get?seq=1886
2026-08-05 01:23:11 - crawler - WARNING - Домен httpbin.org временно заблокирован Circuit Breaker
2026-08-05 01:23:11 - crawler - ERROR - Ошибка при обработке https://httpbin.org/get?seq=1886: CircuitBreakerOpenError - Домен httpbin.org заблокирован
2026-08-05 01:23:11 - crawler - INFO - fetch_url_with_meta вызван для https://httpbin.org/delay/1?seq=1887
2026-08-05 01:23:11 - crawler - WARNING - Домен httpbin.org временно заблокирован Circuit Breaker
2026-08-05 01:23:11 - crawler - ERROR - Ошибка при обработке https://httpbin.org/delay/1?seq=1887: CircuitBreakerOpenError - Домен httpbin.org заблокирован
2026-08-05 01:23:11 - crawler - INFO - fetch_url_with_meta вызван для https://httpbin.org/delay/2?seq=1888
2026-08-05 01:23:11 - crawler - WARNING - Домен httpbin.org временно заблокирован Circuit Breaker
2026-08-05 01:23:11 - crawler - ERROR - Ошибка при обработке https://httpbin.org/delay/2?seq=1888: CircuitBreakerOpenError - Домен httpbin.org заблокирован
2026-08-05 01:23:11 - crawler - INFO - fetch_url_with_meta вызван для https://httpbin.org/html?seq=1889
2026-08-05 01:23:11 - crawler - WARNING - Домен httpbin.org временно заблокирован Circuit Breaker
2026-08-05 01:23:11 - crawler - ERROR - Ошибка при обработке https://httpbin.org/html?seq=1889: CircuitBreakerOpenError - Домен httpbin.org заблокирован
2026-08-05 01:23:11 - crawler - INFO - fetch_url_with_meta вызван для https://httpbin.org/forms/post?seq=1890
2026-08-05 01:23:11 - crawler - WARNING - Домен httpbin.org временно заблокирован Circuit Breaker
2026-08-05 01:23:11 - crawler - ERROR - Ошибка при обработке https://httpbin.org/forms/post?seq=1890: CircuitBreakerOpenError - Домен httpbin.org заблокирован
2026-08-05 01:23:11 - crawler - INFO - fetch_url_with_meta вызван для https://httpbin.org/bytes/1024?seq=1891
2026-08-05 01:23:11 - crawler - WARNING - Домен httpbin.org временно заблокирован Circuit Breaker
2026-08-05 01:23:11 - crawler - ERROR - Ошибка при обработке https://httpbin.org/bytes/1024?seq=1891: CircuitBreakerOpenError - Домен httpbin.org заблокирован
2026-08-05 01:23:11 - crawler - INFO - fetch_url_with_meta вызван для https://httpbin.org/status/200?seq=1892
2026-08-05 01:23:11 - crawler - WARNING - Домен httpbin.org временно заблокирован Circuit Breaker
2026-08-05 01:23:11 - crawler - ERROR - Ошибка при обработке https://httpbin.org/status/200?seq=1892: CircuitBreakerOpenError - Домен httpbin.org заблокирован
2026-08-05 01:23:11 - crawler - INFO - fetch_url_with_meta вызван для https://httpbin.org/status/404?seq=1893
2026-08-05 01:23:11 - crawler - WARNING - Домен httpbin.org временно заблокирован Circuit Breaker
2026-08-05 01:23:11 - crawler - ERROR - Ошибка при обработке https://httpbin.org/status/404?seq=1893: CircuitBreakerOpenError - Домен httpbin.org заблокирован
2026-08-05 01:23:11 - crawler - INFO - fetch_url_with_meta вызван для https://httpbin.org/status/500?seq=1894
2026-08-05 01:23:11 - crawler - WARNING - Домен httpbin.org временно заблокирован Circuit Breaker
2026-08-05 01:23:11 - crawler - ERROR - Ошибка при обработке https://httpbin.org/status/500?seq=1894: CircuitBreakerOpenError - Домен httpbin.org заблокирован
2026-08-05 01:23:11 - crawler - INFO - fetch_url_with_meta вызван для https://httpbin.org/status/503?seq=1895
2026-08-05 01:23:11 - crawler - WARNING - Домен httpbin.org временно заблокирован Circuit Breaker
2026-08-05 01:23:11 - crawler - ERROR - Ошибка при обработке https://httpbin.org/status/503?seq=1895: CircuitBreakerOpenError - Домен httpbin.org заблокирован
2026-08-05 01:23:11 - crawler - INFO - fetch_url_with_meta вызван для https://httpbin.org/status/429?seq=1896
2026-08-05 01:23:11 - crawler - WARNING - Домен httpbin.org временно заблокирован Circuit Breaker
2026-08-05 01:23:11 - crawler - ERROR - Ошибка при обработке https://httpbin.org/status/429?seq=1896: CircuitBreakerOpenError - Домен httpbin.org заблокирован
2026-08-05 01:23:11 - crawler - INFO - fetch_url_with_meta вызван для https://httpbin.org/get?seq=1897
2026-08-05 01:23:11 - crawler - WARNING - Домен httpbin.org временно заблокирован Circuit Breaker
2026-08-05 01:23:11 - crawler - ERROR - Ошибка при обработке https://httpbin.org/get?seq=1897: CircuitBreakerOpenError - Домен httpbin.org заблокирован
2026-08-05 01:23:11 - crawler - INFO - fetch_url_with_meta вызван для https://httpbin.org/delay/1?seq=1898
2026-08-05 01:23:11 - crawler - WARNING - Домен httpbin.org временно заблокирован Circuit Breaker
2026-08-05 01:23:11 - crawler - ERROR - Ошибка при обработке https://httpbin.org/delay/1?seq=1898: CircuitBreakerOpenError - Домен httpbin.org заблокирован
2026-08-05 01:23:11 - crawler - INFO - fetch_url_with_meta вызван для https://httpbin.org/delay/2?seq=1899
2026-08-05 01:23:11 - crawler - WARNING - Домен httpbin.org временно заблокирован Circuit Breaker
2026-08-05 01:23:11 - crawler - ERROR - Ошибка при обработке https://httpbin.org/delay/2?seq=1899: CircuitBreakerOpenError - Домен httpbin.org заблокирован
2026-08-05 01:23:11 - crawler - INFO - fetch_url_with_meta вызван для https://httpbin.org/html?seq=1900
2026-08-05 01:23:11 - crawler - WARNING - Домен httpbin.org временно заблокирован Circuit Breaker
2026-08-05 01:23:11 - crawler - ERROR - Ошибка при обработке https://httpbin.org/html?seq=1900: CircuitBreakerOpenError - Домен httpbin.org заблокирован
2026-08-05 01:23:11 - crawler - INFO - fetch_url_with_meta вызван для https://httpbin.org/forms/post?seq=1901
2026-08-05 01:23:11 - crawler - WARNING - Домен httpbin.org временно заблокирован Circuit Breaker
2026-08-05 01:23:11 - crawler - ERROR - Ошибка при обработке https://httpbin.org/forms/post?seq=1901: CircuitBreakerOpenError - Домен httpbin.org заблокирован
2026-08-05 01:23:11 - crawler - INFO - fetch_url_with_meta вызван для https://httpbin.org/bytes/1024?seq=1902
2026-08-05 01:23:11 - crawler - WARNING - Домен httpbin.org временно заблокирован Circuit Breaker
2026-08-05 01:23:11 - crawler - ERROR - Ошибка при обработке https://httpbin.org/bytes/1024?seq=1902: CircuitBreakerOpenError - Домен httpbin.org заблокирован
2026-08-05 01:23:11 - crawler - INFO - fetch_url_with_meta вызван для https://httpbin.org/status/200?seq=1903
2026-08-05 01:23:11 - crawler - WARNING - Домен httpbin.org временно заблокирован Circuit Breaker
2026-08-05 01:23:11 - crawler - ERROR - Ошибка при обработке https://httpbin.org/status/200?seq=1903: CircuitBreakerOpenError - Домен httpbin.org заблокирован
2026-08-05 01:23:11 - crawler - INFO - fetch_url_with_meta вызван для https://httpbin.org/status/404?seq=1904
2026-08-05 01:23:11 - crawler - WARNING - Домен httpbin.org временно заблокирован Circuit Breaker
2026-08-05 01:23:11 - crawler - ERROR - Ошибка при обработке https://httpbin.org/status/404?seq=1904: CircuitBreakerOpenError - Домен httpbin.org заблокирован
2026-08-05 01:23:11 - crawler - INFO - fetch_url_with_meta вызван для https://httpbin.org/status/500?seq=1905
2026-08-05 01:23:11 - crawler - WARNING - Домен httpbin.org временно заблокирован Circuit Breaker
2026-08-05 01:23:11 - crawler - ERROR - Ошибка при обработке https://httpbin.org/status/500?seq=1905: CircuitBreakerOpenError - Домен httpbin.org заблокирован
2026-08-05 01:23:11 - crawler - INFO - fetch_url_with_meta вызван для https://httpbin.org/status/503?seq=1906
2026-08-05 01:23:11 - crawler - WARNING - Домен httpbin.org временно заблокирован Circuit Breaker
2026-08-05 01:23:11 - crawler - ERROR - Ошибка при обработке https://httpbin.org/status/503?seq=1906: CircuitBreakerOpenError - Домен httpbin.org заблокирован
2026-08-05 01:23:11 - crawler - INFO - fetch_url_with_meta вызван для https://httpbin.org/status/429?seq=1907
2026-08-05 01:23:11 - crawler - WARNING - Домен httpbin.org временно заблокирован Circuit Breaker
2026-08-05 01:23:11 - crawler - ERROR - Ошибка при обработке https://httpbin.org/status/429?seq=1907: CircuitBreakerOpenError - Домен httpbin.org заблокирован
2026-08-05 01:23:11 - crawler - INFO - fetch_url_with_meta вызван для https://httpbin.org/get?seq=1908
2026-08-05 01:23:11 - crawler - WARNING - Домен httpbin.org временно заблокирован Circuit Breaker
2026-08-05 01:23:11 - crawler - ERROR - Ошибка при обработке https://httpbin.org/get?seq=1908: CircuitBreakerOpenError - Домен httpbin.org заблокирован
2026-08-05 01:23:11 - crawler - INFO - fetch_url_with_meta вызван для https://httpbin.org/delay/1?seq=1909
2026-08-05 01:23:11 - crawler - WARNING - Домен httpbin.org временно заблокирован Circuit Breaker
2026-08-05 01:23:11 - crawler - ERROR - Ошибка при обработке https://httpbin.org/delay/1?seq=1909: CircuitBreakerOpenError - Домен httpbin.org заблокирован
2026-08-05 01:23:11 - crawler - INFO - fetch_url_with_meta вызван для https://httpbin.org/delay/2?seq=1910
2026-08-05 01:23:11 - crawler - WARNING - Домен httpbin.org временно заблокирован Circuit Breaker
2026-08-05 01:23:11 - crawler - ERROR - Ошибка при обработке https://httpbin.org/delay/2?seq=1910: CircuitBreakerOpenError - Домен httpbin.org заблокирован
2026-08-05 01:23:11 - crawler - INFO - fetch_url_with_meta вызван для https://httpbin.org/html?seq=1911
2026-08-05 01:23:11 - crawler - WARNING - Домен httpbin.org временно заблокирован Circuit Breaker
2026-08-05 01:23:11 - crawler - ERROR - Ошибка при обработке https://httpbin.org/html?seq=1911: CircuitBreakerOpenError - Домен httpbin.org заблокирован
2026-08-05 01:23:11 - crawler - INFO - fetch_url_with_meta вызван для https://httpbin.org/forms/post?seq=1912
2026-08-05 01:23:11 - crawler - WARNING - Домен httpbin.org временно заблокирован Circuit Breaker
2026-08-05 01:23:11 - crawler - ERROR - Ошибка при обработке https://httpbin.org/forms/post?seq=1912: CircuitBreakerOpenError - Домен httpbin.org заблокирован
2026-08-05 01:23:11 - crawler - INFO - fetch_url_with_meta вызван для https://httpbin.org/bytes/1024?seq=1913
2026-08-05 01:23:11 - crawler - WARNING - Домен httpbin.org временно заблокирован Circuit Breaker
2026-08-05 01:23:11 - crawler - ERROR - Ошибка при обработке https://httpbin.org/bytes/1024?seq=1913: CircuitBreakerOpenError - Домен httpbin.org заблокирован
2026-08-05 01:23:11 - crawler - INFO - fetch_url_with_meta вызван для https://httpbin.org/status/200?seq=1914
2026-08-05 01:23:12 - crawler - WARNING - Домен httpbin.org временно заблокирован Circuit Breaker
2026-08-05 01:23:12 - crawler - ERROR - Ошибка при обработке https://httpbin.org/status/200?seq=1914: CircuitBreakerOpenError - Домен httpbin.org заблокирован
2026-08-05 01:23:12 - crawler - INFO - fetch_url_with_meta вызван для https://httpbin.org/status/404?seq=1915
2026-08-05 01:23:12 - crawler - WARNING - Домен httpbin.org временно заблокирован Circuit Breaker
2026-08-05 01:23:12 - crawler - ERROR - Ошибка при обработке https://httpbin.org/status/404?seq=1915: CircuitBreakerOpenError - Домен httpbin.org заблокирован
2026-08-05 01:23:12 - crawler - INFO - fetch_url_with_meta вызван для https://httpbin.org/status/500?seq=1916
2026-08-05 01:23:12 - crawler - WARNING - Домен httpbin.org временно заблокирован Circuit Breaker
2026-08-05 01:23:12 - crawler - ERROR - Ошибка при обработке https://httpbin.org/status/500?seq=1916: CircuitBreakerOpenError - Домен httpbin.org заблокирован
2026-08-05 01:23:12 - crawler - INFO - fetch_url_with_meta вызван для https://httpbin.org/status/503?seq=1917
2026-08-05 01:23:12 - crawler - WARNING - Домен httpbin.org временно заблокирован Circuit Breaker
2026-08-05 01:23:12 - crawler - ERROR - Ошибка при обработке https://httpbin.org/status/503?seq=1917: CircuitBreakerOpenError - Домен httpbin.org заблокирован
2026-08-05 01:23:12 - crawler - INFO - fetch_url_with_meta вызван для https://httpbin.org/status/429?seq=1918
2026-08-05 01:23:12 - crawler - WARNING - Домен httpbin.org временно заблокирован Circuit Breaker
2026-08-05 01:23:12 - crawler - ERROR - Ошибка при обработке https://httpbin.org/status/429?seq=1918: CircuitBreakerOpenError - Домен httpbin.org заблокирован
2026-08-05 01:23:12 - crawler - INFO - fetch_url_with_meta вызван для https://httpbin.org/get?seq=1919
2026-08-05 01:23:12 - crawler - WARNING - Домен httpbin.org временно заблокирован Circuit Breaker
2026-08-05 01:23:12 - crawler - ERROR - Ошибка при обработке https://httpbin.org/get?seq=1919: CircuitBreakerOpenError - Домен httpbin.org заблокирован
2026-08-05 01:23:12 - crawler - INFO - fetch_url_with_meta вызван для https://httpbin.org/delay/1?seq=1920
2026-08-05 01:23:12 - crawler - WARNING - Домен httpbin.org временно заблокирован Circuit Breaker
2026-08-05 01:23:12 - crawler - ERROR - Ошибка при обработке https://httpbin.org/delay/1?seq=1920: CircuitBreakerOpenError - Домен httpbin.org заблокирован
2026-08-05 01:23:12 - crawler - INFO - fetch_url_with_meta вызван для https://httpbin.org/delay/2?seq=1921
2026-08-05 01:23:12 - crawler - WARNING - Домен httpbin.org временно заблокирован Circuit Breaker
2026-08-05 01:23:12 - crawler - ERROR - Ошибка при обработке https://httpbin.org/delay/2?seq=1921: CircuitBreakerOpenError - Домен httpbin.org заблокирован
2026-08-05 01:23:12 - crawler - INFO - fetch_url_with_meta вызван для https://httpbin.org/html?seq=1922
2026-08-05 01:23:12 - crawler - WARNING - Домен httpbin.org временно заблокирован Circuit Breaker
2026-08-05 01:23:12 - crawler - ERROR - Ошибка при обработке https://httpbin.org/html?seq=1922: CircuitBreakerOpenError - Домен httpbin.org заблокирован
2026-08-05 01:23:12 - crawler - INFO - fetch_url_with_meta вызван для https://httpbin.org/forms/post?seq=1923
2026-08-05 01:23:12 - crawler - WARNING - Домен httpbin.org временно заблокирован Circuit Breaker
2026-08-05 01:23:12 - crawler - ERROR - Ошибка при обработке https://httpbin.org/forms/post?seq=1923: CircuitBreakerOpenError - Домен httpbin.org заблокирован
2026-08-05 01:23:12 - crawler - INFO - fetch_url_with_meta вызван для https://httpbin.org/bytes/1024?seq=1924
2026-08-05 01:23:12 - crawler - WARNING - Домен httpbin.org временно заблокирован Circuit Breaker
2026-08-05 01:23:12 - crawler - ERROR - Ошибка при обработке https://httpbin.org/bytes/1024?seq=1924: CircuitBreakerOpenError - Домен httpbin.org заблокирован
2026-08-05 01:23:12 - crawler - INFO - fetch_url_with_meta вызван для https://httpbin.org/status/200?seq=1925
2026-08-05 01:23:12 - crawler - WARNING - Домен httpbin.org временно заблокирован Circuit Breaker
2026-08-05 01:23:12 - crawler - ERROR - Ошибка при обработке https://httpbin.org/status/200?seq=1925: CircuitBreakerOpenError - Домен httpbin.org заблокирован
2026-08-05 01:23:12 - crawler - INFO - fetch_url_with_meta вызван для https://httpbin.org/status/404?seq=1926
2026-08-05 01:23:12 - crawler - WARNING - Домен httpbin.org временно заблокирован Circuit Breaker
2026-08-05 01:23:12 - crawler - ERROR - Ошибка при обработке https://httpbin.org/status/404?seq=1926: CircuitBreakerOpenError - Домен httpbin.org заблокирован
2026-08-05 01:23:12 - crawler - INFO - fetch_url_with_meta вызван для https://httpbin.org/status/500?seq=1927
2026-08-05 01:23:12 - crawler - WARNING - Домен httpbin.org временно заблокирован Circuit Breaker
2026-08-05 01:23:12 - crawler - ERROR - Ошибка при обработке https://httpbin.org/status/500?seq=1927: CircuitBreakerOpenError - Домен httpbin.org заблокирован
2026-08-05 01:23:12 - crawler - INFO - fetch_url_with_meta вызван для https://httpbin.org/status/503?seq=1928
2026-08-05 01:23:12 - crawler - WARNING - Домен httpbin.org временно заблокирован Circuit Breaker
2026-08-05 01:23:12 - crawler - ERROR - Ошибка при обработке https://httpbin.org/status/503?seq=1928: CircuitBreakerOpenError - Домен httpbin.org заблокирован
2026-08-05 01:23:12 - crawler - INFO - fetch_url_with_meta вызван для https://httpbin.org/status/429?seq=1929
2026-08-05 01:23:12 - crawler - WARNING - Домен httpbin.org временно заблокирован Circuit Breaker
2026-08-05 01:23:12 - crawler - ERROR - Ошибка при обработке https://httpbin.org/status/429?seq=1929: CircuitBreakerOpenError - Домен httpbin.org заблокирован
2026-08-05 01:23:12 - crawler - INFO - fetch_url_with_meta вызван для https://httpbin.org/get?seq=1930
2026-08-05 01:23:12 - crawler - WARNING - Домен httpbin.org временно заблокирован Circuit Breaker
2026-08-05 01:23:12 - crawler - ERROR - Ошибка при обработке https://httpbin.org/get?seq=1930: CircuitBreakerOpenError - Домен httpbin.org заблокирован
2026-08-05 01:23:12 - crawler - INFO - fetch_url_with_meta вызван для https://httpbin.org/delay/1?seq=1931
2026-08-05 01:23:12 - crawler - WARNING - Домен httpbin.org временно заблокирован Circuit Breaker
2026-08-05 01:23:12 - crawler - ERROR - Ошибка при обработке https://httpbin.org/delay/1?seq=1931: CircuitBreakerOpenError - Домен httpbin.org заблокирован
2026-08-05 01:23:12 - crawler - INFO - fetch_url_with_meta вызван для https://httpbin.org/delay/2?seq=1932
2026-08-05 01:23:12 - crawler - WARNING - Домен httpbin.org временно заблокирован Circuit Breaker
2026-08-05 01:23:12 - crawler - ERROR - Ошибка при обработке https://httpbin.org/delay/2?seq=1932: CircuitBreakerOpenError - Домен httpbin.org заблокирован
2026-08-05 01:23:12 - crawler - INFO - fetch_url_with_meta вызван для https://httpbin.org/html?seq=1933
2026-08-05 01:23:12 - crawler - WARNING - Домен httpbin.org временно заблокирован Circuit Breaker
2026-08-05 01:23:12 - crawler - ERROR - Ошибка при обработке https://httpbin.org/html?seq=1933: CircuitBreakerOpenError - Домен httpbin.org заблокирован
2026-08-05 01:23:12 - crawler - INFO - fetch_url_with_meta вызван для https://httpbin.org/forms/post?seq=1934
2026-08-05 01:23:12 - crawler - WARNING - Домен httpbin.org временно заблокирован Circuit Breaker
2026-08-05 01:23:12 - crawler - ERROR - Ошибка при обработке https://httpbin.org/forms/post?seq=1934: CircuitBreakerOpenError - Домен httpbin.org заблокирован
2026-08-05 01:23:12 - crawler - INFO - fetch_url_with_meta вызван для https://httpbin.org/bytes/1024?seq=1935
2026-08-05 01:23:12 - crawler - WARNING - Домен httpbin.org временно заблокирован Circuit Breaker
2026-08-05 01:23:12 - crawler - ERROR - Ошибка при обработке https://httpbin.org/bytes/1024?seq=1935: CircuitBreakerOpenError - Домен httpbin.org заблокирован
2026-08-05 01:23:12 - crawler - INFO - fetch_url_with_meta вызван для https://httpbin.org/status/200?seq=1936
2026-08-05 01:23:12 - crawler - WARNING - Домен httpbin.org временно заблокирован Circuit Breaker
2026-08-05 01:23:12 - crawler - ERROR - Ошибка при обработке https://httpbin.org/status/200?seq=1936: CircuitBreakerOpenError - Домен httpbin.org заблокирован
2026-08-05 01:23:12 - crawler - INFO - fetch_url_with_meta вызван для https://httpbin.org/status/404?seq=1937
2026-08-05 01:23:12 - crawler - WARNING - Домен httpbin.org временно заблокирован Circuit Breaker
2026-08-05 01:23:12 - crawler - ERROR - Ошибка при обработке https://httpbin.org/status/404?seq=1937: CircuitBreakerOpenError - Домен httpbin.org заблокирован
2026-08-05 01:23:12 - crawler - INFO - fetch_url_with_meta вызван для https://httpbin.org/status/500?seq=1938
2026-08-05 01:23:12 - crawler - WARNING - Домен httpbin.org временно заблокирован Circuit Breaker
2026-08-05 01:23:12 - crawler - ERROR - Ошибка при обработке https://httpbin.org/status/500?seq=1938: CircuitBreakerOpenError - Домен httpbin.org заблокирован
2026-08-05 01:23:12 - crawler - INFO - fetch_url_with_meta вызван для https://httpbin.org/status/503?seq=1939
2026-08-05 01:23:12 - crawler - WARNING - Домен httpbin.org временно заблокирован Circuit Breaker
2026-08-05 01:23:12 - crawler - ERROR - Ошибка при обработке https://httpbin.org/status/503?seq=1939: CircuitBreakerOpenError - Домен httpbin.org заблокирован
2026-08-05 01:23:12 - crawler - INFO - fetch_url_with_meta вызван для https://httpbin.org/status/429?seq=1940
2026-08-05 01:23:12 - crawler - WARNING - Домен httpbin.org временно заблокирован Circuit Breaker
2026-08-05 01:23:12 - crawler - ERROR - Ошибка при обработке https://httpbin.org/status/429?seq=1940: CircuitBreakerOpenError - Домен httpbin.org заблокирован
2026-08-05 01:23:12 - crawler - INFO - fetch_url_with_meta вызван для https://httpbin.org/get?seq=1941
2026-08-05 01:23:12 - crawler - WARNING - Домен httpbin.org временно заблокирован Circuit Breaker
2026-08-05 01:23:12 - crawler - ERROR - Ошибка при обработке https://httpbin.org/get?seq=1941: CircuitBreakerOpenError - Домен httpbin.org заблокирован
2026-08-05 01:23:12 - crawler - INFO - fetch_url_with_meta вызван для https://httpbin.org/delay/1?seq=1942
2026-08-05 01:23:12 - crawler - WARNING - Домен httpbin.org временно заблокирован Circuit Breaker
2026-08-05 01:23:12 - crawler - ERROR - Ошибка при обработке https://httpbin.org/delay/1?seq=1942: CircuitBreakerOpenError - Домен httpbin.org заблокирован
2026-08-05 01:23:12 - crawler - INFO - fetch_url_with_meta вызван для https://httpbin.org/delay/2?seq=1943
2026-08-05 01:23:12 - crawler - WARNING - Домен httpbin.org временно заблокирован Circuit Breaker
2026-08-05 01:23:12 - crawler - ERROR - Ошибка при обработке https://httpbin.org/delay/2?seq=1943: CircuitBreakerOpenError - Домен httpbin.org заблокирован
2026-08-05 01:23:12 - crawler - INFO - fetch_url_with_meta вызван для https://httpbin.org/html?seq=1944
2026-08-05 01:23:12 - crawler - WARNING - Домен httpbin.org временно заблокирован Circuit Breaker
2026-08-05 01:23:12 - crawler - ERROR - Ошибка при обработке https://httpbin.org/html?seq=1944: CircuitBreakerOpenError - Домен httpbin.org заблокирован
2026-08-05 01:23:12 - crawler - INFO - fetch_url_with_meta вызван для https://httpbin.org/forms/post?seq=1945
2026-08-05 01:23:12 - crawler - WARNING - Домен httpbin.org временно заблокирован Circuit Breaker
2026-08-05 01:23:12 - crawler - ERROR - Ошибка при обработке https://httpbin.org/forms/post?seq=1945: CircuitBreakerOpenError - Домен httpbin.org заблокирован
2026-08-05 01:23:12 - crawler - INFO - fetch_url_with_meta вызван для https://httpbin.org/bytes/1024?seq=1946
2026-08-05 01:23:12 - crawler - WARNING - Домен httpbin.org временно заблокирован Circuit Breaker
2026-08-05 01:23:12 - crawler - ERROR - Ошибка при обработке https://httpbin.org/bytes/1024?seq=1946: CircuitBreakerOpenError - Домен httpbin.org заблокирован
2026-08-05 01:23:12 - crawler - INFO - fetch_url_with_meta вызван для https://httpbin.org/status/200?seq=1947
2026-08-05 01:23:12 - crawler - WARNING - Домен httpbin.org временно заблокирован Circuit Breaker
2026-08-05 01:23:12 - crawler - ERROR - Ошибка при обработке https://httpbin.org/status/200?seq=1947: CircuitBreakerOpenError - Домен httpbin.org заблокирован
2026-08-05 01:23:12 - crawler - INFO - fetch_url_with_meta вызван для https://httpbin.org/status/404?seq=1948
2026-08-05 01:23:12 - crawler - WARNING - Домен httpbin.org временно заблокирован Circuit Breaker
2026-08-05 01:23:12 - crawler - ERROR - Ошибка при обработке https://httpbin.org/status/404?seq=1948: CircuitBreakerOpenError - Домен httpbin.org заблокирован
2026-08-05 01:23:12 - crawler - INFO - fetch_url_with_meta вызван для https://httpbin.org/status/500?seq=1949
2026-08-05 01:23:12 - crawler - WARNING - Домен httpbin.org временно заблокирован Circuit Breaker
2026-08-05 01:23:12 - crawler - ERROR - Ошибка при обработке https://httpbin.org/status/500?seq=1949: CircuitBreakerOpenError - Домен httpbin.org заблокирован
2026-08-05 01:23:12 - crawler - INFO - fetch_url_with_meta вызван для https://httpbin.org/status/503?seq=1950
2026-08-05 01:23:12 - crawler - WARNING - Домен httpbin.org временно заблокирован Circuit Breaker
2026-08-05 01:23:12 - crawler - ERROR - Ошибка при обработке https://httpbin.org/status/503?seq=1950: CircuitBreakerOpenError - Домен httpbin.org заблокирован
2026-08-05 01:23:12 - crawler - INFO - fetch_url_with_meta вызван для https://httpbin.org/status/429?seq=1951
2026-08-05 01:23:12 - crawler - WARNING - Домен httpbin.org временно заблокирован Circuit Breaker
2026-08-05 01:23:12 - crawler - ERROR - Ошибка при обработке https://httpbin.org/status/429?seq=1951: CircuitBreakerOpenError - Домен httpbin.org заблокирован
2026-08-05 01:23:12 - crawler - INFO - fetch_url_with_meta вызван для https://httpbin.org/get?seq=1952
2026-08-05 01:23:12 - crawler - WARNING - Домен httpbin.org временно заблокирован Circuit Breaker
2026-08-05 01:23:12 - crawler - ERROR - Ошибка при обработке https://httpbin.org/get?seq=1952: CircuitBreakerOpenError - Домен httpbin.org заблокирован
2026-08-05 01:23:12 - crawler - INFO - fetch_url_with_meta вызван для https://httpbin.org/delay/1?seq=1953
2026-08-05 01:23:12 - crawler - WARNING - Домен httpbin.org временно заблокирован Circuit Breaker
2026-08-05 01:23:12 - crawler - ERROR - Ошибка при обработке https://httpbin.org/delay/1?seq=1953: CircuitBreakerOpenError - Домен httpbin.org заблокирован
2026-08-05 01:23:12 - crawler - INFO - fetch_url_with_meta вызван для https://httpbin.org/delay/2?seq=1954
2026-08-05 01:23:12 - crawler - WARNING - Домен httpbin.org временно заблокирован Circuit Breaker
2026-08-05 01:23:12 - crawler - ERROR - Ошибка при обработке https://httpbin.org/delay/2?seq=1954: CircuitBreakerOpenError - Домен httpbin.org заблокирован
2026-08-05 01:23:12 - crawler - INFO - fetch_url_with_meta вызван для https://httpbin.org/html?seq=1955
2026-08-05 01:23:12 - crawler - WARNING - Домен httpbin.org временно заблокирован Circuit Breaker
2026-08-05 01:23:12 - crawler - ERROR - Ошибка при обработке https://httpbin.org/html?seq=1955: CircuitBreakerOpenError - Домен httpbin.org заблокирован
2026-08-05 01:23:12 - crawler - INFO - fetch_url_with_meta вызван для https://httpbin.org/forms/post?seq=1956
2026-08-05 01:23:12 - crawler - WARNING - Домен httpbin.org временно заблокирован Circuit Breaker
2026-08-05 01:23:12 - crawler - ERROR - Ошибка при обработке https://httpbin.org/forms/post?seq=1956: CircuitBreakerOpenError - Домен httpbin.org заблокирован
2026-08-05 01:23:12 - crawler - INFO - fetch_url_with_meta вызван для https://httpbin.org/bytes/1024?seq=1957
2026-08-05 01:23:12 - crawler - WARNING - Домен httpbin.org временно заблокирован Circuit Breaker
2026-08-05 01:23:12 - crawler - ERROR - Ошибка при обработке https://httpbin.org/bytes/1024?seq=1957: CircuitBreakerOpenError - Домен httpbin.org заблокирован
2026-08-05 01:23:12 - crawler - INFO - fetch_url_with_meta вызван для https://httpbin.org/status/200?seq=1958
2026-08-05 01:23:12 - crawler - WARNING - Домен httpbin.org временно заблокирован Circuit Breaker
2026-08-05 01:23:12 - crawler - ERROR - Ошибка при обработке https://httpbin.org/status/200?seq=1958: CircuitBreakerOpenError - Домен httpbin.org заблокирован
2026-08-05 01:23:12 - crawler - INFO - fetch_url_with_meta вызван для https://httpbin.org/status/404?seq=1959
2026-08-05 01:23:12 - crawler - WARNING - Домен httpbin.org временно заблокирован Circuit Breaker
2026-08-05 01:23:12 - crawler - ERROR - Ошибка при обработке https://httpbin.org/status/404?seq=1959: CircuitBreakerOpenError - Домен httpbin.org заблокирован
2026-08-05 01:23:12 - crawler - INFO - fetch_url_with_meta вызван для https://httpbin.org/status/500?seq=1960
2026-08-05 01:23:12 - crawler - WARNING - Домен httpbin.org временно заблокирован Circuit Breaker
2026-08-05 01:23:12 - crawler - ERROR - Ошибка при обработке https://httpbin.org/status/500?seq=1960: CircuitBreakerOpenError - Домен httpbin.org заблокирован
2026-08-05 01:23:12 - crawler - INFO - fetch_url_with_meta вызван для https://httpbin.org/status/503?seq=1961
2026-08-05 01:23:12 - crawler - WARNING - Домен httpbin.org временно заблокирован Circuit Breaker
2026-08-05 01:23:12 - crawler - ERROR - Ошибка при обработке https://httpbin.org/status/503?seq=1961: CircuitBreakerOpenError - Домен httpbin.org заблокирован
2026-08-05 01:23:12 - crawler - INFO - fetch_url_with_meta вызван для https://httpbin.org/status/429?seq=1962
2026-08-05 01:23:12 - crawler - WARNING - Домен httpbin.org временно заблокирован Circuit Breaker
2026-08-05 01:23:12 - crawler - ERROR - Ошибка при обработке https://httpbin.org/status/429?seq=1962: CircuitBreakerOpenError - Домен httpbin.org заблокирован
2026-08-05 01:23:12 - crawler - INFO - fetch_url_with_meta вызван для https://httpbin.org/get?seq=1963
2026-08-05 01:23:12 - crawler - WARNING - Домен httpbin.org временно заблокирован Circuit Breaker
2026-08-05 01:23:12 - crawler - ERROR - Ошибка при обработке https://httpbin.org/get?seq=1963: CircuitBreakerOpenError - Домен httpbin.org заблокирован
2026-08-05 01:23:12 - crawler - INFO - fetch_url_with_meta вызван для https://httpbin.org/delay/1?seq=1964
2026-08-05 01:23:12 - crawler - WARNING - Домен httpbin.org временно заблокирован Circuit Breaker
2026-08-05 01:23:12 - crawler - ERROR - Ошибка при обработке https://httpbin.org/delay/1?seq=1964: CircuitBreakerOpenError - Домен httpbin.org заблокирован
2026-08-05 01:23:12 - crawler - INFO - fetch_url_with_meta вызван для https://httpbin.org/delay/2?seq=1965
2026-08-05 01:23:12 - crawler - WARNING - Домен httpbin.org временно заблокирован Circuit Breaker
2026-08-05 01:23:12 - crawler - ERROR - Ошибка при обработке https://httpbin.org/delay/2?seq=1965: CircuitBreakerOpenError - Домен httpbin.org заблокирован
2026-08-05 01:23:12 - crawler - INFO - fetch_url_with_meta вызван для https://httpbin.org/html?seq=1966
2026-08-05 01:23:12 - crawler - WARNING - Домен httpbin.org временно заблокирован Circuit Breaker
2026-08-05 01:23:12 - crawler - ERROR - Ошибка при обработке https://httpbin.org/html?seq=1966: CircuitBreakerOpenError - Домен httpbin.org заблокирован
2026-08-05 01:23:12 - crawler - INFO - fetch_url_with_meta вызван для https://httpbin.org/forms/post?seq=1967
2026-08-05 01:23:12 - crawler - WARNING - Домен httpbin.org временно заблокирован Circuit Breaker
2026-08-05 01:23:12 - crawler - ERROR - Ошибка при обработке https://httpbin.org/forms/post?seq=1967: CircuitBreakerOpenError - Домен httpbin.org заблокирован
2026-08-05 01:23:12 - crawler - INFO - fetch_url_with_meta вызван для https://httpbin.org/bytes/1024?seq=1968
2026-08-05 01:23:12 - crawler - WARNING - Домен httpbin.org временно заблокирован Circuit Breaker
2026-08-05 01:23:12 - crawler - ERROR - Ошибка при обработке https://httpbin.org/bytes/1024?seq=1968: CircuitBreakerOpenError - Домен httpbin.org заблокирован
2026-08-05 01:23:12 - crawler - INFO - fetch_url_with_meta вызван для https://httpbin.org/status/200?seq=1969
2026-08-05 01:23:12 - crawler - WARNING - Домен httpbin.org временно заблокирован Circuit Breaker
2026-08-05 01:23:12 - crawler - ERROR - Ошибка при обработке https://httpbin.org/status/200?seq=1969: CircuitBreakerOpenError - Домен httpbin.org заблокирован
2026-08-05 01:23:12 - crawler - INFO - fetch_url_with_meta вызван для https://httpbin.org/status/404?seq=1970
2026-08-05 01:23:12 - crawler - WARNING - Домен httpbin.org временно заблокирован Circuit Breaker
2026-08-05 01:23:12 - crawler - ERROR - Ошибка при обработке https://httpbin.org/status/404?seq=1970: CircuitBreakerOpenError - Домен httpbin.org заблокирован
2026-08-05 01:23:12 - crawler - INFO - fetch_url_with_meta вызван для https://httpbin.org/status/500?seq=1971
2026-08-05 01:23:12 - crawler - WARNING - Домен httpbin.org временно заблокирован Circuit Breaker
2026-08-05 01:23:12 - crawler - ERROR - Ошибка при обработке https://httpbin.org/status/500?seq=1971: CircuitBreakerOpenError - Домен httpbin.org заблокирован
2026-08-05 01:23:12 - crawler - INFO - fetch_url_with_meta вызван для https://httpbin.org/status/503?seq=1972
2026-08-05 01:23:12 - crawler - WARNING - Домен httpbin.org временно заблокирован Circuit Breaker
2026-08-05 01:23:12 - crawler - ERROR - Ошибка при обработке https://httpbin.org/status/503?seq=1972: CircuitBreakerOpenError - Домен httpbin.org заблокирован
2026-08-05 01:23:12 - crawler - INFO - fetch_url_with_meta вызван для https://httpbin.org/status/429?seq=1973
2026-08-05 01:23:12 - crawler - WARNING - Домен httpbin.org временно заблокирован Circuit Breaker
2026-08-05 01:23:12 - crawler - ERROR - Ошибка при обработке https://httpbin.org/status/429?seq=1973: CircuitBreakerOpenError - Домен httpbin.org заблокирован
2026-08-05 01:23:12 - crawler - INFO - fetch_url_with_meta вызван для https://httpbin.org/get?seq=1974
2026-08-05 01:23:12 - crawler - WARNING - Домен httpbin.org временно заблокирован Circuit Breaker
2026-08-05 01:23:12 - crawler - ERROR - Ошибка при обработке https://httpbin.org/get?seq=1974: CircuitBreakerOpenError - Домен httpbin.org заблокирован
2026-08-05 01:23:12 - crawler - INFO - fetch_url_with_meta вызван для https://httpbin.org/delay/1?seq=1975
2026-08-05 01:23:12 - crawler - WARNING - Домен httpbin.org временно заблокирован Circuit Breaker
2026-08-05 01:23:12 - crawler - ERROR - Ошибка при обработке https://httpbin.org/delay/1?seq=1975: CircuitBreakerOpenError - Домен httpbin.org заблокирован
2026-08-05 01:23:12 - crawler - INFO - fetch_url_with_meta вызван для https://httpbin.org/delay/2?seq=1976
2026-08-05 01:23:12 - crawler - WARNING - Домен httpbin.org временно заблокирован Circuit Breaker
2026-08-05 01:23:12 - crawler - ERROR - Ошибка при обработке https://httpbin.org/delay/2?seq=1976: CircuitBreakerOpenError - Домен httpbin.org заблокирован
2026-08-05 01:23:12 - crawler - INFO - fetch_url_with_meta вызван для https://httpbin.org/html?seq=1977
2026-08-05 01:23:12 - crawler - WARNING - Домен httpbin.org временно заблокирован Circuit Breaker
2026-08-05 01:23:12 - crawler - ERROR - Ошибка при обработке https://httpbin.org/html?seq=1977: CircuitBreakerOpenError - Домен httpbin.org заблокирован
2026-08-05 01:23:12 - crawler - INFO - fetch_url_with_meta вызван для https://httpbin.org/forms/post?seq=1978
2026-08-05 01:23:12 - crawler - WARNING - Домен httpbin.org временно заблокирован Circuit Breaker
2026-08-05 01:23:12 - crawler - ERROR - Ошибка при обработке https://httpbin.org/forms/post?seq=1978: CircuitBreakerOpenError - Домен httpbin.org заблокирован
2026-08-05 01:23:12 - crawler - INFO - fetch_url_with_meta вызван для https://httpbin.org/bytes/1024?seq=1979
2026-08-05 01:23:12 - crawler - WARNING - Домен httpbin.org временно заблокирован Circuit Breaker
2026-08-05 01:23:12 - crawler - ERROR - Ошибка при обработке https://httpbin.org/bytes/1024?seq=1979: CircuitBreakerOpenError - Домен httpbin.org заблокирован
2026-08-05 01:23:12 - crawler - INFO - fetch_url_with_meta вызван для https://httpbin.org/status/200?seq=1980
2026-08-05 01:23:12 - crawler - WARNING - Домен httpbin.org временно заблокирован Circuit Breaker
2026-08-05 01:23:12 - crawler - ERROR - Ошибка при обработке https://httpbin.org/status/200?seq=1980: CircuitBreakerOpenError - Домен httpbin.org заблокирован
2026-08-05 01:23:12 - crawler - INFO - fetch_url_with_meta вызван для https://httpbin.org/status/404?seq=1981
2026-08-05 01:23:12 - crawler - WARNING - Домен httpbin.org временно заблокирован Circuit Breaker
2026-08-05 01:23:12 - crawler - ERROR - Ошибка при обработке https://httpbin.org/status/404?seq=1981: CircuitBreakerOpenError - Домен httpbin.org заблокирован
2026-08-05 01:23:12 - crawler - INFO - fetch_url_with_meta вызван для https://httpbin.org/status/500?seq=1982
2026-08-05 01:23:12 - crawler - WARNING - Домен httpbin.org временно заблокирован Circuit Breaker
2026-08-05 01:23:12 - crawler - ERROR - Ошибка при обработке https://httpbin.org/status/500?seq=1982: CircuitBreakerOpenError - Домен httpbin.org заблокирован
2026-08-05 01:23:12 - crawler - INFO - fetch_url_with_meta вызван для https://httpbin.org/status/503?seq=1983
2026-08-05 01:23:12 - crawler - WARNING - Домен httpbin.org временно заблокирован Circuit Breaker
2026-08-05 01:23:12 - crawler - ERROR - Ошибка при обработке https://httpbin.org/status/503?seq=1983: CircuitBreakerOpenError - Домен httpbin.org заблокирован
2026-08-05 01:23:12 - crawler - INFO - fetch_url_with_meta вызван для https://httpbin.org/status/429?seq=1984
2026-08-05 01:23:12 - crawler - WARNING - Домен httpbin.org временно заблокирован Circuit Breaker
2026-08-05 01:23:12 - crawler - ERROR - Ошибка при обработке https://httpbin.org/status/429?seq=1984: CircuitBreakerOpenError - Домен httpbin.org заблокирован
2026-08-05 01:23:12 - crawler - INFO - fetch_url_with_meta вызван для https://httpbin.org/get?seq=1985
2026-08-05 01:23:13 - crawler - WARNING - Домен httpbin.org временно заблокирован Circuit Breaker
2026-08-05 01:23:13 - crawler - ERROR - Ошибка при обработке https://httpbin.org/get?seq=1985: CircuitBreakerOpenError - Домен httpbin.org заблокирован
2026-08-05 01:23:13 - crawler - INFO - fetch_url_with_meta вызван для https://httpbin.org/delay/1?seq=1986
2026-08-05 01:23:13 - crawler - WARNING - Домен httpbin.org временно заблокирован Circuit Breaker
2026-08-05 01:23:13 - crawler - ERROR - Ошибка при обработке https://httpbin.org/delay/1?seq=1986: CircuitBreakerOpenError - Домен httpbin.org заблокирован
2026-08-05 01:23:13 - crawler - INFO - fetch_url_with_meta вызван для https://httpbin.org/delay/2?seq=1987
2026-08-05 01:23:13 - crawler - WARNING - Домен httpbin.org временно заблокирован Circuit Breaker
2026-08-05 01:23:13 - crawler - ERROR - Ошибка при обработке https://httpbin.org/delay/2?seq=1987: CircuitBreakerOpenError - Домен httpbin.org заблокирован
2026-08-05 01:23:13 - crawler - INFO - fetch_url_with_meta вызван для https://httpbin.org/html?seq=1988
2026-08-05 01:23:13 - crawler - WARNING - Домен httpbin.org временно заблокирован Circuit Breaker
2026-08-05 01:23:13 - crawler - ERROR - Ошибка при обработке https://httpbin.org/html?seq=1988: CircuitBreakerOpenError - Домен httpbin.org заблокирован
2026-08-05 01:23:13 - crawler - INFO - fetch_url_with_meta вызван для https://httpbin.org/forms/post?seq=1989
2026-08-05 01:23:13 - crawler - WARNING - Домен httpbin.org временно заблокирован Circuit Breaker
2026-08-05 01:23:13 - crawler - ERROR - Ошибка при обработке https://httpbin.org/forms/post?seq=1989: CircuitBreakerOpenError - Домен httpbin.org заблокирован
2026-08-05 01:23:13 - crawler - INFO - fetch_url_with_meta вызван для https://httpbin.org/bytes/1024?seq=1990
2026-08-05 01:23:13 - crawler - WARNING - Домен httpbin.org временно заблокирован Circuit Breaker
2026-08-05 01:23:13 - crawler - ERROR - Ошибка при обработке https://httpbin.org/bytes/1024?seq=1990: CircuitBreakerOpenError - Домен httpbin.org заблокирован
2026-08-05 01:23:13 - crawler - INFO - fetch_url_with_meta вызван для https://httpbin.org/status/200?seq=1991
2026-08-05 01:23:13 - crawler - WARNING - Домен httpbin.org временно заблокирован Circuit Breaker
2026-08-05 01:23:13 - crawler - ERROR - Ошибка при обработке https://httpbin.org/status/200?seq=1991: CircuitBreakerOpenError - Домен httpbin.org заблокирован
2026-08-05 01:23:13 - crawler - INFO - fetch_url_with_meta вызван для https://httpbin.org/status/404?seq=1992
2026-08-05 01:23:13 - crawler - WARNING - Домен httpbin.org временно заблокирован Circuit Breaker
2026-08-05 01:23:13 - crawler - ERROR - Ошибка при обработке https://httpbin.org/status/404?seq=1992: CircuitBreakerOpenError - Домен httpbin.org заблокирован
2026-08-05 01:23:13 - crawler - INFO - fetch_url_with_meta вызван для https://httpbin.org/status/500?seq=1993
2026-08-05 01:23:13 - crawler - WARNING - Домен httpbin.org временно заблокирован Circuit Breaker
2026-08-05 01:23:13 - crawler - ERROR - Ошибка при обработке https://httpbin.org/status/500?seq=1993: CircuitBreakerOpenError - Домен httpbin.org заблокирован
2026-08-05 01:23:13 - crawler - INFO - fetch_url_with_meta вызван для https://httpbin.org/status/503?seq=1994
2026-08-05 01:23:13 - crawler - WARNING - Домен httpbin.org временно заблокирован Circuit Breaker
2026-08-05 01:23:13 - crawler - ERROR - Ошибка при обработке https://httpbin.org/status/503?seq=1994: CircuitBreakerOpenError - Домен httpbin.org заблокирован
2026-08-05 01:23:13 - crawler - INFO - fetch_url_with_meta вызван для https://httpbin.org/status/429?seq=1995
2026-08-05 01:23:13 - crawler - WARNING - Домен httpbin.org временно заблокирован Circuit Breaker
2026-08-05 01:23:13 - crawler - ERROR - Ошибка при обработке https://httpbin.org/status/429?seq=1995: CircuitBreakerOpenError - Домен httpbin.org заблокирован
2026-08-05 01:23:13 - crawler - INFO - fetch_url_with_meta вызван для https://httpbin.org/get?seq=1996
2026-08-05 01:23:13 - crawler - WARNING - Домен httpbin.org временно заблокирован Circuit Breaker
2026-08-05 01:23:13 - crawler - ERROR - Ошибка при обработке https://httpbin.org/get?seq=1996: CircuitBreakerOpenError - Домен httpbin.org заблокирован
2026-08-05 01:23:13 - crawler - INFO - fetch_url_with_meta вызван для https://httpbin.org/delay/1?seq=1997
2026-08-05 01:23:13 - crawler - WARNING - Домен httpbin.org временно заблокирован Circuit Breaker
2026-08-05 01:23:13 - crawler - ERROR - Ошибка при обработке https://httpbin.org/delay/1?seq=1997: CircuitBreakerOpenError - Домен httpbin.org заблокирован
2026-08-05 01:23:13 - crawler - INFO - fetch_url_with_meta вызван для https://httpbin.org/delay/2?seq=1998
2026-08-05 01:23:13 - crawler - WARNING - Домен httpbin.org временно заблокирован Circuit Breaker
2026-08-05 01:23:13 - crawler - ERROR - Ошибка при обработке https://httpbin.org/delay/2?seq=1998: CircuitBreakerOpenError - Домен httpbin.org заблокирован
2026-08-05 01:23:13 - crawler - INFO - fetch_url_with_meta вызван для https://httpbin.org/html?seq=1999
2026-08-05 01:23:13 - crawler - WARNING - Домен httpbin.org временно заблокирован Circuit Breaker
2026-08-05 01:23:13 - crawler - ERROR - Ошибка при обработке https://httpbin.org/html?seq=1999: CircuitBreakerOpenError - Домен httpbin.org заблокирован
2026-08-05 01:23:17 - crawler - INFO - Start: https://httpbin.org/delay/1?seq=17 (User-Agent: MyCrawler/2.0)
2026-08-05 01:23:18 - crawler - INFO - Успешно загружена: https://httpbin.org/delay/1?seq=17 (размер: 380 байт, время: 1.78 с)
2026-08-05 01:23:19 - crawler - INFO - Сессия закрыта
